$ make verify   # after the interrupted forced run; started 2026-10-05T07:08:16Z
./scripts/verify --lint-only
All checks passed!
python3 -m compileall -q src scripts tests
./scripts/verify --typecheck-only
Success: no issues found in 430 source files
python3 scripts/check-structure.py
check-structure: 151 modules, 7 tiers, no upward imports and no cycles
PYTHONPATH=src python3 -m unittest discover -s tests -v
test_both_commands_send_the_agent_to_the_factory_and_to_the_user (test_add_commands.AddCommandsTest.test_both_commands_send_the_agent_to_the_factory_and_to_the_user) ... created: /tmp/tmpn058lko0/grown
created: /tmp/tmplfp_eb1k/grown
ok
test_the_commands_list_what_is_there_after_an_application_is_added (test_add_commands.AddCommandsTest.test_the_commands_list_what_is_there_after_an_application_is_added)
Both files name the applications, so they are among the files the list drives — `add-service` ... created: /tmp/tmpyt7hs5_v/regrown
ok
test_a_project_with_nowhere_to_deploy_is_not_told_a_push_is_a_release (test_add_commands.CatchUpCommandTest.test_a_project_with_nowhere_to_deploy_is_not_told_a_push_is_a_release) ... created: /tmp/tmp7z8vc8hq/local-catch-up
ok
test_the_command_points_at_the_code_index_when_the_project_has_one (test_add_commands.CatchUpCommandTest.test_the_command_points_at_the_code_index_when_the_project_has_one)
`./init --extension codegraph` indexes the project and appends a block to `AGENTS.md` telling an ... created: /tmp/tmp6f0yjifo/indexed
ok
test_the_command_sends_the_agent_to_the_factory_and_names_the_three_answers (test_add_commands.CatchUpCommandTest.test_the_command_sends_the_agent_to_the_factory_and_names_the_three_answers)
A failing gate after a migration is one of three things and the response differs for each, so ... created: /tmp/tmp5l2dxxht/caught-up
ok
test_a_project_gains_a_first_and_a_second_browser_app_and_passes_its_gate (test_add_service.AddServiceTest.test_a_project_gains_a_first_and_a_second_browser_app_and_passes_its_gate)
A Go project generated with no frontend gets one; a TypeScript project with one gets a second, ... created: /tmp/tmpfivmg_67/headless
npm ci

added 154 packages, and audited 157 packages in 2s

33 packages are looking for funding
  run `npm fund` for details

6 high severity vulnerabilities

To address all issues (including breaking changes), run:
  npm audit fix --force

Run `npm audit` for details.

> @packages/api-client@0.1.0 build
> openapi-typescript ../../apps/service/openapi.yaml --output src/schema.ts

✨ openapi-typescript 6.7.6
🚀 ../../apps/service/openapi.yaml → file:///tmp/tmpfivmg_67/headless/packages/api-client/src/schema.ts [16ms]
test -z "$(gofmt -l apps/service)"
cd apps/service && go vet ./...
cd apps/service && go tool staticcheck ./...
npm --workspace apps/web run lint

> headless-web@0.1.0 lint
> biome check --error-on-warnings

Checked 14 files in 6ms. No fixes applied.
cd apps/service && go test -run '^$' ./...
ok  	example.com/headless/service/adapters/driven/checkpointstorememory	0.002s [no tests to run]
?   	example.com/headless/service/adapters/driven/checkpointstorepostgres	[no test files]
ok  	example.com/headless/service/adapters/driven/eventstorememory	0.001s [no tests to run]
?   	example.com/headless/service/adapters/driven/eventstorepostgres	[no test files]
ok  	example.com/headless/service/adapters/driving/http	0.002s [no tests to run]
?   	example.com/headless/service/application/ports/events	[no test files]
?   	example.com/headless/service/application/ports/readmodels	[no test files]
?   	example.com/headless/service/checkpointstorecontract	[no test files]
ok  	example.com/headless/service/cmd/migrate	0.002s [no tests to run]
?   	example.com/headless/service/cmd/serve	[no test files]
ok  	example.com/headless/service/config	0.002s [no tests to run]
?   	example.com/headless/service/eventstorecontract	[no test files]
ok  	example.com/headless/service/health	0.001s [no tests to run]
?   	example.com/headless/service/migrations	[no test files]
ok  	example.com/headless/service/observability	0.003s [no tests to run]
ok  	example.com/headless/service/projections	0.001s [no tests to run]
npm --workspace apps/web run typecheck

> headless-web@0.1.0 typecheck
> tsc --noEmit -p tsconfig.json

python3 scripts/check-imports.py
check-imports: inward dependency rule holds (92 directory entries read)
python3 scripts/check-migrations.py
check-migrations: every migration is additive, or a marked contraction of an earlier one; Go migrate images embed their .sql files (92 directory entries read)
python3 scripts/check-slice-scope.py
check-slice-scope: on `main`, not a `slice/<id>` branch — nothing to hold
python3 scripts/extensions/project.py --check
check-extensions: no extension elected; nothing to project
python3 scripts/agents/project.py --check
check-agents: not initialized; no projections expected yet
python3 scripts/agents/models.py --check && python3 scripts/agents/drive.py --check && python3 scripts/agents/cruise.py --check
check-models: .specify/models.json names 17 stage(s) and 6 harness(es)
check-drive: .specify/drive.json delegates per story and cycles per rule
check-cruise: .specify/cruise.json is well-formed; /cruise is not enabled
python3 scripts/check-speckit.py
check-speckit: not initialized; nothing managed yet, 1 preset(s) valid
python3 scripts/check-codegraph.py
check-codegraph: no .codegraph/ — this project carries no code index; nothing to check
python3 scripts/check-ux-gates.py
check-ux-gates: not adopted (./init --extension ux-gates); nothing to check
python3 scripts/check-constitution.py
check-constitution: no constitution ratified yet; run /speckit-constitution (scripts/check-constitution.py --requirements prints what it must cover)
python3 scripts/test_benchmark.py && python3 scripts/agents/benchmark.py check
check-benchmark: 2 boundary and rendering checks pass
check-benchmark: no record and no done slice yet — nothing to hold
python3 scripts/check-decisions.py
check-decisions: no decisions.md or demo-log.md under specs/ — nothing recorded yet
go tool covdata percent -i=. >/dev/null 2>&1 || true
cd apps/service && go test -coverpkg=./... -coverprofile=coverage.out ./...
ok  	example.com/headless/service/adapters/driven/checkpointstorememory	0.006s	coverage: 16.0% of statements in ./...
	example.com/headless/service/adapters/driven/checkpointstorepostgres		coverage: 0.0% of statements
ok  	example.com/headless/service/adapters/driven/eventstorememory	0.004s	coverage: 40.5% of statements in ./...
	example.com/headless/service/adapters/driven/eventstorepostgres		coverage: 0.0% of statements
ok  	example.com/headless/service/adapters/driving/http	0.005s	coverage: 4.6% of statements in ./...
	example.com/headless/service/application/ports/events		coverage: 0.0% of statements
?   	example.com/headless/service/application/ports/readmodels	[no test files]
	example.com/headless/service/checkpointstorecontract		coverage: 0.0% of statements
ok  	example.com/headless/service/cmd/migrate	0.005s	coverage: 0.5% of statements in ./...
	example.com/headless/service/cmd/serve		coverage: 0.0% of statements
ok  	example.com/headless/service/config	0.006s	coverage: 2.0% of statements in ./...
	example.com/headless/service/eventstorecontract		coverage: 0.0% of statements
ok  	example.com/headless/service/health	0.007s	coverage: 0.1% of statements in ./...
?   	example.com/headless/service/migrations	[no test files]
ok  	example.com/headless/service/observability	0.004s	coverage: 1.5% of statements in ./...
ok  	example.com/headless/service/projections	0.964s	coverage: 10.9% of statements in ./...
python3 scripts/go-coverage.py apps/service 70
  example.com/headless/service/adapters/driven/checkpointstorememory     100.0%  (11/11 statements)
  example.com/headless/service/adapters/driven/eventstorememory           98.8%  (167/169 statements)
  example.com/headless/service/adapters/driving/http                      94.2%  (81/86 statements)
  example.com/headless/service/application/ports/events                   96.4%  (27/28 statements)
  example.com/headless/service/checkpointstorecontract                    86.9%  (186/214 statements)
  example.com/headless/service/config                                     94.6%  (35/37 statements)
  example.com/headless/service/eventstorecontract                         86.3%  (536/621 statements)
  example.com/headless/service/health                                    100.0%  (1/1 statements)
  example.com/headless/service/observability                              89.7%  (26/29 statements)
  example.com/headless/service/projections                                91.5%  (86/94 statements)
  example.com/headless/service/adapters/driven/checkpointstorepostgres  not counted: tests run under make test-integration
  example.com/headless/service/adapters/driven/eventstorepostgres       not counted: tests run under make test-integration
  example.com/headless/service/cmd/migrate                              not counted: entry point
  example.com/headless/service/cmd/serve                                not counted: entry point
coverage: 89.6% of 1290 statements, at or above the 70% minimum
npm --workspace apps/web test

> headless-web@0.1.0 test
> vitest run


 RUN  v4.1.11 /tmp/tmpfivmg_67/headless/apps/web


 Test Files  3 passed (3)
      Tests  11 passed (11)
   Start at  02:08:28
   Duration  928ms (transform 122ms, setup 286ms, import 124ms, tests 271ms, environment 1.47s)

python3 scripts/check-styles.py
check-styles: 1 web app(s), no :root custom property has two imported owners
python3 scripts/event-model/check.py
check-model: valid
npm --prefix scripts/event-model ci --no-audit --no-fund --loglevel=error

added 5 packages in 313ms
node scripts/event-model/node_modules/tsx/dist/cli.mjs scripts/event-model/render-drawio.ts --check
check-drawio: docs/event-model/model.yaml has no slices yet — nothing to check.

verify: all gates passed
created: /tmp/tmpfivmg_67/two-screens
npm ci

added 247 packages, and audited 253 packages in 2s

66 packages are looking for funding
  run `npm fund` for details

7 high severity vulnerabilities

To address all issues (including breaking changes), run:
  npm audit fix --force

Run `npm audit` for details.

> @packages/api-client@0.1.0 build
> openapi-typescript ../../apps/service/openapi.json --output src/schema.ts

✨ openapi-typescript 6.7.6
🚀 ../../apps/service/openapi.json → file:///tmp/tmpfivmg_67/two-screens/packages/api-client/src/schema.ts [12ms]
npm --workspace apps/service run lint

> two-screens-service@0.1.0 lint
> biome check --error-on-warnings

Checked 28 files in 19ms. No fixes applied.
npm --workspace apps/payments run lint

> two-screens-payments@0.1.0 lint
> biome check --error-on-warnings

Checked 28 files in 19ms. No fixes applied.
npm --workspace apps/web run lint

> two-screens-web@0.1.0 lint
> biome check --error-on-warnings

Checked 14 files in 5ms. No fixes applied.
npm --workspace apps/admin run lint

> two-screens-admin@0.1.0 lint
> biome check --error-on-warnings

Checked 14 files in 6ms. No fixes applied.
npm --workspace apps/service run typecheck

> two-screens-service@0.1.0 typecheck
> tsc --noEmit

npm --workspace apps/payments run typecheck

> two-screens-payments@0.1.0 typecheck
> tsc --noEmit

npm --workspace apps/web run typecheck

> two-screens-web@0.1.0 typecheck
> tsc --noEmit -p tsconfig.json

npm --workspace apps/admin run typecheck

> two-screens-admin@0.1.0 typecheck
> tsc --noEmit -p tsconfig.json

python3 scripts/check-imports.py
check-imports: inward dependency rule holds (132 directory entries read)
python3 scripts/check-migrations.py
check-migrations: every migration is additive, or a marked contraction of an earlier one; Go migrate images embed their .sql files (132 directory entries read)
python3 scripts/check-slice-scope.py
check-slice-scope: on `main`, not a `slice/<id>` branch — nothing to hold
python3 scripts/extensions/project.py --check
check-extensions: no extension elected; nothing to project
python3 scripts/agents/project.py --check
check-agents: not initialized; no projections expected yet
python3 scripts/agents/models.py --check && python3 scripts/agents/drive.py --check && python3 scripts/agents/cruise.py --check
check-models: .specify/models.json names 17 stage(s) and 6 harness(es)
check-drive: .specify/drive.json delegates per story and cycles per rule
check-cruise: .specify/cruise.json is well-formed; /cruise is not enabled
python3 scripts/check-speckit.py
check-speckit: not initialized; nothing managed yet, 1 preset(s) valid
python3 scripts/check-codegraph.py
check-codegraph: no .codegraph/ — this project carries no code index; nothing to check
python3 scripts/check-ux-gates.py
check-ux-gates: not adopted (./init --extension ux-gates); nothing to check
python3 scripts/check-constitution.py
check-constitution: no constitution ratified yet; run /speckit-constitution (scripts/check-constitution.py --requirements prints what it must cover)
python3 scripts/test_benchmark.py && python3 scripts/agents/benchmark.py check
check-benchmark: 2 boundary and rendering checks pass
check-benchmark: no record and no done slice yet — nothing to hold
python3 scripts/check-decisions.py
check-decisions: no decisions.md or demo-log.md under specs/ — nothing recorded yet
npm --workspace apps/service test

> two-screens-service@0.1.0 test
> vitest run


 RUN  v4.1.11 /tmp/tmpfivmg_67/two-screens/apps/service

(node:1368500) ExperimentalWarning: SQLite is an experimental feature and might change at any time
(Use `node --trace-warnings ...` to show where the warning was created)
(node:1368503) ExperimentalWarning: SQLite is an experimental feature and might change at any time
(Use `node --trace-warnings ...` to show where the warning was created)

 Test Files  9 passed (9)
      Tests  129 passed (129)
   Start at  02:08:39
   Duration  829ms (transform 570ms, setup 0ms, import 1.52s, tests 647ms, environment 1ms)

npm --workspace apps/payments test

> two-screens-payments@0.1.0 test
> vitest run


 RUN  v4.1.11 /tmp/tmpfivmg_67/two-screens/apps/payments

(node:1368644) ExperimentalWarning: SQLite is an experimental feature and might change at any time
(Use `node --trace-warnings ...` to show where the warning was created)
(node:1368641) ExperimentalWarning: SQLite is an experimental feature and might change at any time
(Use `node --trace-warnings ...` to show where the warning was created)

 Test Files  9 passed (9)
      Tests  129 passed (129)
   Start at  02:08:40
   Duration  831ms (transform 584ms, setup 0ms, import 1.40s, tests 620ms, environment 1ms)

npm --workspace apps/web test

> two-screens-web@0.1.0 test
> vitest run


 RUN  v4.1.11 /tmp/tmpfivmg_67/two-screens/apps/web


 Test Files  3 passed (3)
      Tests  11 passed (11)
   Start at  02:08:42
   Duration  927ms (transform 88ms, setup 268ms, import 125ms, tests 266ms, environment 1.45s)

npm --workspace apps/admin test

> two-screens-admin@0.1.0 test
> vitest run


 RUN  v4.1.11 /tmp/tmpfivmg_67/two-screens/apps/admin


 Test Files  3 passed (3)
      Tests  11 passed (11)
   Start at  02:08:43
   Duration  937ms (transform 89ms, setup 259ms, import 130ms, tests 277ms, environment 1.49s)

python3 scripts/check-styles.py
check-styles: 2 web app(s), no :root custom property has two imported owners
python3 scripts/event-model/check.py
check-model: valid
npm --prefix scripts/event-model ci --no-audit --no-fund --loglevel=error

added 5 packages in 305ms
node scripts/event-model/node_modules/tsx/dist/cli.mjs scripts/event-model/render-drawio.ts --check
check-drawio: docs/event-model/model.yaml has no slices yet — nothing to check.

verify: all gates passed
ok
test_a_project_with_an_added_service_passes_its_own_gate (test_add_service.AddServiceTest.test_a_project_with_an_added_service_passes_its_own_gate)
Three shapes: a Python service beside a TypeScript one (two toolchains, two verify scripts, one ... created: /tmp/tmp0_4yhu4x/grown-0
npm ci

added 276 packages, and audited 280 packages in 2s

74 packages are looking for funding
  run `npm fund` for details

7 high severity vulnerabilities

To address all issues (including breaking changes), run:
  npm audit fix --force

Run `npm audit` for details.

> @packages/api-client@0.1.0 build
> openapi-typescript ../../apps/service/openapi.json --output src/schema.ts

✨ openapi-typescript 6.7.6
🚀 ../../apps/service/openapi.json → file:///tmp/tmp0_4yhu4x/grown-0/packages/api-client/src/schema.ts [18ms]
./scripts/verify-python --install-only
npm --workspace apps/service run lint

> grown-0-service@0.1.0 lint
> biome check --error-on-warnings

Checked 33 files in 25ms. No fixes applied.
./scripts/verify-python --lint-only --synced
All checks passed!
31 files already formatted
npm --workspace apps/web run lint

> grown-0-web@0.1.0 lint
> biome check --error-on-warnings

Checked 14 files in 5ms. No fixes applied.
npm --workspace apps/service run typecheck

> grown-0-service@0.1.0 typecheck
> tsc --noEmit

./scripts/verify-python --typecheck-only --synced
Success: no issues found in 29 source files
npm --workspace apps/web run typecheck

> grown-0-web@0.1.0 typecheck
> tsc --noEmit -p tsconfig.json

python3 scripts/check-imports.py
check-imports: inward dependency rule holds (154 directory entries read)
python3 scripts/check-migrations.py
check-migrations: every migration is additive, or a marked contraction of an earlier one; Go migrate images embed their .sql files (154 directory entries read)
python3 scripts/check-slice-scope.py
check-slice-scope: on `main`, not a `slice/<id>` branch — nothing to hold
python3 scripts/extensions/project.py --check
check-extensions: no extension elected; nothing to project
python3 scripts/agents/project.py --check
check-agents: not initialized; no projections expected yet
python3 scripts/agents/models.py --check && python3 scripts/agents/drive.py --check && python3 scripts/agents/cruise.py --check
check-models: .specify/models.json names 17 stage(s) and 6 harness(es)
check-drive: .specify/drive.json delegates per story and cycles per rule
check-cruise: .specify/cruise.json is well-formed; /cruise is not enabled
python3 scripts/check-speckit.py
check-speckit: not initialized; nothing managed yet, 1 preset(s) valid
python3 scripts/check-codegraph.py
check-codegraph: no .codegraph/ — this project carries no code index; nothing to check
python3 scripts/check-ux-gates.py
check-ux-gates: not adopted (./init --extension ux-gates); nothing to check
python3 scripts/check-constitution.py
check-constitution: no constitution ratified yet; run /speckit-constitution (scripts/check-constitution.py --requirements prints what it must cover)
python3 scripts/test_benchmark.py && python3 scripts/agents/benchmark.py check
check-benchmark: 2 boundary and rendering checks pass
check-benchmark: no record and no done slice yet — nothing to hold
python3 scripts/check-decisions.py
check-decisions: no decisions.md or demo-log.md under specs/ — nothing recorded yet
npm --workspace apps/service test

> grown-0-service@0.1.0 test
> vitest run


 RUN  v4.1.11 /tmp/tmp0_4yhu4x/grown-0/apps/service


 Test Files  7 passed (7)
      Tests  86 passed (86)
   Start at  02:08:58
   Duration  774ms (transform 344ms, setup 0ms, import 1.02s, tests 556ms, environment 1ms)

./scripts/verify-python --test-only --synced
============================= test session starts ==============================
platform linux -- Python 3.14.4, pytest-9.1.1, pluggy-1.6.0
rootdir: /tmp/tmp0_4yhu4x/grown-0/apps/payments
configfile: pyproject.toml
plugins: xdist-3.8.0, anyio-4.15.1
created: 4/4 workers
4 workers [87 items]

........................................................................ [ 82%]
...............                                                          [100%]
=============================== warnings summary ===============================
apps/payments/.venv/lib/python3.14/site-packages/fastapi/testclient.py:1
apps/payments/.venv/lib/python3.14/site-packages/fastapi/testclient.py:1
apps/payments/.venv/lib/python3.14/site-packages/fastapi/testclient.py:1
apps/payments/.venv/lib/python3.14/site-packages/fastapi/testclient.py:1
  /tmp/tmp0_4yhu4x/grown-0/apps/payments/.venv/lib/python3.14/site-packages/fastapi/testclient.py:1: StarletteDeprecationWarning: Using `httpx` with `starlette.testclient` is deprecated; install `httpx2` instead.
    from starlette.testclient import TestClient as TestClient  # noqa

apps/payments/.venv/lib/python3.14/site-packages/starlette/testclient.py:53
apps/payments/.venv/lib/python3.14/site-packages/starlette/testclient.py:53
apps/payments/.venv/lib/python3.14/site-packages/starlette/testclient.py:53
apps/payments/.venv/lib/python3.14/site-packages/starlette/testclient.py:53
  /tmp/tmp0_4yhu4x/grown-0/apps/payments/.venv/lib/python3.14/site-packages/starlette/testclient.py:53: DeprecationWarning: The anyio.abc.BlockingPortal alias is deprecated, use anyio.from_thread.BlockingPortal instead.
    _PortalFactoryType = Callable[[], AbstractContextManager[anyio.abc.BlockingPortal]]

-- Docs: https://docs.pytest.org/en/stable/how-to/capture-warnings.html
======================== 87 passed, 8 warnings in 1.39s ========================
npm --workspace apps/web test

> grown-0-web@0.1.0 test
> vitest run


 RUN  v4.1.11 /tmp/tmp0_4yhu4x/grown-0/apps/web


 Test Files  3 passed (3)
      Tests  11 passed (11)
   Start at  02:09:01
   Duration  936ms (transform 108ms, setup 258ms, import 128ms, tests 288ms, environment 1.47s)

python3 scripts/check-styles.py
check-styles: 1 web app(s), no :root custom property has two imported owners
python3 scripts/event-model/check.py
check-model: valid
npm --prefix scripts/event-model ci --no-audit --no-fund --loglevel=error

added 5 packages in 302ms
node scripts/event-model/node_modules/tsx/dist/cli.mjs scripts/event-model/render-drawio.ts --check
check-drawio: docs/event-model/model.yaml has no slices yet — nothing to check.

verify: all gates passed
created: /tmp/tmp0_4yhu4x/grown-1
npm ci

added 278 packages, and audited 283 packages in 2s

74 packages are looking for funding
  run `npm fund` for details

7 high severity vulnerabilities

To address all issues (including breaking changes), run:
  npm audit fix --force

Run `npm audit` for details.

> @packages/api-client@0.1.0 build
> openapi-typescript ../../apps/service/openapi.json --output src/schema.ts

✨ openapi-typescript 6.7.6
🚀 ../../apps/service/openapi.json → file:///tmp/tmp0_4yhu4x/grown-1/packages/api-client/src/schema.ts [13ms]
npm --workspace apps/service run lint

> grown-1-service@0.1.0 lint
> biome check --error-on-warnings

Checked 33 files in 26ms. No fixes applied.
npm --workspace apps/payments run lint

> grown-1-payments@0.1.0 lint
> biome check --error-on-warnings

Checked 33 files in 20ms. No fixes applied.
npm --workspace apps/web run lint

> grown-1-web@0.1.0 lint
> biome check --error-on-warnings

Checked 14 files in 6ms. No fixes applied.
npm --workspace apps/service run typecheck

> grown-1-service@0.1.0 typecheck
> tsc --noEmit

npm --workspace apps/payments run typecheck

> grown-1-payments@0.1.0 typecheck
> tsc --noEmit

npm --workspace apps/web run typecheck

> grown-1-web@0.1.0 typecheck
> tsc --noEmit -p tsconfig.json

python3 scripts/check-imports.py
check-imports: inward dependency rule holds (128 directory entries read)
python3 scripts/check-migrations.py
check-migrations: every migration is additive, or a marked contraction of an earlier one; Go migrate images embed their .sql files (128 directory entries read)
python3 scripts/check-slice-scope.py
check-slice-scope: on `main`, not a `slice/<id>` branch — nothing to hold
python3 scripts/extensions/project.py --check
check-extensions: no extension elected; nothing to project
python3 scripts/agents/project.py --check
check-agents: not initialized; no projections expected yet
python3 scripts/agents/models.py --check && python3 scripts/agents/drive.py --check && python3 scripts/agents/cruise.py --check
check-models: .specify/models.json names 17 stage(s) and 6 harness(es)
check-drive: .specify/drive.json delegates per story and cycles per rule
check-cruise: .specify/cruise.json is well-formed; /cruise is not enabled
python3 scripts/check-speckit.py
check-speckit: not initialized; nothing managed yet, 1 preset(s) valid
python3 scripts/check-codegraph.py
check-codegraph: no .codegraph/ — this project carries no code index; nothing to check
python3 scripts/check-ux-gates.py
check-ux-gates: not adopted (./init --extension ux-gates); nothing to check
python3 scripts/check-constitution.py
check-constitution: no constitution ratified yet; run /speckit-constitution (scripts/check-constitution.py --requirements prints what it must cover)
python3 scripts/test_benchmark.py && python3 scripts/agents/benchmark.py check
check-benchmark: 2 boundary and rendering checks pass
check-benchmark: no record and no done slice yet — nothing to hold
python3 scripts/check-decisions.py
check-decisions: no decisions.md or demo-log.md under specs/ — nothing recorded yet
npm --workspace apps/service test

> grown-1-service@0.1.0 test
> vitest run


 RUN  v4.1.11 /tmp/tmp0_4yhu4x/grown-1/apps/service


 Test Files  7 passed (7)
      Tests  86 passed (86)
   Start at  02:09:12
   Duration  726ms (transform 347ms, setup 0ms, import 1.03s, tests 528ms, environment 1ms)

npm --workspace apps/payments test

> grown-1-payments@0.1.0 test
> vitest run


 RUN  v4.1.11 /tmp/tmp0_4yhu4x/grown-1/apps/payments


 Test Files  7 passed (7)
      Tests  86 passed (86)
   Start at  02:09:13
   Duration  749ms (transform 365ms, setup 0ms, import 1.00s, tests 524ms, environment 1ms)

npm --workspace apps/web test

> grown-1-web@0.1.0 test
> vitest run


 RUN  v4.1.11 /tmp/tmp0_4yhu4x/grown-1/apps/web


 Test Files  3 passed (3)
      Tests  11 passed (11)
   Start at  02:09:14
   Duration  955ms (transform 119ms, setup 289ms, import 127ms, tests 267ms, environment 1.45s)

python3 scripts/check-styles.py
check-styles: 1 web app(s), no :root custom property has two imported owners
python3 scripts/event-model/check.py
check-model: valid
npm --prefix scripts/event-model ci --no-audit --no-fund --loglevel=error

added 5 packages in 305ms
node scripts/event-model/node_modules/tsx/dist/cli.mjs scripts/event-model/render-drawio.ts --check
check-drawio: docs/event-model/model.yaml has no slices yet — nothing to check.

verify: all gates passed
created: /tmp/tmp0_4yhu4x/grown-2
cd apps/service && ./mvnw -B -q -DskipTests compile checkstyle:check pmd:check spotbugs:check
cd apps/payments && ./mvnw -B -q -DskipTests compile checkstyle:check pmd:check spotbugs:check
cd apps/service && ./mvnw -B -q -DskipTests test-compile
cd apps/payments && ./mvnw -B -q -DskipTests test-compile
python3 scripts/check-imports.py
check-imports: inward dependency rule holds (197 directory entries read)
python3 scripts/check-migrations.py
check-migrations: every migration is additive, or a marked contraction of an earlier one; Go migrate images embed their .sql files (197 directory entries read)
python3 scripts/check-slice-scope.py
check-slice-scope: on `main`, not a `slice/<id>` branch — nothing to hold
python3 scripts/extensions/project.py --check
check-extensions: no extension elected; nothing to project
python3 scripts/agents/project.py --check
check-agents: not initialized; no projections expected yet
python3 scripts/agents/models.py --check && python3 scripts/agents/drive.py --check && python3 scripts/agents/cruise.py --check
check-models: .specify/models.json names 17 stage(s) and 6 harness(es)
check-drive: .specify/drive.json delegates per story and cycles per rule
check-cruise: .specify/cruise.json is well-formed; /cruise is not enabled
python3 scripts/check-speckit.py
check-speckit: not initialized; nothing managed yet, 1 preset(s) valid
python3 scripts/check-codegraph.py
check-codegraph: no .codegraph/ — this project carries no code index; nothing to check
python3 scripts/check-ux-gates.py
check-ux-gates: not adopted (./init --extension ux-gates); nothing to check
python3 scripts/check-constitution.py
check-constitution: no constitution ratified yet; run /speckit-constitution (scripts/check-constitution.py --requirements prints what it must cover)
python3 scripts/test_benchmark.py && python3 scripts/agents/benchmark.py check
check-benchmark: 2 boundary and rendering checks pass
check-benchmark: no record and no done slice yet — nothing to hold
python3 scripts/check-decisions.py
check-decisions: no decisions.md or demo-log.md under specs/ — nothing recorded yet
cd apps/service && ./mvnw -B -q test
02:09:57.739 [main] INFO org.springframework.test.context.support.AnnotationConfigContextLoaderUtils -- Could not detect default configuration classes for test class [com.example.grown2.adapters.driving.http.HttpAppTest]: HttpAppTest does not declare any static, non-private, non-final, nested classes annotated with @Configuration.
02:09:57.855 [main] INFO org.springframework.boot.test.context.SpringBootTestContextBootstrapper -- Found @SpringBootConfiguration com.example.grown2.ServiceApplication for test class com.example.grown2.adapters.driving.http.HttpAppTest
02:09:57.945 [main] INFO org.springframework.test.context.support.AnnotationConfigContextLoaderUtils -- Could not detect default configuration classes for test class [com.example.grown2.adapters.driving.http.HttpAppTest]: HttpAppTest does not declare any static, non-private, non-final, nested classes annotated with @Configuration.
02:09:57.948 [main] INFO org.springframework.boot.test.context.SpringBootTestContextBootstrapper -- Found @SpringBootConfiguration com.example.grown2.ServiceApplication for test class com.example.grown2.adapters.driving.http.HttpAppTest
2026-10-05T02:09:58.234-05:00  INFO 1373093 --- [grown-2-service] [           main] c.e.g.adapters.driving.http.HttpAppTest  : Starting HttpAppTest using Java 25.0.4.1 with PID 1373093 (started by noahc in /tmp/tmp0_4yhu4x/grown-2/apps/service)
2026-10-05T02:09:58.235-05:00  INFO 1373093 --- [grown-2-service] [           main] c.e.g.adapters.driving.http.HttpAppTest  : No active profile set, falling back to 1 default profile: "default"
2026-10-05T02:09:59.603-05:00  INFO 1373093 --- [grown-2-service] [           main] o.s.b.t.m.w.SpringBootMockServletContext : Initializing Spring TestDispatcherServlet ''
2026-10-05T02:09:59.603-05:00  INFO 1373093 --- [grown-2-service] [           main] o.s.t.web.servlet.TestDispatcherServlet  : Initializing Servlet ''
2026-10-05T02:09:59.613-05:00  INFO 1373093 --- [grown-2-service] [           main] o.s.b.a.e.web.EndpointLinksResolver      : Exposing 1 endpoint beneath base path ''
2026-10-05T02:09:59.618-05:00  INFO 1373093 --- [grown-2-service] [           main] o.s.t.web.servlet.TestDispatcherServlet  : Completed initialization in 15 ms
2026-10-05T02:09:59.716-05:00  INFO 1373093 --- [grown-2-service] [           main] c.e.g.adapters.driving.http.HttpAppTest  : Started HttpAppTest in 1.724 seconds (process running for 3.0)
Mockito is currently self-attaching to enable the inline-mock-maker. This will no longer work in future releases of the JDK. Please add Mockito as an agent to your build as described in Mockito's documentation: https://javadoc.io/doc/org.mockito/mockito-core/latest/org.mockito/org/mockito/Mockito.html#0.3
OpenJDK 64-Bit Server VM warning: Sharing is only supported for boot loader classes because bootstrap classpath has been appended
WARNING: A Java agent has been loaded dynamically (/home/noahc/.m2/repository/net/bytebuddy/byte-buddy-agent/1.18.11/byte-buddy-agent-1.18.11.jar)
WARNING: If a serviceability tool is in use, please run with -XX:+EnableDynamicAgentLoading to hide this warning
WARNING: If a serviceability tool is not in use, please run with -Djdk.instrument.traceUsage for more information
WARNING: Dynamic loading of agents will be disallowed by default in a future release
2026-10-05T02:10:00.298-05:00  WARN 1373093 --- [grown-2-service] [           main] o.s.web.servlet.PageNotFound             : No mapping for GET /orders/tok-live-abc123
2026-10-05T02:10:00.451-05:00  WARN 1373093 --- [grown-2-service] [           main] o.s.web.servlet.PageNotFound             : No mapping for POST /orders/tok-live-abc123
WARNING: A restricted method in java.lang.System has been called
WARNING: java.lang.System::load has been called by org.sqlite.SQLiteJDBCLoader in an unnamed module (file:/home/noahc/.m2/repository/org/xerial/sqlite-jdbc/3.53.2.1/sqlite-jdbc-3.53.2.1.jar)
WARNING: Use --enable-native-access=ALL-UNNAMED to avoid a warning for callers in this module
WARNING: Restricted methods will be blocked in a future release unless native access is enabled

cd apps/payments && ./mvnw -B -q test
02:10:07.763 [main] INFO org.springframework.test.context.support.AnnotationConfigContextLoaderUtils -- Could not detect default configuration classes for test class [com.example.grown2payments.adapters.driving.http.HttpAppTest]: HttpAppTest does not declare any static, non-private, non-final, nested classes annotated with @Configuration.
02:10:07.879 [main] INFO org.springframework.boot.test.context.SpringBootTestContextBootstrapper -- Found @SpringBootConfiguration com.example.grown2payments.ServiceApplication for test class com.example.grown2payments.adapters.driving.http.HttpAppTest
02:10:07.973 [main] INFO org.springframework.test.context.support.AnnotationConfigContextLoaderUtils -- Could not detect default configuration classes for test class [com.example.grown2payments.adapters.driving.http.HttpAppTest]: HttpAppTest does not declare any static, non-private, non-final, nested classes annotated with @Configuration.
02:10:07.975 [main] INFO org.springframework.boot.test.context.SpringBootTestContextBootstrapper -- Found @SpringBootConfiguration com.example.grown2payments.ServiceApplication for test class com.example.grown2payments.adapters.driving.http.HttpAppTest
2026-10-05T02:10:08.265-05:00  INFO 1373595 --- [grown-2-payments] [           main] c.e.g.adapters.driving.http.HttpAppTest  : Starting HttpAppTest using Java 25.0.4.1 with PID 1373595 (started by noahc in /tmp/tmp0_4yhu4x/grown-2/apps/payments)
2026-10-05T02:10:08.267-05:00  INFO 1373595 --- [grown-2-payments] [           main] c.e.g.adapters.driving.http.HttpAppTest  : No active profile set, falling back to 1 default profile: "default"
2026-10-05T02:10:09.670-05:00  INFO 1373595 --- [grown-2-payments] [           main] o.s.b.t.m.w.SpringBootMockServletContext : Initializing Spring TestDispatcherServlet ''
2026-10-05T02:10:09.670-05:00  INFO 1373595 --- [grown-2-payments] [           main] o.s.t.web.servlet.TestDispatcherServlet  : Initializing Servlet ''
2026-10-05T02:10:09.682-05:00  INFO 1373595 --- [grown-2-payments] [           main] o.s.b.a.e.web.EndpointLinksResolver      : Exposing 1 endpoint beneath base path ''
2026-10-05T02:10:09.688-05:00  INFO 1373595 --- [grown-2-payments] [           main] o.s.t.web.servlet.TestDispatcherServlet  : Completed initialization in 18 ms
2026-10-05T02:10:09.791-05:00  INFO 1373595 --- [grown-2-payments] [           main] c.e.g.adapters.driving.http.HttpAppTest  : Started HttpAppTest in 1.778 seconds (process running for 3.048)
Mockito is currently self-attaching to enable the inline-mock-maker. This will no longer work in future releases of the JDK. Please add Mockito as an agent to your build as described in Mockito's documentation: https://javadoc.io/doc/org.mockito/mockito-core/latest/org.mockito/org/mockito/Mockito.html#0.3
OpenJDK 64-Bit Server VM warning: Sharing is only supported for boot loader classes because bootstrap classpath has been appended
WARNING: A Java agent has been loaded dynamically (/home/noahc/.m2/repository/net/bytebuddy/byte-buddy-agent/1.18.11/byte-buddy-agent-1.18.11.jar)
WARNING: If a serviceability tool is in use, please run with -XX:+EnableDynamicAgentLoading to hide this warning
WARNING: If a serviceability tool is not in use, please run with -Djdk.instrument.traceUsage for more information
WARNING: Dynamic loading of agents will be disallowed by default in a future release
2026-10-05T02:10:10.345-05:00  WARN 1373595 --- [grown-2-payments] [           main] o.s.web.servlet.PageNotFound             : No mapping for GET /orders/tok-live-abc123
2026-10-05T02:10:10.489-05:00  WARN 1373595 --- [grown-2-payments] [           main] o.s.web.servlet.PageNotFound             : No mapping for POST /orders/tok-live-abc123
WARNING: A restricted method in java.lang.System has been called
WARNING: java.lang.System::load has been called by org.sqlite.SQLiteJDBCLoader in an unnamed module (file:/home/noahc/.m2/repository/org/xerial/sqlite-jdbc/3.53.2.1/sqlite-jdbc-3.53.2.1.jar)
WARNING: Use --enable-native-access=ALL-UNNAMED to avoid a warning for callers in this module
WARNING: Restricted methods will be blocked in a future release unless native access is enabled

python3 scripts/event-model/check.py
check-model: valid
npm --prefix scripts/event-model ci --no-audit --no-fund --loglevel=error

added 5 packages in 302ms
node scripts/event-model/node_modules/tsx/dist/cli.mjs scripts/event-model/render-drawio.ts --check
check-drawio: docs/event-model/model.yaml has no slices yet — nothing to check.

verify: all gates passed
ok
test_a_second_service_is_pruned_to_what_the_project_actually_has (test_add_service.AddServiceTest.test_a_second_service_is_pruned_to_what_the_project_actually_has)
A project that dropped an answer with `./init` gets a second service without it — read off the ... created: /tmp/tmpwfaka1ny/narrowed
ok
test_a_service_in_another_language_inherits_what_its_backend_can_carry (test_add_service.AddServiceTest.test_a_service_in_another_language_inherits_what_its_backend_can_carry)
The store and the identity provider carry across languages; the transport is per framework. ... created: /tmp/tmp84xl_6dr/mixed
ok
test_a_service_says_what_it_owns_and_the_model_gate_makes_slices_choose (test_add_service.AddServiceTest.test_a_service_says_what_it_owns_and_the_model_gate_makes_slices_choose)
A second service is added for a reason. The reason is recorded, shown wherever the services are ... created: /tmp/tmpjd6wtar3/placed
ok
test_every_refusal_is_plain_and_changes_nothing (test_add_service.AddServiceTest.test_every_refusal_is_plain_and_changes_nothing) ... created: /tmp/tmpx5ge5wey/refusing
ok
test_the_manifest_records_which_factory_last_wrote_into_the_repository (test_add_service.AddServiceTest.test_the_manifest_records_which_factory_last_wrote_into_the_repository)
`add-service` regenerates every project-wide file from the factory it is run from, so the version ... created: /tmp/tmpdqzaef28/provenance
ok
test_a_repository_without_a_makefile_gets_one_that_makes_verify_one_word (test_adopt.AdoptTest.test_a_repository_without_a_makefile_gets_one_that_makes_verify_one_word)
Where there is no root Makefile there is nothing of theirs to clash with, so `adopt` writes one that ... ok
test_adopting_a_repository_installs_the_method_beside_its_own_files_and_the_gate_holds (test_adopt.AdoptTest.test_adopting_a_repository_installs_the_method_beside_its_own_files_and_the_gate_holds) ... ok
test_an_adopted_repository_grows_and_takes_a_newer_factory_as_one_clean_merge (test_adopt.AdoptTest.test_an_adopted_repository_grows_and_takes_a_newer_factory_as_one_clean_merge) ... ok
test_flags_override_the_survey_and_the_record_says_so (test_adopt.AdoptTest.test_flags_override_the_survey_and_the_record_says_so)
A .NET repository, in a language the factory cannot generate and with no toolchain here to run it: ... ok
test_what_cannot_safely_be_adopted_is_refused_by_name (test_adopt.AdoptTest.test_what_cannot_safely_be_adopted_is_refused_by_name) ... ok
test_a_recorded_command_that_names_the_repositorys_own_scripts_is_not_repointed (test_adopt_facts.AdoptFactsTest.test_a_recorded_command_that_names_the_repositorys_own_scripts_is_not_repointed)
`Layout.repoint` respelled every `scripts/` in every assembled file, the person's recorded command ... ok
test_a_strangler_with_no_new_home_is_said_on_the_gate (test_adopt_facts.AdoptFactsTest.test_a_strangler_with_no_new_home_is_said_on_the_gate)
A strangler fig decided, slices archived, the ledger empty and every deployable one that was here: the gate ... ok
test_the_forge_stands_while_the_gate_is_the_only_ci_in_the_tree (test_adopt_facts.AdoptFactsTest.test_the_forge_stands_while_the_gate_is_the_only_ci_in_the_tree)
The survey leaves out what the factory wrote, so once the repository's own workflow is gone a fresh ... ok
test_the_gate_holds_the_map_to_the_tree_and_the_page_to_the_record (test_adopt_facts.AdoptFactsTest.test_the_gate_holds_the_map_to_the_tree_and_the_page_to_the_record)
A row a person moves above what the tree allows fails `verify` by name; a page rendered from other rows ... ok
test_the_gate_is_written_for_the_forge_found_and_what_the_tree_does_not_say_stays_unrecorded (test_adopt_facts.AdoptFactsTest.test_the_gate_is_written_for_the_forge_found_and_what_the_tree_does_not_say_stays_unrecorded)
No CI, no remote, no start script: nothing is written for a forge, `shop` is an application whose role ... ok
test_the_gate_runs_on_the_branch_the_repository_lands_on_and_a_file_taken_over_stays_taken (test_adopt_facts.AdoptFactsTest.test_the_gate_runs_on_the_branch_the_repository_lands_on_and_a_file_taken_over_stays_taken)
The third real adoption was on `master`, and a workflow hardcoded to `main` never ran on a push; it could ... ok
test_the_record_stays_still_between_surveys_and_says_when_the_platform_moved (test_adopt_facts.AdoptFactsTest.test_the_record_stays_still_between_surveys_and_says_when_the_platform_moved)
A `/survey` that finds nothing changed rewrites nothing that a fact did not move: the platform keeps the day ... ok
test_the_intro_shows_the_language_rather_than_asking_about_it (test_adopt_next.IntroTest.test_the_intro_shows_the_language_rather_than_asking_about_it)
The language was the first question to leave the terminal, and the rest followed it (ADR 0003): ... ok
test_the_switch_it_arrived_behind_is_accepted_and_changes_nothing (test_adopt_next.IntroTest.test_the_switch_it_arrived_behind_is_accepted_and_changes_nothing)
`--experimental-intro` chose this intro before it was the only one. A script or a habit that still ... ok
test_a_constitution_is_not_ratified_in_a_repository_that_has_no_spec_kit_yet (test_adopt_next.NextStepsTest.test_a_constitution_is_not_ratified_in_a_repository_that_has_no_spec_kit_yet)
The template is gone when it has been written over — and also when `./init` has never run, which ... ok
test_a_fresh_adoption_puts_init_now_and_everything_after_it_then (test_adopt_next.NextStepsTest.test_a_fresh_adoption_puts_init_now_and_everything_after_it_then) ... ok
test_a_generated_project_is_refused_because_it_stands_in_no_such_sequence (test_adopt_next.NextStepsTest.test_a_generated_project_is_refused_because_it_stands_in_no_such_sequence) ... created: /tmp/tmpdoz3jh5s/shop
ok
test_a_row_a_person_placed_is_counted_off_the_open_rows (test_adopt_next.NextStepsTest.test_a_row_a_person_placed_is_counted_off_the_open_rows) ... ok
test_an_application_nobody_has_started_is_said_and_named (test_adopt_next.NextStepsTest.test_an_application_nobody_has_started_is_said_and_named) ... ok
test_each_step_turns_to_done_as_the_mark_it_leaves_appears (test_adopt_next.NextStepsTest.test_each_step_turns_to_done_as_the_mark_it_leaves_appears) ... ok
test_the_adoption_report_says_the_list_it_just_printed_can_be_asked_for_again (test_adopt_next.NextStepsTest.test_the_adoption_report_says_the_list_it_just_printed_can_be_asked_for_again) ... ok
test_the_sequence_runs_to_the_loop_rather_than_stopping_at_a_ready_repository (test_adopt_next.NextStepsTest.test_the_sequence_runs_to_the_loop_rather_than_stopping_at_a_ready_repository)
It used to end at the strategy ADR — a repository wrapped, gated and asked to do nothing. The ... ok
test_init_and_no_init_cannot_both_be_asked_for (test_adopt_next.RunInitTest.test_init_and_no_init_cannot_both_be_asked_for) ... ok
test_it_is_not_run_unless_asked_and_the_tree_is_left_clean (test_adopt_next.RunInitTest.test_it_is_not_run_unless_asked_and_the_tree_is_left_clean) ... ok
test_no_init_says_the_same_thing_out_loud (test_adopt_next.RunInitTest.test_no_init_says_the_same_thing_out_loud) ... ok
test_the_report_does_not_name_init_as_next_when_it_is_about_to_run_it (test_adopt_next.RunInitTest.test_the_report_does_not_name_init_as_next_when_it_is_about_to_run_it)
Naming a step and then taking it two lines later reads as two instructions about one thing. ... ok
test_a_project_with_no_generated_service_is_assembled_and_passes_its_own_gate (test_adopted_manifest.AdoptedManifestTest.test_a_project_with_no_generated_service_is_assembled_and_passes_its_own_gate)
The repository the method is installed around: nothing in it was made by the factory, so every part ... ok
test_an_existing_application_is_read_as_written_and_asked_nothing (test_adopted_manifest.AdoptedManifestTest.test_an_existing_application_is_read_as_written_and_asked_nothing) ... ok
test_every_command_carries_an_existing_application_through_untouched (test_adopted_manifest.AdoptedManifestTest.test_every_command_carries_an_existing_application_through_untouched)
`replay` reproduces the manifest byte for byte, `add-service` grows the project beside the existing ... ok
test_what_the_manifest_cannot_mean_is_refused_by_name (test_adopted_manifest.AdoptedManifestTest.test_what_the_manifest_cannot_mean_is_refused_by_name) ... ok
test_a_copy_mode_harness_gains_the_extension_guidance_it_missed (test_agent_context.AgentContextTest.test_a_copy_mode_harness_gains_the_extension_guidance_it_missed)
A `contextMode: copy` harness reads a file Spec Kit wrote before the extension hooks, so the ... created: /tmp/tmp8twcr0in/codegraph-copy-mode
Backing services left as generated; scripts/backing-services.py --list shows what can still be changed.
Project skills, commands and agent types installed for Gemini CLI (gemini).
A harness reads its agent types once, at session start: restart the session before delegating, or the first delegation cannot use the types just projected.
codegraph: Gemini CLI: .gemini/settings.json names `codegraph`; commit it
Extension pointers projected for Gemini CLI (gemini).
Backing services left as generated; scripts/backing-services.py --list shows what can still be changed.
codegraph: no harness is recorded here (`.specify/integration.json`), so no project MCP file names `codegraph` yet; `./init --integration <agent>` records one and `make agents` then writes the file
Project skills, commands and agent types installed for Gemini CLI (gemini).
A harness reads its agent types once, at session start: restart the session before delegating, or the first delegation cannot use the types just projected.
Extension pointers projected for Gemini CLI (gemini).
ok
test_an_import_mode_harness_is_given_the_include_that_reaches_agents_md (test_agent_context.AgentContextTest.test_an_import_mode_harness_is_given_the_include_that_reaches_agents_md)
`contextMode: import` was declared for Claude Code and built nowhere, so a session saw no part ... created: /tmp/tmp9v850afe/claude-import-mode
Backing services left as generated; scripts/backing-services.py --list shows what can still be changed.
Project skills, commands and agent types installed for Claude Code (claude).
A harness reads its agent types once, at session start: restart the session before delegating, or the first delegation cannot use the types just projected.
codegraph: Claude Code: .mcp.json names `codegraph`; commit it
Extension pointers projected for Claude Code (claude).
Backing services left as generated; scripts/backing-services.py --list shows what can still be changed.
Project skills, commands and agent types installed for Claude Code (claude).
A harness reads its agent types once, at session start: restart the session before delegating, or the first delegation cannot use the types just projected.
Extension pointers projected for Claude Code (claude).
ok
test_check_agents_reports_a_context_file_that_missed_extension_guidance (test_agent_context.AgentContextTest.test_check_agents_reports_a_context_file_that_missed_extension_guidance)
AGENTS.md carries an extension pointer and the copy the agent reads does not. ... created: /tmp/tmpcuc97yfa/codegraph-drift
Backing services left as generated; scripts/backing-services.py --list shows what can still be changed.
Project skills, commands and agent types installed for Gemini CLI (gemini).
A harness reads its agent types once, at session start: restart the session before delegating, or the first delegation cannot use the types just projected.
codegraph: Gemini CLI: .gemini/settings.json names `codegraph`; commit it
Extension pointers projected for Gemini CLI (gemini).
Extension pointers projected for Gemini CLI (gemini).
ok
test_a_fresh_clone_has_no_projections_and_is_not_drifted (test_agent_types.AgentTypesTest.test_a_fresh_clone_has_no_projections_and_is_not_drifted)
The projections are derived and ignored, so a clone nobody has run `./init` in has none — which is ... created: /tmp/tmpj0iye2h9/fresh
ok
test_a_moved_layout_carries_the_types_with_everything_else (test_agent_types.AgentTypesTest.test_a_moved_layout_carries_the_types_with_everything_else)
An adopted repository keeps the method under `delivery/`, so the canonical types go there and the ... ok
test_a_read_only_type_keeps_the_route_to_the_code_index (test_agent_types.AgentTypesTest.test_a_read_only_type_keeps_the_route_to_the_code_index)
The write scope a harness expresses as a *tool list* is a grant, not a denial: Gemini and Copilot ... created: /tmp/tmp642ly6y9/reachable
ok
test_each_harness_gets_the_type_in_its_own_spelling_with_what_it_can_enforce (test_agent_types.AgentTypesTest.test_each_harness_gets_the_type_in_its_own_spelling_with_what_it_can_enforce)
The point of the whole thing: a read-only type reaches the harness as a file that withholds ... created: /tmp/tmp10jwwzr7/spelling
ok
test_one_canonical_type_per_delegated_stage_and_one_for_a_whole_slice (test_agent_types.AgentTypesTest.test_one_canonical_type_per_delegated_stage_and_one_for_a_whole_slice)
Six types are the stages the ladder sends to a fresh context, named for the stage so the model ... created: /tmp/tmpy1nci7g9/types
ok
test_the_model_comes_from_the_table_and_a_change_rewrites_the_types (test_agent_types.AgentTypesTest.test_the_model_comes_from_the_table_and_a_change_rewrites_the_types)
The agent file is a projection of `.specify/models.json`, never a second place a model is written: ... created: /tmp/tmp1e34kbeo/resolved
ok
test_the_registry_says_per_harness_how_a_type_is_declared_and_a_no_is_written (test_agent_types.AgentTypesTest.test_the_registry_says_per_harness_how_a_type_is_declared_and_a_no_is_written)
A projection can only be as honest as the row it is rendered from, so the row is read from the ... ok
test_every_test_that_loads_a_script_from_an_asset_tree_turns_bytecode_off (test_assets_bytecode.AssetsBytecodeTest.test_every_test_that_loads_a_script_from_an_asset_tree_turns_bytecode_off) ... ok
test_the_scan_names_the_probe_that_left_the_cache_and_passes_it_switched_off (test_assets_bytecode.AssetsBytecodeTest.test_the_scan_names_the_probe_that_left_the_cache_and_passes_it_switched_off) ... ok
test_the_toolkit_tree_holds_no_interpreter_cache (test_assets_bytecode.AssetsBytecodeTest.test_the_toolkit_tree_holds_no_interpreter_cache) ... ok
test_auth0_answers_both_identity_axes_under_both_clouds_and_nowhere_else (test_auth0_identity.Auth0IdentityTest.test_auth0_answers_both_identity_axes_under_both_clouds_and_nowhere_else)
A third-party issuer is not a property of a cloud, so it is offered under both and under neither ... ok
test_auth0_reuses_the_keycloak_features_so_the_adapters_cannot_tell_the_providers_apart (test_auth0_identity.Auth0IdentityTest.test_auth0_reuses_the_keycloak_features_so_the_adapters_cannot_tell_the_providers_apart)
The same files Keycloak and Cognito use. Every answer on these axes is an OIDC issuer, so what ... ok
test_dropping_both_identity_answers_leaves_nothing_that_asks_for_a_tenant_credential (test_auth0_identity.Auth0IdentityTest.test_dropping_both_identity_answers_leaves_nothing_that_asks_for_a_tenant_credential)
`./init` can still take an answer away, and when it takes both the provider must go with them — ... created: /tmp/tmp_dkyv2ll/identity-demo-chosen
ok
test_only_a_project_that_chose_auth0_carries_the_provider (test_auth0_identity.Auth0IdentityTest.test_only_a_project_that_chose_auth0_carries_the_provider)
The whole reason `auth0.tf` and `no-auth0.tf` are chosen between at generation time rather than ... created: /tmp/tmps8mklhv9/identity-demo-chose-0
created: /tmp/tmps8mklhv9/identity-demo-without-0
created: /tmp/tmps8mklhv9/identity-demo-chose-1
created: /tmp/tmps8mklhv9/identity-demo-without-1
ok
test_only_an_auth0_project_carries_the_tenant_credential_in_its_workflows (test_auth0_identity.Auth0IdentityTest.test_only_an_auth0_project_carries_the_tenant_credential_in_its_workflows)
An empty `AUTH0_DOMAIN` in a Cognito project's workflow would read as configuration and do ... created: /tmp/tmpbuit_q8d/identity-demo-chose
created: /tmp/tmpbuit_q8d/identity-demo-not
ok
test_staff_and_customers_are_two_connections_and_two_clients_never_one_with_a_flag (test_auth0_identity.Auth0IdentityTest.test_staff_and_customers_are_two_connections_and_two_clients_never_one_with_a_flag)
The same separation the local Keycloak makes with two realms and Cognito with two pools. Sign-up ... created: /tmp/tmp14ouvl61/identity-demo-chosen
ok
test_the_bootstrap_asks_for_the_credential_the_cloud_cannot_issue (test_auth0_identity.Auth0IdentityTest.test_the_bootstrap_asks_for_the_credential_the_cloud_cannot_issue)
Two identifiers and one secret, asked for rather than produced: nothing in this repository can ... created: /tmp/tmpek_lvyh3/identity-demo-chosen
ok
test_the_one_issuer_both_populations_share_is_written_down_where_a_reader_will_meet_it (test_auth0_identity.Auth0IdentityTest.test_the_one_issuer_both_populations_share_is_written_down_where_a_reader_will_meet_it)
The divergence from every other answer on these axes, and the one with a security consequence: ... created: /tmp/tmpa_vwy6rj/identity-demo-chosen
ok
test_the_pin_is_declared_for_every_project_because_a_module_may_have_only_one (test_auth0_identity.Auth0IdentityTest.test_the_pin_is_declared_for_every_project_because_a_module_may_have_only_one)
A module may have one `required_providers` block, so the pin cannot travel with the answer the ... created: /tmp/tmpps_ty3dt/identity-demo-pinned-0
created: /tmp/tmpps_ty3dt/identity-demo-pinned-1
ok
test_the_staff_environment_carries_the_same_keys_the_local_stand_in_does (test_auth0_identity.Auth0IdentityTest.test_the_staff_environment_carries_the_same_keys_the_local_stand_in_does)
Keycloak stays the local stand-in for this answer as for the other two, so a service reads the ... created: /tmp/tmp6pmlksyn/identity-demo-chosen
ok
test_a_declared_flag_validates_against_the_real_provider (test_aws_flags.AwsFlagsTest.test_a_declared_flag_validates_against_the_real_provider)
The empty file every project ships means `aws_ssm_parameter.flag` has no instances, so the stack ... skipped "tofu is not installed; the factory's CI installs it"
test_a_flag_is_declared_where_a_project_owns_it_and_reaches_the_container_as_a_variable (test_aws_flags.AwsFlagsTest.test_a_flag_is_declared_where_a_project_owns_it_and_reaches_the_container_as_a_variable)
The whole point of the shape: a flag costs the *application* nothing. It arrives as an ordinary ... created: /tmp/tmplwffx6xt/flagged
ok
test_a_project_with_two_services_names_the_one_a_flag_belongs_to (test_aws_flags.AwsFlagsTest.test_a_project_with_two_services_names_the_one_a_flag_belongs_to)
A default `SERVICE` is only defensible when there is one; with two, the help text says so rather ... created: /tmp/tmp58e6zw3i/two-flagged
ok
test_a_rollback_returns_the_bundle_that_ran_rather_than_rebuilding_it (test_aws_flags.AwsFlagsTest.test_a_rollback_returns_the_bundle_that_ran_rather_than_rebuilding_it)
Which is the other direction the two halves diverge in, and it is worth being sure of: the ... created: /tmp/tmp3dy64tuw/flagged-back
ok
test_flipping_a_flag_is_a_verb_that_needs_no_build_and_no_apply (test_aws_flags.AwsFlagsTest.test_flipping_a_flag_is_a_verb_that_needs_no_build_and_no_apply) ... created: /tmp/tmp6aw354ji/flippable
ok
test_flipping_a_flag_the_browser_reads_says_no_deploy_is_owed (test_aws_flags.AwsFlagsTest.test_flipping_a_flag_the_browser_reads_says_no_deploy_is_owed)
Both halves move on the one restart now, and that is worth saying at the moment of the flip: ... created: /tmp/tmpxsgup1na/flagged-said
ok
test_one_flag_is_spelled_the_same_way_in_the_stack_and_in_the_service (test_aws_flags.AwsFlagsTest.test_one_flag_is_spelled_the_same_way_in_the_stack_and_in_the_service)
Two files derive a variable name from one key, and a flag arrives only if both agree. The browser ... created: /tmp/tmpspuywppf/flag-spelling
ok
test_the_browser_asks_the_service_for_its_flags (test_aws_flags.AwsFlagsTest.test_the_browser_asks_the_service_for_its_flags)
One product flag, one value, one source of truth: the service that enforces the flag is the one ... created: /tmp/tmplfoah56y/flag-asked
ok
test_the_browser_bundle_is_built_with_no_flag_values_at_all (test_aws_flags.AwsFlagsTest.test_the_browser_bundle_is_built_with_no_flag_values_at_all)
The bundle used to be built with `VITE_FLAG_*` taken from this environment's parameters, which ... created: /tmp/tmpywmf5oie/flagged-web
ok
test_the_flag_policy_says_which_half_is_a_switch_and_which_is_a_build (test_aws_flags.AwsFlagsTest.test_the_flag_policy_says_which_half_is_a_switch_and_which_is_a_build)
The rule an author needs before writing the first gate, in the file they are held to — and, for a ... created: /tmp/tmpoxxbqg0b/flag-policy
created: /tmp/tmpoxxbqg0b/flag-policy-headless
ok
test_a_failed_push_leaves_init_saying_how_to_pick_it_up (test_aws_forge.AwsForgeTest.test_a_failed_push_leaves_init_saying_how_to_pick_it_up)
`./init` runs under `set -e`, so an exit 1 from the push would end it before the line that says ... created: /tmp/tmphvqxscmd/resumable
ok
test_bootstrap_holds_each_environment_to_main_and_survives_being_run_again (test_aws_forge.AwsForgeTest.test_bootstrap_holds_each_environment_to_main_and_survives_being_run_again)
An `:environment:` subject carries no branch, so trusting one is only safe because the environment ... created: /tmp/tmp9t733k65/fenced
ok
test_bootstrap_names_itself_to_the_forge_and_tells_a_refusal_from_an_unreachable_host (test_aws_forge.AwsForgeTest.test_bootstrap_names_itself_to_the_forge_and_tells_a_refusal_from_an_unreachable_host)
A self-hosted forge often sits behind a proxy, and the default `Python-urllib/3.x` agent is a ... created: /tmp/tmpdu_d9sas/forged
ok
test_every_environment_the_workflows_deploy_to_is_a_subject_the_trust_admits (test_aws_forge.AwsForgeTest.test_every_environment_the_workflows_deploy_to_is_a_subject_the_trust_admits)
GitHub does not put the same subject in every token. A job with no `environment:` gets ... created: /tmp/tmp2tvvp2w7/covered
ok
test_the_github_trust_names_the_subject_github_issues_not_the_one_it_used_to (test_aws_forge.AwsForgeTest.test_the_github_trust_names_the_subject_github_issues_not_the_one_it_used_to)
Since 15 July 2026 a new repository's tokens say `repo:owner@<id>/name@<id>`, and a trust naming ... created: /tmp/tmp2qcuh6x5/trusted
ok
test_a_rerun_of_init_in_a_bootstrapped_project_leaves_the_account_alone (test_aws_init.AwsInitTest.test_a_rerun_of_init_in_a_bootstrapped_project_leaves_the_account_alone)
`./init` is run again to answer an axis, add an extension or switch agent — local work — and ... created: /tmp/tmp_dq4a_80/rerun
ok
test_an_environment_nothing_has_deployed_says_so_rather_than_failing_on_an_output (test_aws_promotion.AwsPromotionTest.test_an_environment_nothing_has_deployed_says_so_rather_than_failing_on_an_output)
Without auto-promotion an empty production workspace is a state a project is in on purpose, ... created: /tmp/tmp1tce6dz4/unpromoted
ok
test_bootstrap_decides_how_production_is_deployed_and_writes_it_down (test_aws_promotion.AwsPromotionTest.test_bootstrap_decides_how_production_is_deployed_and_writes_it_down)
Two environments cost twice one, so whether production is deployed at all is a decision this ... created: /tmp/tmp37l6unfx/paid
ok
test_promoting_answers_with_a_commit_staging_has_run_and_refuses_any_other (test_aws_promotion.AwsPromotionTest.test_promoting_answers_with_a_commit_staging_has_run_and_refuses_any_other)
What keeps "production only ever runs what staging has run" true even when a person types the ... created: /tmp/tmp5po_tv02/shipped
ok
test_every_stack_validates_against_the_real_provider_before_and_after_a_prune (test_aws_stack.AwsStackTest.test_every_stack_validates_against_the_real_provider_before_and_after_a_prune) ... skipped "tofu is not installed; the factory's CI installs it"
test_the_stack_deploys_blue_green_and_decides_its_counts_from_configuration (test_aws_stack.AwsStackTest.test_the_stack_deploys_blue_green_and_decides_its_counts_from_configuration) ... created: /tmp/tmp2t2c4nan/shipped
ok
test_a_local_only_project_has_none_of_it (test_aws_target.AwsTargetTest.test_a_local_only_project_has_none_of_it) ... created: /tmp/tmpnt0_225v/local
ok
test_a_project_going_to_aws_carries_its_whole_path_to_production (test_aws_target.AwsTargetTest.test_a_project_going_to_aws_carries_its_whole_path_to_production) ... created: /tmp/tmpixib4std/shipped
ok
test_add_service_and_add_frontend_regenerate_the_path_to_production (test_aws_target.AwsTargetTest.test_add_service_and_add_frontend_regenerate_the_path_to_production)
A second service is one more image, one more ECS service and one more repository; a browser ... created: /tmp/tmpotqd7t8q/grown
ok
test_bootstrap_reads_the_forge_off_the_remote_and_says_what_it_would_do (test_aws_target.AwsTargetTest.test_bootstrap_reads_the_forge_off_the_remote_and_says_what_it_would_do)
`make bootstrap` is the one thing a person runs; `--plan` is how it is held to its decisions without ... created: /tmp/tmpqq1i471z/planned
ok
test_each_backend_builds_its_image_its_own_way_and_migrates_in_its_own_shape (test_aws_target.AwsTargetTest.test_each_backend_builds_its_image_its_own_way_and_migrates_in_its_own_shape) ... created: /tmp/tmpgpwgtrnw/image-typescript
created: /tmp/tmpgpwgtrnw/bare-typescript
created: /tmp/tmpgpwgtrnw/image-python
created: /tmp/tmpgpwgtrnw/bare-python
created: /tmp/tmpgpwgtrnw/image-go
created: /tmp/tmpgpwgtrnw/bare-go
created: /tmp/tmpgpwgtrnw/image-java-quarkus
created: /tmp/tmpgpwgtrnw/bare-java-quarkus
created: /tmp/tmpgpwgtrnw/image-java-spring
created: /tmp/tmpgpwgtrnw/bare-java-spring
ok
test_url_prints_the_address_and_nothing_else_so_smoke_can_be_given_it (test_aws_target.AwsTargetTest.test_url_prints_the_address_and_nothing_else_so_smoke_can_be_given_it)
`make smoke URL=$(make -s url ENV=staging)` reads this script's stdout, so nothing but the address ... created: /tmp/tmpcsfyja7r/shipped
ok
test_a_project_with_no_browser_app_builds_no_bundle_when_it_promotes (test_aws_workflows.AwsWorkflowsTest.test_a_project_with_no_browser_app_builds_no_bundle_when_it_promotes)
The one thing `production.yml` rebuilds is the site, because a bundle is not an image; a project ... created: /tmp/tmpk6avq3kx/headless
ok
test_deploy_follows_verify_and_rollback_is_started_by_hand (test_aws_workflows.AwsWorkflowsTest.test_deploy_follows_verify_and_rollback_is_started_by_hand) ... created: /tmp/tmp90ri838p/shipped
ok
test_production_is_conditional_and_promotion_deploys_what_staging_runs (test_aws_workflows.AwsWorkflowsTest.test_production_is_conditional_and_promotion_deploys_what_staging_runs)
A project pays for production when it decides to, not on its first green push. The production job ... created: /tmp/tmpg53q0hnx/shipped
ok
test_a_generated_project_answers_each_axis_again_on_its_own (test_axes.AxesTest.test_a_generated_project_answers_each_axis_again_on_its_own) ... created: /tmp/tmpuyw0f9s9/prunable
ok
test_a_project_that_answers_nothing_carries_nothing (test_axes.AxesTest.test_a_project_that_answers_nothing_carries_nothing)
The no-infrastructure answer is still a first-class one, on every axis: asked for it, a project ... created: /tmp/tmp6wilo2h3/plain-standard
created: /tmp/tmp6wilo2h3/plain-event-modelling
ok
test_a_project_with_npm_tells_it_not_to_ask_the_registry_for_advisories (test_axes.AxesTest.test_a_project_with_npm_tells_it_not_to_ask_the_registry_for_advisories)
npm ends every install with one POST to the registry's bulk advisories endpoint, and since ... created: /tmp/tmpwlql0r8p/with-npm
created: /tmp/tmpwlql0r8p/without-npm
ok
test_an_axis_answer_that_cannot_be_built_is_refused_with_the_flag_that_fixes_it (test_axes.AxesTest.test_an_axis_answer_that_cannot_be_built_is_refused_with_the_flag_that_fixes_it) ... ok
test_each_axis_is_asked_and_answered_on_its_own (test_axes.AxesTest.test_each_axis_is_asked_and_answered_on_its_own)
The axes are independent: answering one must not move another. ... created: /tmp/tmpyso58dct/store-only
created: /tmp/tmpyso58dct/transport-only
created: /tmp/tmpyso58dct/identity
ok
test_every_stack_validates_against_the_real_providers_before_and_after_a_prune (test_azure_stack.AzureStackTest.test_every_stack_validates_against_the_real_providers_before_and_after_a_prune) ... skipped "tofu is not installed; the factory's CI installs it"
test_the_bootstrap_asks_for_the_directory_permission_only_where_an_answer_needs_it (test_azure_stack.AzureStackTest.test_the_bootstrap_asks_for_the_directory_permission_only_where_an_answer_needs_it)
An app registration is a directory object, outside the subscription's RBAC, so the pipeline ... created: /tmp/tmpbsuvip84/identified
ok
test_the_site_is_the_product_s_own_and_the_service_behind_it_is_not_published (test_azure_stack.AzureStackTest.test_the_site_is_the_product_s_own_and_the_service_behind_it_is_not_published)
Static Web Apps serves its own content and proxies `/api` by its own rule, so there is no second ... created: /tmp/tmp5iy95fyo/shipped
created: /tmp/tmp5iy95fyo/bare
ok
test_the_stack_deploys_by_revision_and_decides_its_counts_from_configuration (test_azure_stack.AzureStackTest.test_the_stack_deploys_by_revision_and_decides_its_counts_from_configuration) ... created: /tmp/tmpimmi91zt/shipped
ok
test_a_local_only_project_has_none_of_it (test_azure_target.AzureTargetTest.test_a_local_only_project_has_none_of_it) ... created: /tmp/tmp0r7ho03l/local
ok
test_a_project_going_to_azure_carries_its_whole_path_to_production (test_azure_target.AzureTargetTest.test_a_project_going_to_azure_carries_its_whole_path_to_production) ... created: /tmp/tmp2w2roleb/shipped
ok
test_bootstrap_reads_the_forge_off_the_remote_and_says_what_it_would_do (test_azure_target.AzureTargetTest.test_bootstrap_reads_the_forge_off_the_remote_and_says_what_it_would_do)
`make bootstrap` is the one thing a person runs; `--plan` is how it is held to its decisions ... created: /tmp/tmpfzu77373/planned
ok
test_init_asks_for_this_cloud_s_tools_and_says_this_cloud_s_name (test_azure_target.AzureTargetTest.test_init_asks_for_this_cloud_s_tools_and_says_this_cloud_s_name)
The generated `./init` checks the same list `preflight` refuses on — `targets.TOOLS` — so a ... created: /tmp/tmpe5a4iiu1/shipped
ok
test_the_pages_and_the_rules_a_project_here_is_given_are_this_cloud_s (test_azure_target.AzureTargetTest.test_the_pages_and_the_rules_a_project_here_is_given_are_this_cloud_s) ... created: /tmp/tmp1ew3so9b/shipped
ok
test_what_this_target_provisions_for_each_answer_and_the_one_it_has_no_answer_for (test_azure_target.AzureTargetTest.test_what_this_target_provisions_for_each_answer_and_the_one_it_has_no_answer_for)
What an answer becomes under this target is a declaration on the option, and one product this ... ok
test_a_backend_is_named_for_its_language_only_when_nothing_owns_its_startup (test_backend_naming.BackendNamingTest.test_a_backend_is_named_for_its_language_only_when_nothing_owns_its_startup)
`assets/languages/<family>/` holds what a family's backends share, so it cannot also be one. ... ok
test_a_language_with_two_frameworks_becomes_two_backends (test_backend_naming.BackendNamingTest.test_a_language_with_two_frameworks_becomes_two_backends)
A framework that owns startup multiplies with its language rather than crossing it. ... ok
test_a_lone_framework_backend_is_reachable_and_refuses_the_others_honestly (test_backend_naming.BackendNamingTest.test_a_lone_framework_backend_is_reachable_and_refuses_the_others_honestly)
A single-member family is now two situations, and the refusal has to tell them apart. ... ok
test_a_multi_framework_family_must_recommend_one (test_backend_naming.BackendNamingTest.test_a_multi_framework_family_must_recommend_one)
Two frameworks and no default is a question with no recommended answer behind it. ... ok
test_every_backend_declares_every_make_target (test_backend_obligations.BackendObligationsTest.test_every_backend_declares_every_make_target)
A backend missing a target would otherwise surface as a `KeyError` at generation time. ... ok
test_every_backend_is_named_in_every_table_it_always_owes (test_backend_obligations.BackendObligationsTest.test_every_backend_is_named_in_every_table_it_always_owes)
The rows marked `always` have to mention every backend — or every family, where so keyed. ... ok
test_every_documented_table_exists_where_it_says (test_backend_obligations.BackendObligationsTest.test_every_documented_table_exists_where_it_says)
Section 3 names a symbol and a file; a rename that leaves the row behind fails here. ... ok
test_no_per_backend_table_is_missing_from_the_document (test_backend_obligations.BackendObligationsTest.test_no_per_backend_table_is_missing_from_the_document)
A table keyed by every backend that section 3 does not name is an obligation nothing asks. ... ok
test_the_documented_axes_are_the_catalog_s (test_backend_obligations.BackendObligationsTest.test_the_documented_axes_are_the_catalog_s)
Section 1 carries one row per axis — a new axis has to state what a backend owes it. ... ok
test_the_documented_make_targets_are_the_generator_s (test_backend_obligations.BackendObligationsTest.test_the_documented_make_targets_are_the_generator_s)
Section 2 carries one row per `native` key, including the ones no gate runs. ... ok
test_the_ecosystem_choices_are_confirmed_with_the_user (test_backend_obligations.BackendObligationsTest.test_the_ecosystem_choices_are_confirmed_with_the_user)
Section 4 owns the decisions no document here can answer. Nor can the implementer alone. ... ok
test_the_maintenance_skills_point_at_this_document (test_backend_obligations.BackendObligationsTest.test_the_maintenance_skills_point_at_this_document)
The checklist only holds if the procedures read it, so the link is asserted, not assumed. ... ok
test_every_backend_gets_the_same_port_and_the_same_contract (test_backing_services.BackingServicesTest.test_every_backend_gets_the_same_port_and_the_same_contract)
One event-store port per backend, and one contract suite run against every adapter. ... created: /tmp/tmps5jfdlmw/store
created: /tmp/tmps5jfdlmw/store
created: /tmp/tmps5jfdlmw/store
created: /tmp/tmps5jfdlmw/store
created: /tmp/tmps5jfdlmw/store
ok
test_one_event_log_schema_is_shared_by_every_backend_that_needs_it (test_backing_services.BackingServicesTest.test_one_event_log_schema_is_shared_by_every_backend_that_needs_it)
The Python and Go backends apply the same `.sql` files, and TypeScript's `.js` migrations ... ok
test_the_db_backed_gate_is_separate_and_reachable_on_any_runner (test_backing_services.BackingServicesTest.test_the_db_backed_gate_is_separate_and_reachable_on_any_runner)
`verify` never needs Docker; the db-backed job addresses Postgres the way both runner kinds ... created: /tmp/tmpy903n0zq/ci-services
ok
test_the_envelopes_two_ids_are_uuids_in_types_of_their_own (test_backing_services.BackingServicesTest.test_the_envelopes_two_ids_are_uuids_in_types_of_their_own)
Correlation and causation are UUIDs, and two types rather than one used twice. ... created: /tmp/tmp_urqxj98/envelope
created: /tmp/tmpt6hd2dam/envelope
created: /tmp/tmpu8ptobgx/envelope
created: /tmp/tmph6s40_pe/envelope
created: /tmp/tmpbn81a2l_/envelope
ok
test_the_selected_adapters_arrive_with_the_contract_that_keeps_them_honest (test_backing_services.BackingServicesTest.test_the_selected_adapters_arrive_with_the_contract_that_keeps_them_honest) ... created: /tmp/tmpw40g9g35/with-services
ok
test_the_sqlite_store_is_proved_inside_the_docker_free_gate (test_backing_services.BackingServicesTest.test_the_sqlite_store_is_proved_inside_the_docker_free_gate) ... created: /tmp/tmpqh6hkzp3/with-sqlite
ok
test_the_transport_carries_a_default_correction_and_no_business_rules (test_backing_services.BackingServicesTest.test_the_transport_carries_a_default_correction_and_no_business_rules) ... created: /tmp/tmp4a1zg572/with-http
created: /tmp/tmp4a1zg572/no-http
ok
test_a_moved_layout_records_from_the_delivery_directory (test_benchmark.BenchmarkTest.test_a_moved_layout_records_from_the_delivery_directory) ... ok
test_a_stage_is_costed_from_the_transcript_and_the_record_derives_the_rest (test_benchmark.BenchmarkTest.test_a_stage_is_costed_from_the_transcript_and_the_record_derives_the_rest)
Tokens by model from the session the harness named, counted once per request although the transcript ... created: /tmp/tmp3p18gjnf/cost
ok
test_the_gate_says_one_line_about_a_project_with_no_slice_recorded (test_benchmark.BenchmarkTest.test_the_gate_says_one_line_about_a_project_with_no_slice_recorded)
`check-benchmark` runs inside `make verify`, where a passing gate is silent about its work. ... created: /tmp/tmpa4t9yd3n/quiet-gate
ok
test_the_ladder_records_every_stage_and_the_project_ships_the_script_target_and_command (test_benchmark.BenchmarkTest.test_the_ladder_records_every_stage_and_the_project_ships_the_script_target_and_command)
The section sits after *Who runs each stage* and before the slice loop; it asks each stage for one ... created: /tmp/tmp9rnxbexi/shape
ok
test_usage_is_unknown_with_the_reason_wherever_no_transcript_can_be_read (test_benchmark.BenchmarkTest.test_usage_is_unknown_with_the_reason_wherever_no_transcript_can_be_read)
Four roads to null, each a different sentence: no harness at all, a harness the registry records no ... created: /tmp/tmpi6ebaoy8/unknown
ok
test_a_left_open_entry_is_cut_off_by_the_next_start_with_its_tokens_read_from_the_transcript (test_benchmark_brackets.BenchmarkBracketsTest.test_a_left_open_entry_is_cut_off_by_the_next_start_with_its_tokens_read_from_the_transcript)
A run was stopped mid-implement; the next iteration's `start implement` stacked a second entry on the ... created: /tmp/tmpmmr84740/leftopen
ok
test_the_gate_warns_of_an_open_entry_a_done_slice_without_a_record_and_a_feature_without_one (test_benchmark_brackets.BenchmarkBracketsTest.test_the_gate_warns_of_an_open_entry_a_done_slice_without_a_record_and_a_feature_without_one)
`check-benchmark` used to run the script's self-test and nothing about the project, so a slice was ... created: /tmp/tmpzdcsibuu/gate
ok
test_the_runner_cuts_off_what_an_iteration_left_open_and_says_so (test_benchmark_brackets.BenchmarkBracketsTest.test_the_runner_cuts_off_what_an_iteration_left_open_and_says_so)
An iteration that opens a bracket and ends without closing it — or is ended by `stop --now` — leaves ... created: /tmp/tmpfdeym326/cutoff
ok
test_two_brackets_open_at_once_each_count_only_their_own_lines (test_benchmark_brackets.BenchmarkBracketsTest.test_two_brackets_open_at_once_each_count_only_their_own_lines)
A skipper round opened in the feature record while a slice's implementers run: the skipper's entry ... created: /tmp/tmpn81z2byw/overlap
ok
test_the_overview_says_when_a_slice_kept_going_back_to_converge (test_benchmark_overview.BenchmarkOverviewTest.test_the_overview_says_when_a_slice_kept_going_back_to_converge)
S11 took six converge passes and nineteen appended tasks; S10 took six and thirteen. The number ... created: /tmp/tmpw7sq2t6b/repeating
ok
test_a_browser_app_beside_another_language_gets_the_same_linter (test_biome.BiomeTest.test_a_browser_app_beside_another_language_gets_the_same_linter)
The frontend had no linter at all — `lint` was a second `tsc --noEmit` — and a project whose ... created: /tmp/tmpq8p3a9sb/biome-web
ok
test_a_node_service_is_linted_and_formatted_by_one_biome_at_the_root (test_biome.BiomeTest.test_a_node_service_is_linted_and_formatted_by_one_biome_at_the_root) ... created: /tmp/tmp049oaog4/biome-service
ok
test_a_project_with_no_npm_workspace_gets_no_configuration_and_no_target (test_biome.BiomeTest.test_a_project_with_no_npm_workspace_gets_no_configuration_and_no_target) ... created: /tmp/tmp8vioak8i/biome-none
ok
test_both_manifests_pin_the_same_biome (test_biome.BiomeTest.test_both_manifests_pin_the_same_biome)
npm hoists one copy to the workspace root, so a project whose two manifests disagreed would be ... ok
test_format_does_not_walk_a_non_npm_tree_under_packages (test_biome.BiomeTest.test_format_does_not_walk_a_non_npm_tree_under_packages)
The glob in `biome.jsonc` still names `packages/**`, because one configuration owns the rules ... created: /tmp/tmph_5nposo/biome-go-pkg
ok
test_nothing_of_the_linter_it_replaced_is_left (test_biome.BiomeTest.test_nothing_of_the_linter_it_replaced_is_left)
ESLint parsed TypeScript with Babel because typescript-eslint refuses TypeScript 7, which cost ... created: /tmp/tmp00vzj429/biome-replaces
ok
test_a_candidate_carries_what_confirming_it_needs_and_the_evidence_that_found_it (test_candidates.CandidateRecordTest.test_a_candidate_carries_what_confirming_it_needs_and_the_evidence_that_found_it) ... ok
test_a_describing_flag_is_refused_rather_than_silently_doing_nothing (test_candidates.CandidateRecordTest.test_a_describing_flag_is_refused_rather_than_silently_doing_nothing) ... ok
test_nothing_is_wrapped_and_everything_found_is_a_candidate (test_candidates.CandidateRecordTest.test_nothing_is_wrapped_and_everything_found_is_a_candidate) ... ok
test_the_survey_is_shown_as_facts_rather_than_asked_about (test_candidates.CandidateRecordTest.test_the_survey_is_shown_as_facts_rather_than_asked_about) ... ok
test_the_terminal_asks_the_forge_and_nothing_about_any_application (test_candidates.CandidateRecordTest.test_the_terminal_asks_the_forge_and_nothing_about_any_application) ... ok
test_yes_confirms_every_candidate_unlooked_at_and_says_so (test_candidates.CandidateRecordTest.test_yes_confirms_every_candidate_unlooked_at_and_says_so) ... ok
test_ground_drops_the_section_once_there_is_nothing_outstanding (test_candidates.CandidateSequenceTest.test_ground_drops_the_section_once_there_is_nothing_outstanding) ... ok
test_ground_opens_with_the_candidates_and_says_what_to_call (test_candidates.CandidateSequenceTest.test_ground_opens_with_the_candidates_and_says_what_to_call) ... ok
test_next_names_confirming_before_the_rows_and_the_gate (test_candidates.CandidateSequenceTest.test_next_names_confirming_before_the_rows_and_the_gate) ... ok
test_the_report_names_the_candidates_rather_than_claiming_none_was_found (test_candidates.CandidateSequenceTest.test_the_report_names_the_candidates_rather_than_claiming_none_was_found) ... ok
test_the_step_is_done_once_every_candidate_is_answered_for (test_candidates.CandidateSequenceTest.test_the_step_is_done_once_every_candidate_is_answered_for) ... ok
test_a_refresh_keeps_the_agent_the_record_names (test_candidates.RefreshCarriesTheRecordTest.test_a_refresh_keeps_the_agent_the_record_names) ... ok
test_a_refresh_keeps_the_candidates_and_the_command_that_asks_about_them (test_candidates.RefreshCarriesTheRecordTest.test_a_refresh_keeps_the_candidates_and_the_command_that_asks_about_them) ... ok
test_a_repository_already_adopted_is_refused_the_same_way (test_candidates.RefusesBeforeTheWorkTest.test_a_repository_already_adopted_is_refused_the_same_way) ... ok
test_an_unclean_tree_is_refused_before_anything_is_surveyed_or_asked (test_candidates.RefusesBeforeTheWorkTest.test_an_unclean_tree_is_refused_before_anything_is_surveyed_or_asked) ... ok
test_a_command_that_needs_an_application_names_the_candidates_instead_of_the_generic_refusal (test_candidates.RefusingGateTest.test_a_command_that_needs_an_application_names_the_candidates_instead_of_the_generic_refusal)
`./init` says to run `slipwai add-frontend web`, and between `adopt` and the first confirmed ... ok
test_the_gate_runs_once_a_candidate_is_confirmed (test_candidates.RefusingGateTest.test_the_gate_runs_once_a_candidate_is_confirmed) ... ok
test_the_generic_refusal_still_stands_where_there_are_no_candidates_either (test_candidates.RefusingGateTest.test_the_generic_refusal_still_stands_where_there_are_no_candidates_either) ... ok
test_verify_refuses_while_nothing_is_confirmed_and_names_what_confirms_one (test_candidates.RefusingGateTest.test_verify_refuses_while_nothing_is_confirmed_and_names_what_confirms_one) ... ok
test_a_default_is_a_recommendation_a_backend_can_actually_be_given (test_catalog.CatalogTest.test_a_default_is_a_recommendation_a_backend_can_actually_be_given)
A language can be added before its adapters are, so an axis with nothing for a backend falls back ... ok
test_a_service_trait_is_declared_by_the_option_and_checked_before_anything_reads_it (test_catalog.CatalogTest.test_a_service_trait_is_declared_by_the_option_and_checked_before_anything_reads_it)
"Needs a container, migrations, its own integration suite" is a declaration, not a product name. ... ok
test_catalog_and_default_are_valid (test_catalog.CatalogTest.test_catalog_and_default_are_valid) ... ok
test_event_capabilities_cannot_be_split (test_catalog.CatalogTest.test_event_capabilities_cannot_be_split) ... ok
test_every_axis_says_what_its_answers_have_in_common (test_catalog.CatalogTest.test_every_axis_says_what_its_answers_have_in_common)
An axis is named for a role, and the description is what keeps it from being renamed for a product ... ok
test_the_axes_are_asked_only_where_there_is_a_choice (test_catalog.CatalogTest.test_the_axes_are_asked_only_where_there_is_a_choice) ... ok
test_the_default_answer_on_every_axis_is_the_one_worth_starting_from (test_catalog.CatalogTest.test_the_default_answer_on_every_axis_is_the_one_worth_starting_from)
A default is a recommendation, and the one this factory makes is a real event store and the HTTP ... created: /tmp/tmpuit3vqml/default-typescript
created: /tmp/tmpuit3vqml/default-python
created: /tmp/tmpuit3vqml/default-go
created: /tmp/tmpuit3vqml/default-java-quarkus
created: /tmp/tmpuit3vqml/default-java-spring
created: /tmp/tmpuit3vqml/default-cd
ok
test_the_documented_axis_coverage_is_the_catalog_s (test_catalog.CatalogTest.test_the_documented_axis_coverage_is_the_catalog_s)
`docs/axes.md` states what each backend can be given, and prose cannot check itself. ... ok
test_the_in_memory_store_is_never_the_thing_that_gets_dropped (test_catalog.CatalogTest.test_the_in_memory_store_is_never_the_thing_that_gets_dropped)
It is what the port's contract runs against in `make verify`, so every answer ships it and no ... ok
test_the_pruner_knows_every_family_the_catalog_offers (test_catalog.CatalogTest.test_the_pruner_knows_every_family_the_catalog_offers)
A family the pruner has never heard of does not prune less — it refuses to prune at all. ... ok
test_the_selection_answers_which_feature_owns_each_service_trait (test_catalog.CatalogTest.test_the_selection_answers_which_feature_owns_each_service_trait)
The question every site asks is "which feature", never "is it Postgres". ... ok
test_a_conflicted_migration_still_leaves_them (test_catch_up.NotesTest.test_a_conflicted_migration_still_leaves_them)
The notes are what the *versions* asked for, which a conflict does not change — and a merge left ... created: /tmp/tmpeg07c01n/conflicted
ok
test_a_migration_leaves_the_notes_for_the_versions_it_crossed (test_catch_up.NotesTest.test_a_migration_leaves_the_notes_for_the_versions_it_crossed)
The range needs no searching: `migrate` reads `updatedWith` before it merges and knows the ... created: /tmp/tmpg_wcvwv_/noted
ok
test_a_page_is_written_even_when_nothing_was_crossed_and_says_why (test_catch_up.NotesTest.test_a_page_is_written_even_when_nothing_was_crossed_and_says_why)
An absent file reads as "nothing owed", which is the one thing this must never say by accident. ... ok
test_a_project_with_no_recorded_version_is_given_everything_and_told_why (test_catch_up.NotesTest.test_a_project_with_no_recorded_version_is_given_everything_and_told_why)
Every project scaffolded before 1.6.0: no factory before that wrote `generator`, so nothing in the ... created: /tmp/tmp04gvdxm1/ancient
ok
test_a_snapshot_is_read_as_the_release_it_is_heading_for (test_catch_up.NotesTest.test_a_snapshot_is_read_as_the_release_it_is_heading_for)
A project generated from `1.13.0.dev4` has had what the `1.13.0` entry described that day, so it ... ok
test_a_version_that_recorded_no_note_is_said_to_have_recorded_none (test_catch_up.NotesTest.test_a_version_that_recorded_no_note_is_said_to_have_recorded_none)
Printed as though it asked nothing, an entry whose author simply did not write one would read as ... created: /tmp/tmpqn13c958/unrecorded
ok
test_the_notes_are_git_ignored_so_they_are_never_committed (test_catch_up.NotesTest.test_the_notes_are_git_ignored_so_they_are_never_committed)
Disposable on purpose. The record that lasts is the factory's changelog; a copy committed into ... created: /tmp/tmp7pyvjgjy/ignored
ok
test_the_notes_quote_the_changelog_rather_than_rewriting_it (test_catch_up.NotesTest.test_the_notes_quote_the_changelog_rather_than_rewriting_it)
The one property that makes them worth reading: the sentence in the project is the sentence its ... ok
test_every_block_starts_after_a_blank_line (test_changelog.ChangelogTest.test_every_block_starts_after_a_blank_line)
Two paragraphs with no blank line between them render as one, which turns a block's lead sentence ... ok
test_every_entry_but_the_first_version_names_its_bump_level (test_changelog.ChangelogTest.test_every_entry_but_the_first_version_names_its_bump_level)
The level is the claim the rule is about — that a new option is a MINOR and a fixed asset a PATCH ... ok
test_every_fragment_opens_with_a_level_and_says_something (test_changelog.ChangelogTest.test_every_fragment_opens_with_a_level_and_says_something)
A fragment is a level and the prose: the level because the entry's is the highest of them, the ... ok
test_every_number_main_ever_carried_before_snapshots_has_an_entry (test_changelog.ChangelogTest.test_every_number_main_ever_carried_before_snapshots_has_an_entry)
Before snapshots every user-visible commit set `VERSION` to a release, and each of those numbers ... ok
test_every_release_this_repository_has_ever_tagged_has_an_entry (test_changelog.ChangelogTest.test_every_release_this_repository_has_ever_tagged_has_an_entry)
`tag-release.py` refuses a release without an entry, so this is the same rule read off the ... skipped 'no release tag is fetched here, so there is no release to hold to an entry'
test_main_carries_a_snapshot (test_changelog.ChangelogTest.test_main_carries_a_snapshot)
`1.3.0.dev0`, never `1.3.0`: a release is written into `VERSION` by `make release` alone, on the ... ok
test_the_changelog_holds_released_entries_only (test_changelog.ChangelogTest.test_the_changelog_holds_released_entries_only)
The release in flight has no entry here until it is cut. `make release` assembles one from the ... ok
test_the_draft_script_lists_what_has_landed_since_a_version (test_changelog.ChangelogTest.test_the_draft_script_lists_what_has_landed_since_a_version)
What it is for: the author writing a fragment is handed the commits rather than asked to remember ... ok
test_the_draft_script_refuses_a_version_this_history_never_set (test_changelog.ChangelogTest.test_the_draft_script_refuses_a_version_this_history_never_set) ... ok
test_the_entries_descend_and_none_is_written_twice (test_changelog.ChangelogTest.test_the_entries_descend_and_none_is_written_twice) ... ok
test_the_fragments_are_the_number_main_carries (test_changelog.ChangelogTest.test_the_fragments_are_the_number_main_carries)
The rule `AGENTS.md` states, as arithmetic: the number on `main` is the claim the changes since the ... ok
test_the_guide_to_the_directory_stays_with_it (test_changelog.ChangelogTest.test_the_guide_to_the_directory_stays_with_it)
A convention with nowhere to read it is a convention until the first person who has not seen it — ... ok
test_the_rule_and_the_files_point_at_each_other (test_changelog.ChangelogTest.test_the_rule_and_the_files_point_at_each_other)
`AGENTS.md` is where the versioning rule lives, and a fragment nobody is told to write is a ... ok
test_an_older_python3_is_named_before_any_gate_runs (test_check_python.CheckPythonTest.test_an_older_python3_is_named_before_any_gate_runs) ... created: /tmp/tmp64dsu05a/interpreter
ok
test_setup_go_keys_on_every_module_and_the_workspace_because_a_workspace_has_no_root_go_sum (test_ci_caches.CiCachesTest.test_setup_go_keys_on_every_module_and_the_workspace_because_a_workspace_has_no_root_go_sum)
`actions/setup-go` keys on `./go.sum` unless told otherwise, and a Go project here is a workspace: ... ok
test_a_refresh_writes_the_file_adopt_first_wrote (test_ci_fetch_adopted.AdoptedGateFetchesHistory.test_a_refresh_writes_the_file_adopt_first_wrote) ... ok
test_every_check_the_comment_names_without_a_clause_is_in_the_verify_chain_beside_it (test_ci_fetch_adopted.AdoptedGateFetchesHistory.test_every_check_the_comment_names_without_a_clause_is_in_the_verify_chain_beside_it)
T013: an adopted repository has no `check-flags`, so the comment names it only where the project has one. ... ok
test_every_forge_with_and_without_a_smoke_command_fetches_history_once_in_the_gate (test_ci_fetch_adopted.AdoptedGateFetchesHistory.test_every_forge_with_and_without_a_smoke_command_fetches_history_once_in_the_gate) ... ok
test_the_github_verify_job_carries_full_history_and_the_smoke_job_does_not (test_ci_fetch_adopted.AdoptedGateFetchesHistory.test_the_github_verify_job_carries_full_history_and_the_smoke_job_does_not) ... ok
test_the_gitlab_gate_job_carries_git_depth_and_the_smoke_job_and_rules_are_untouched (test_ci_fetch_adopted.AdoptedGateFetchesHistory.test_the_gitlab_gate_job_carries_git_depth_and_the_smoke_job_and_rules_are_untouched) ... ok
test_the_ci_line_for_other_and_for_none_ends_on_a_full_clone_with_the_trunks_branch_fetched (test_ci_fetch_adopted.AdoptedReportSaysWhatACiOfYourOwnNeeds.test_the_ci_line_for_other_and_for_none_ends_on_a_full_clone_with_the_trunks_branch_fetched) ... ok
test_every_check_the_comment_names_without_a_clause_is_one_the_projects_gate_runs (test_ci_fetch_generated.CiFetchGeneratedTest.test_every_check_the_comment_names_without_a_clause_is_one_the_projects_gate_runs)
The class (T013): `check-flags` ships with the `aws` and `azure` targets only, so the comment may name it ... ok
test_hold_no_other_generated_workflow_fetches_history (test_ci_fetch_generated.CiFetchGeneratedTest.test_hold_no_other_generated_workflow_fetches_history)
A hold: the event model's, the deploy, promotion and rollback workflows are what they were. ... ok
test_hold_the_integration_jobs_keep_their_depth_one_fetch_and_carry_no_fetch_depth (test_ci_fetch_generated.CiFetchGeneratedTest.test_hold_the_integration_jobs_keep_their_depth_one_fetch_and_carry_no_fetch_depth)
A hold: green before the change, and it has to stay green. ... ok
test_the_verify_job_checks_out_with_full_history_and_says_which_checks_need_it (test_ci_fetch_generated.CiFetchGeneratedTest.test_the_verify_job_checks_out_with_full_history_and_says_which_checks_need_it) ... ok
test_hold_a_project_made_before_the_slice_gains_the_key_when_it_migrates (test_ci_fetch_migrate.CiFetchMigrateTest.test_hold_a_project_made_before_the_slice_gains_the_key_when_it_migrates) ... created: /tmp/tmppcsdrmdv/product
ok
test_hold_a_project_that_wrote_its_own_with_meets_the_key_as_a_conflict_and_loses_neither_side (test_ci_fetch_migrate.CiFetchMigrateTest.test_hold_a_project_that_wrote_its_own_with_meets_the_key_as_a_conflict_and_loses_neither_side) ... created: /tmp/tmpwj90n7te/product
ok
test_hold_the_ux_gates_job_checks_out_with_full_history (test_ci_fetch_migrate.CiFetchMigrateTest.test_hold_the_ux_gates_job_checks_out_with_full_history)
The extension writes its job after generation, so `project_files()` never returns it. ... created: /tmp/tmp04dh04a9/scaled
ok
test_hold_a_pull_request_at_depth_one_is_not_refused (test_ci_history_gates.CiHistoryGatesTest.test_hold_a_pull_request_at_depth_one_is_not_refused)
e1 and e2: with no trunk ref the gates have no base and say nothing (why the verify job fetches it all). ... ok
test_hold_a_pull_request_with_history_is_refused_by_both_gates (test_ci_history_gates.CiHistoryGatesTest.test_hold_a_pull_request_with_history_is_refused_by_both_gates)
e1 (check-migrations) and e2 (check-flags), the full-history checkout, per target and per forge. ... ok
test_hold_s31_develop_trunk_beside_master_push_is_refused_with_every_branch_and_passes_at_depth_one (test_ci_history_gates.CiHistoryGatesTest.test_hold_s31_develop_trunk_beside_master_push_is_refused_with_every_branch_and_passes_at_depth_one)
Holds a reading `S31-gates-read-recorded-trunk` will change (D86, AC-S24-8): `check-migrations` finds its ... ok
test_hold_s31_develop_trunk_with_no_main_or_master_pull_request_with_history_passes (test_ci_history_gates.CiHistoryGatesTest.test_hold_s31_develop_trunk_with_no_main_or_master_pull_request_with_history_passes)
Holds a reading `S31-gates-read-recorded-trunk` will change (D86, AC-S24-8): with neither `main` nor ... ok
test_hold_s31_pull_request_to_a_release_branch_is_refused_though_its_expand_landed_there (test_ci_history_gates.CiHistoryGatesTest.test_hold_s31_pull_request_to_a_release_branch_is_refused_though_its_expand_landed_there)
Holds a reading `S31-gates-read-recorded-trunk` will weigh (D87, B1, AC-S24-8): both gates compare with ... ok
test_hold_s31_squash_merged_expand_then_contract_is_refused_at_the_source_tip_and_passes_on_the_merge (test_ci_history_gates.CiHistoryGatesTest.test_hold_s31_squash_merged_expand_then_contract_is_refused_at_the_source_tip_and_passes_on_the_merge)
Holds a reading `S31-gates-read-recorded-trunk` will weigh (D87, B2, AC-S24-8): where CI checks out the ... ok
test_hold_slice_scope_has_nothing_to_hold_on_a_feature_branch (test_ci_history_gates.CiHistoryGatesTest.test_hold_slice_scope_has_nothing_to_hold_on_a_feature_branch)
e4: the pull-request checkout from `feature/x` is not a `slice/<id>` branch: said so, exit 0. ... ok
test_hold_the_same_commits_on_the_trunk_pass_at_either_depth (test_ci_history_gates.CiHistoryGatesTest.test_hold_the_same_commits_on_the_trunk_pass_at_either_depth)
e3: on `main` itself nothing committed counts as new, whole clone or depth 1, both forges. ... ok
test_hold_there_is_a_flag_script_per_target (test_ci_history_gates.CiHistoryGatesTest.test_hold_there_is_a_flag_script_per_target)
The sweep's list: aws and azure each ship one, and each is covered below. ... ok
test_every_toolchain_is_pinned_by_version_and_digest (test_ci_image.CiImageTest.test_every_toolchain_is_pinned_by_version_and_digest)
A version without a digest is a tag someone else can move under us. ... ok
test_no_job_installs_a_toolchain (test_ci_image.CiImageTest.test_no_job_installs_a_toolchain)
The defect this replaced: a `setup-*` step re-downloads its toolchain into a container that is ... ok
test_the_check_reads_the_pins_from_the_checkout (test_ci_image.CiImageTest.test_the_check_reads_the_pins_from_the_checkout)
Every pin is asserted, and asserted against the repository rather than against the image. ... ok
test_the_dockerfile_takes_every_version_from_that_one_file (test_ci_image.CiImageTest.test_the_dockerfile_takes_every_version_from_that_one_file)
`versions.env` is the only place a toolchain version is written. ... ok
test_a_name_the_target_s_cloud_reserves_is_refused_at_generation (test_cli.CliTest.test_a_name_the_target_s_cloud_reserves_is_refused_at_generation)
A Cognito hosted-login domain is `<project>-<environment>-staff` and rejects any prefix ... created: /tmp/tmp6tozsq_2/aws-gh
created: /tmp/tmp6tozsq_2/gh-shop
ok
test_a_terminal_gets_a_list_to_move_through_rather_than_a_word_to_type (test_cli.CliTest.test_a_terminal_gets_a_list_to_move_through_rather_than_a_word_to_type)
Every fixed-list question is an arrow-key menu when both ends are a terminal: ↓ moves, Enter ... ok
test_bare_generate_prompts_for_each_value_and_accepts_defaults (test_cli.CliTest.test_bare_generate_prompts_for_each_value_and_accepts_defaults) ... ok
test_bare_generate_reprompts_after_invalid_answers (test_cli.CliTest.test_bare_generate_reprompts_after_invalid_answers) ... ok
test_existing_target_is_never_updated (test_cli.CliTest.test_existing_target_is_never_updated) ... created: /tmp/tmpj9iipiap/evolving-product
ok
test_generate_is_a_verb_and_a_bare_name_is_refused_with_the_verbs (test_cli.CliTest.test_generate_is_a_verb_and_a_bare_name_is_refused_with_the_verbs)
`slipwai generate <name>` beside `add-service`, `add-frontend`, `migrate`, `replay`, `upgrade` and `adopt`, ... ok
test_the_profile_question_argues_the_recommendation_it_makes (test_cli.CliTest.test_the_profile_question_argues_the_recommendation_it_makes)
The profile is the only answer a generated project can never give again — every axis can be ... ok
test_version_flag (test_cli.CliTest.test_version_flag) ... ok
test_a_deferred_mcp_tool_is_not_an_unavailable_one (test_code_index.CodeIndexTest.test_a_deferred_mcp_tool_is_not_an_unavailable_one)
The availability order was followed and the index still went unused, for a reason neither half ... created: /tmp/tmpsp0ln3h2/deferred
ok
test_a_project_that_never_adopted_the_extension_is_not_told_it_has_an_index (test_code_index.CodeIndexTest.test_a_project_that_never_adopted_the_extension_is_not_told_it_has_an_index)
The section is generated unconditionally and phrased conditionally, because an extension is ... created: /tmp/tmpwot5yal_/unindexed
ok
test_only_the_factorys_own_skills_name_the_index (test_code_index.CodeIndexTest.test_only_the_factorys_own_skills_name_the_index)
A skill with a `LICENSE` is vendored at a pinned upstream commit; naming the index in one buys a ... ok
test_the_block_names_the_route_that_always_exists_before_declaring_the_index_unreachable (test_code_index.CodeIndexTest.test_the_block_names_the_route_that_always_exists_before_declaring_the_index_unreachable)
The block used to be unconditional: query the index, do not delegate the exploration. In a ... ok
test_the_block_says_the_index_is_only_maintained_while_a_client_is_attached (test_code_index.CodeIndexTest.test_the_block_says_the_index_is_only_maintained_while_a_client_is_attached)
It claimed the index was "kept fresh automatically as files change". It is — while a CodeGraph ... ok
test_the_connection_travels_with_the_checkout_and_every_project_is_ready_for_it (test_code_index.CodeIndexTest.test_the_connection_travels_with_the_checkout_and_every_project_is_ready_for_it)
CodeGraph's own installer writes user-level config, on the one machine `./init` ran on; a container, a ... created: /tmp/tmpwc4_mugc/ready
ok
test_the_extension_still_writes_a_marker_fenced_block_into_agents (test_code_index.CodeIndexTest.test_the_extension_still_writes_a_marker_fenced_block_into_agents)
What the section's conditional wording depends on: the block is what a project checks for, and ... ok
test_the_section_is_near_the_top_of_every_generated_agents_file (test_code_index.CodeIndexTest.test_the_section_is_near_the_top_of_every_generated_agents_file)
Position is the whole point. The extension's own block can only be appended, which put it after ... created: /tmp/tmp6ix9tols/indexed-go
created: /tmp/tmp6ix9tols/indexed-python
ok
test_the_skills_the_section_names_still_say_what_it_quotes_them_as_saying (test_code_index.CodeIndexTest.test_the_skills_the_section_names_still_say_what_it_quotes_them_as_saying)
The cross-reference is the bridge between standing advice and the moment it is needed, and it is ... ok
test_a_file_the_index_never_saw_and_a_file_it_read_before_it_changed_both_fail (test_code_index.CodegraphGateTest.test_a_file_the_index_never_saw_and_a_file_it_read_before_it_changed_both_fail)
The two shapes of the same failure, and the message names the cause rather than a rebuild: the ... created: /tmp/tmpghxmiff5/indexed-stale
ok
test_a_project_with_no_index_says_so_and_passes (test_code_index.CodegraphGateTest.test_a_project_with_no_index_says_so_and_passes)
The code index is an optional extension, so its gate is a no-op in every project that never ... created: /tmp/tmpn2dbx7j4/ungated
ok
test_a_schema_this_gate_cannot_read_is_reported_and_skipped (test_code_index.CodegraphGateTest.test_a_schema_this_gate_cannot_read_is_reported_and_skipped)
CodeGraph owns that schema. A version of it that renamed the column this reads is CodeGraph's ... created: /tmp/tmpza2txcmw/indexed-moved-on
ok
test_an_index_holding_nothing_at_all_fails_too (test_code_index.CodegraphGateTest.test_an_index_holding_nothing_at_all_fails_too)
Which files an index should hold is read off the ones it has read, so an empty one has no ... created: /tmp/tmpf1ll7usg/indexed-empty
ok
test_an_index_that_matches_the_tracked_source_passes (test_code_index.CodegraphGateTest.test_an_index_that_matches_the_tracked_source_passes)
Content, not modification time: a checkout, a rebase or a `touch` moves an mtime without ... created: /tmp/tmpwjolew5q/indexed-current
ok
test_a_corrupt_index_is_rebuilt_by_the_runner_before_the_iteration_asks_it (test_code_index_health.CodeIndexHealthTest.test_a_corrupt_index_is_rebuilt_by_the_runner_before_the_iteration_asks_it)
The acceptance the report asked for: corrupt the database, start the run, and the iteration's first index ... created: /tmp/tmpnoihquqs/corrupted
ok
test_a_drive_session_opens_on_a_sound_index_and_hears_only_what_was_done (test_code_index_health.CodeIndexHealthTest.test_a_drive_session_opens_on_a_sound_index_and_hears_only_what_was_done)
A person's `/drive` has no runner in front of it, so Claude Code's `SessionStart` hook (`startup`) takes ... created: /tmp/tmpl9h0rfuf/opened
ok
test_a_search_of_another_checkout_is_not_held_to_this_repositorys_index (test_code_index_health.CodeIndexHealthTest.test_a_search_of_another_checkout_is_not_held_to_this_repositorys_index)
A session opened in one repository searched another — `grep -rn version` in the factory's own ... created: /tmp/tmpwi5adzkh/guarded-here
ok
test_a_symbol_search_of_the_source_waits_for_the_index_and_a_search_for_words_does_not (test_code_index_health.CodeIndexHealthTest.test_a_symbol_search_of_the_source_waits_for_the_index_and_a_search_for_words_does_not)
Claude Code's PreToolUse hook, per asker: the session and each delegate (`agent_id`). A search of the ... created: /tmp/tmpoeqfpoaa/guarded
ok
test_the_gate_repairs_a_corrupt_or_stale_index_before_it_judges_and_fails_one_it_cannot (test_code_index_health.CodeIndexHealthTest.test_the_gate_repairs_a_corrupt_or_stale_index_before_it_judges_and_fails_one_it_cannot)
`codegraph status` and `sync` call a malformed database up to date, and the gate used to skip one whose ... created: /tmp/tmpn4q58ds9/gated
ok
test_the_log_the_feed_and_status_count_index_queries_per_delegate_and_name_who_grepped_first (test_code_index_health.CodeIndexHealthTest.test_the_log_the_feed_and_status_count_index_queries_per_delegate_and_name_who_grepped_first)
`status` used to count the iterations that asked. Per delegate now, from the stream Claude Code tags with ... created: /tmp/tmpcqnap_ne/counted
ok
test_a_database_the_check_cannot_open_is_not_called_corrupt_and_is_never_moved_aside (test_code_index_open.CodeIndexOpenTest.test_a_database_the_check_cannot_open_is_not_called_corrupt_and_is_never_moved_aside)
A project on macOS's system Python found `check-codegraph` calling CodeGraph's sound WAL database corrupt: ... created: /tmp/tmpxz057cxq/unopened
ok
test_a_file_in_a_subdirectory_is_keyed_with_slashes_whatever_the_platform (test_codegraph_bytes.APathKeyedInTheMemoryIsSpelledAsGitSpellsItTest.test_a_file_in_a_subdirectory_is_keyed_with_slashes_whatever_the_platform) ... ok
test_a_declined_file_touched_after_a_whole_pass_is_judged_as_the_whole_run_judges_it (test_codegraph_bytes.ATrackedFileTheIndexHoldsNoRowForTest.test_a_declined_file_touched_after_a_whole_pass_is_judged_as_the_whole_run_judges_it) ... created: /tmp/tmpmzpm9jkl/narrowed
created: /tmp/tmppbedym5t/narrowed
ok
test_hold_a_declined_file_left_alone_stays_current (test_codegraph_bytes.ATrackedFileTheIndexHoldsNoRowForTest.test_hold_a_declined_file_left_alone_stays_current) ... created: /tmp/tmpizzd34xc/narrowed
ok
test_hold_a_file_newly_tracked_after_the_memory_is_judged_however_git_reports_it (test_codegraph_bytes.ATrackedFileTheIndexHoldsNoRowForTest.test_hold_a_file_newly_tracked_after_the_memory_is_judged_however_git_reports_it)
Hold: the run is the whole run's, committed, staged, or intent-to-add. Its teeth are git's report. ... created: /tmp/tmpro34v8rd/narrowed
created: /tmp/tmppq63gjth/narrowed
created: /tmp/tmp7t8_f_ah/narrowed
ok
test_flagged_and_edited_before_a_narrowed_pass_renewed_the_memory (test_codegraph_bytes.WhatGitWasNotReportingWhenTheMemoryVouchedTest.test_flagged_and_edited_before_a_narrowed_pass_renewed_the_memory) ... created: /tmp/tmppvl3ijw5/narrowed
created: /tmp/tmpnicywh87/narrowed
ok
test_flagged_and_edited_before_a_whole_pass_wrote_the_memory (test_codegraph_bytes.WhatGitWasNotReportingWhenTheMemoryVouchedTest.test_flagged_and_edited_before_a_whole_pass_wrote_the_memory) ... created: /tmp/tmp20g2ve6h/narrowed
created: /tmp/tmp3ds4eepi/narrowed
ok
test_a_file_modified_within_two_seconds_of_the_run_that_vouched_for_it_is_hashed (test_codegraph_bytes.WhatGitsComparisonNormalisesAwayTest.test_a_file_modified_within_two_seconds_of_the_run_that_vouched_for_it_is_hashed) ... created: /tmp/tmp6tg5wajq/narrowed
ok
test_a_memory_written_before_the_files_were_recorded_is_the_whole_run (test_codegraph_bytes.WhatGitsComparisonNormalisesAwayTest.test_a_memory_written_before_the_files_were_recorded_is_the_whole_run) ... created: /tmp/tmp7w3miksn/narrowed
ok
test_a_same_size_rewrite_in_place_with_its_modification_time_restored (test_codegraph_bytes.WhatGitsComparisonNormalisesAwayTest.test_a_same_size_rewrite_in_place_with_its_modification_time_restored) ... created: /tmp/tmpa_x8s7qu/narrowed
ok
test_a_touch_is_hashed_once_and_then_not_again (test_codegraph_bytes.WhatGitsComparisonNormalisesAwayTest.test_a_touch_is_hashed_once_and_then_not_again) ... created: /tmp/tmp4bnziypl/narrowed
ok
test_crlf_after_git_add (test_codegraph_bytes.WhatGitsComparisonNormalisesAwayTest.test_crlf_after_git_add) ... created: /tmp/tmp_s9_3oqs/narrowed
ok
test_crlf_before_git_add (test_codegraph_bytes.WhatGitsComparisonNormalisesAwayTest.test_crlf_before_git_add) ... created: /tmp/tmpr2xssulm/narrowed
ok
test_the_mirror_crlf_when_the_memory_was_written_and_lf_after (test_codegraph_bytes.WhatGitsComparisonNormalisesAwayTest.test_the_mirror_crlf_when_the_memory_was_written_and_lf_after) ... created: /tmp/tmp3go04xmf/narrowed
ok
test_a_commit_the_repository_no_longer_has (test_codegraph_memory.AMemoryThatCannotBeUsedTest.test_a_commit_the_repository_no_longer_has) ... created: /tmp/tmp_48n3zb8/memory
ok
test_a_corrupt_database_is_rebuilt_or_failed_never_skipped (test_codegraph_memory.AMemoryThatCannotBeUsedTest.test_a_corrupt_database_is_rebuilt_or_failed_never_skipped) ... created: /tmp/tmp31v0ogh4/memory
ok
test_a_gate_script_that_changed_since (test_codegraph_memory.AMemoryThatCannotBeUsedTest.test_a_gate_script_that_changed_since) ... created: /tmp/tmpplk8w4w8/memory
created: /tmp/tmp_tc985pr/memory
ok
test_a_memory_of_the_right_shape_with_a_content_the_run_cannot_use (test_codegraph_memory.AMemoryThatCannotBeUsedTest.test_a_memory_of_the_right_shape_with_a_content_the_run_cannot_use)
AC-S01-18's class: any content of the memory file, to the depth the run uses it, is the whole run. ... created: /tmp/tmpuqg3iqru/memory
ok
test_a_memory_that_is_not_json (test_codegraph_memory.AMemoryThatCannotBeUsedTest.test_a_memory_that_is_not_json) ... created: /tmp/tmpezpgo89i/memory
ok
test_a_memory_too_deeply_nested_to_be_decoded_is_the_whole_run (test_codegraph_memory.AMemoryThatCannotBeUsedTest.test_a_memory_too_deeply_nested_to_be_decoded_is_the_whole_run)
T022: reading the memory is guarded as using it is; nesting past the decoder's stack is one more content. ... created: /tmp/tmpvf3mgdho/memory
ok
test_hold_a_sound_database_whose_files_table_cannot_be_read_is_skipped_as_today (test_codegraph_memory.AMemoryThatCannotBeUsedTest.test_hold_a_sound_database_whose_files_table_cannot_be_read_is_skipped_as_today)
D48: AC-S01-18's *never skipped* is about damage. The narrowed attempt goes whole, the integrity check ... created: /tmp/tmphqc09gxu/memory
ok
test_no_memory_file (test_codegraph_memory.AMemoryThatCannotBeUsedTest.test_no_memory_file) ... created: /tmp/tmpuxz8pv9z/memory
ok
test_a_narrowed_pass_that_synced_renews_the_memory_and_keeps_the_whole_moment (test_codegraph_memory.TheMemoryIsWrittenOnlyByAPassTest.test_a_narrowed_pass_that_synced_renews_the_memory_and_keeps_the_whole_moment) ... created: /tmp/tmpuths9kt5/narrowed
ok
test_hold_a_failing_run_leaves_the_memory_as_it_was (test_codegraph_memory.TheMemoryIsWrittenOnlyByAPassTest.test_hold_a_failing_run_leaves_the_memory_as_it_was)
Green at the tree where only a pass writes; seen failing with the write moved before the verdict. ... created: /tmp/tmpcb7_78gm/narrowed
ok
test_hold_a_memory_copied_into_a_clone_at_another_commit_is_not_trusted (test_codegraph_memory.TheMemoryIsWrittenOnlyByAPassTest.test_hold_a_memory_copied_into_a_clone_at_another_commit_is_not_trusted)
A copy of `.codegraph/` (another inode), and a hard link to it (the same inode and device): the commit ... created: /tmp/tmpae5kvzte/copy
created: /tmp/tmp_yuv76dk/link
ok
test_hold_git_never_sees_the_memory (test_codegraph_memory.TheMemoryIsWrittenOnlyByAPassTest.test_hold_git_never_sees_the_memory) ... created: /tmp/tmpjjn45u2c/narrowed
ok
test_where_git_would_see_it_no_memory_is_written_and_every_run_is_whole (test_codegraph_memory.TheMemoryIsWrittenOnlyByAPassTest.test_where_git_would_see_it_no_memory_is_written_and_every_run_is_whole) ... created: /tmp/tmpdn0kkprn/narrowed
ok
test_a_database_that_is_another_file_is_never_narrowed (test_codegraph_memory.WhatTheMemoryCannotVouchForTest.test_a_database_that_is_another_file_is_never_narrowed) ... created: /tmp/tmppntr9_a9/narrowed
ok
test_a_file_dirty_at_the_memory_and_reverted_since_is_hashed (test_codegraph_memory.WhatTheMemoryCannotVouchForTest.test_a_file_dirty_at_the_memory_and_reverted_since_is_hashed) ... created: /tmp/tmp7tfrza7x/narrowed
ok
test_a_file_git_was_told_not_to_report_is_hashed (test_codegraph_memory.WhatTheMemoryCannotVouchForTest.test_a_file_git_was_told_not_to_report_is_hashed) ... created: /tmp/tmpr1esjc1z/narrowed
created: /tmp/tmplpia3z5w/narrowed
ok
test_a_row_added_for_a_tracked_file_is_hashed (test_codegraph_memory.WhatTheMemoryCannotVouchForTest.test_a_row_added_for_a_tracked_file_is_hashed) ... created: /tmp/tmpssnkkqlp/narrowed
ok
test_a_row_deleted_from_the_index_gives_the_whole_runs_verdict (test_codegraph_memory.WhatTheMemoryCannotVouchForTest.test_a_row_deleted_from_the_index_gives_the_whole_runs_verdict) ... created: /tmp/tmp1dq39qvm/narrowed
ok
test_a_row_rewritten_in_the_index_is_hashed (test_codegraph_memory.WhatTheMemoryCannotVouchForTest.test_a_row_rewritten_in_the_index_is_hashed) ... created: /tmp/tmpw4yf6cdw/narrowed
ok
test_a_sync_in_place_is_followed_by_the_second_comparison_and_renews_the_memory (test_codegraph_narrowed.ASyncThatWritesInPlaceTest.test_a_sync_in_place_is_followed_by_the_second_comparison_and_renews_the_memory) ... created: /tmp/tmp0xo1th2c/narrowed
ok
test_a_sync_that_does_not_take_fails_and_leaves_the_memory_as_it_was (test_codegraph_narrowed.ASyncThatWritesInPlaceTest.test_a_sync_that_does_not_take_fails_and_leaves_the_memory_as_it_was) ... created: /tmp/tmprsbhhl23/narrowed
ok
test_a_committed_edit_is_still_one_and_the_pass_renews_the_next_run_to_none (test_codegraph_narrowed.NarrowedRunTest.test_a_committed_edit_is_still_one_and_the_pass_renews_the_next_run_to_none) ... created: /tmp/tmp2lsy9o7b/narrowed
ok
test_an_index_behind_the_tree_is_synced_first_and_the_edit_hashed (test_codegraph_narrowed.NarrowedRunTest.test_an_index_behind_the_tree_is_synced_first_and_the_edit_hashed) ... created: /tmp/tmpeiaqpiff/narrowed
ok
test_hold_without_repairing_a_stale_file_fails_with_todays_report (test_codegraph_narrowed.NarrowedRunTest.test_hold_without_repairing_a_stale_file_fails_with_todays_report)
Green today as well — the whole run says this too — and it must say it on the narrowed path. ... created: /tmp/tmpfea5dne8/narrowed
ok
test_nothing_changed_hashes_nothing (test_codegraph_narrowed.NarrowedRunTest.test_nothing_changed_hashes_nothing) ... created: /tmp/tmp7bbuh4o2/narrowed
ok
test_one_edited_file_is_the_one_file_hashed (test_codegraph_narrowed.NarrowedRunTest.test_one_edited_file_is_the_one_file_hashed) ... created: /tmp/tmp_pnn5g7_/narrowed
ok
test_hold_a_corrupt_database_is_rebuilt_or_failed_as_today_off_the_narrowed_path (test_codegraph_narrowed.WholeRunIsTodaysTest.test_hold_a_corrupt_database_is_rebuilt_or_failed_as_today_off_the_narrowed_path) ... created: /tmp/tmpw95z7tb7/narrowed
ok
test_hold_another_branch_and_a_detached_head_are_whole (test_codegraph_narrowed.WholeRunIsTodaysTest.test_hold_another_branch_and_a_detached_head_are_whole) ... created: /tmp/tmpru5vup6b/narrowed
ok
test_hold_in_ci_on_a_slice_branch_the_run_is_whole_and_leaves_the_memory_alone (test_codegraph_narrowed.WholeRunIsTodaysTest.test_hold_in_ci_on_a_slice_branch_the_run_is_whole_and_leaves_the_memory_alone) ... created: /tmp/tmptyobl6h6/narrowed
ok
test_hold_the_trunk_prints_todays_line_and_opens_every_indexed_file (test_codegraph_narrowed.WholeRunIsTodaysTest.test_hold_the_trunk_prints_todays_line_and_opens_every_indexed_file) ... created: /tmp/tmp1swfoelq/narrowed
ok
test_a_row_rewritten_after_a_sync_is_judged_by_the_comparison_after_it (test_codegraph_races.OneReadOfTheRowsTest.test_a_row_rewritten_after_a_sync_is_judged_by_the_comparison_after_it) ... created: /tmp/tmpdvdxdk77/narrowed
ok
test_a_row_rewritten_between_the_reads_fails_and_is_not_recorded (test_codegraph_races.OneReadOfTheRowsTest.test_a_row_rewritten_between_the_reads_fails_and_is_not_recorded) ... created: /tmp/tmpu5ph5zp6/narrowed
ok
test_a_fifo_at_the_temporary_name_does_not_hang_the_run (test_codegraph_races.TheRecordIsWrittenThroughAFileOfItsOwnTest.test_a_fifo_at_the_temporary_name_does_not_hang_the_run) ... created: /tmp/tmp6b2cjn81/narrowed
ok
test_a_link_committed_at_the_temporary_name_is_not_written_through_on_a_slice_branch (test_codegraph_races.TheRecordIsWrittenThroughAFileOfItsOwnTest.test_a_link_committed_at_the_temporary_name_is_not_written_through_on_a_slice_branch) ... created: /tmp/tmp6v_3yera/narrowed
ok
test_a_link_committed_at_the_temporary_name_is_not_written_through_on_the_trunk (test_codegraph_races.TheRecordIsWrittenThroughAFileOfItsOwnTest.test_a_link_committed_at_the_temporary_name_is_not_written_through_on_the_trunk) ... created: /tmp/tmph3bwyav9/narrowed
ok
test_a_record_that_is_a_directory_a_link_or_a_fifo_is_never_fatal_and_writes_nothing_outside (test_codegraph_races.TheRecordIsWrittenThroughAFileOfItsOwnTest.test_a_record_that_is_a_directory_a_link_or_a_fifo_is_never_fatal_and_writes_nothing_outside) ... created: /tmp/tmpgj1cmng0/narrowed
created: /tmp/tmpqa0ou5_2/narrowed
created: /tmp/tmp8hlmjok3/narrowed
ok
test_a_stale_temporary_file_of_the_gates_own_left_by_a_killed_run_is_swept (test_codegraph_races.TheRecordIsWrittenThroughAFileOfItsOwnTest.test_a_stale_temporary_file_of_the_gates_own_left_by_a_killed_run_is_swept) ... created: /tmp/tmp5cj92sls/narrowed
ok
test_a_tracked_regular_file_at_the_temporary_name_is_left_as_it_is (test_codegraph_races.TheRecordIsWrittenThroughAFileOfItsOwnTest.test_a_tracked_regular_file_at_the_temporary_name_is_left_as_it_is) ... created: /tmp/tmpf776_g4e/narrowed
ok
test_twelve_runs_at_once_leave_one_valid_record_and_no_stray_file (test_codegraph_races.TheRecordIsWrittenThroughAFileOfItsOwnTest.test_twelve_runs_at_once_leave_one_valid_record_and_no_stray_file) ... created: /tmp/tmp08403_7q/narrowed
ok
test_the_commits_tree_moved_away_gives_the_whole_run_and_says_why (test_codegraph_said.GitUnableToListWhatChangedTest.test_the_commits_tree_moved_away_gives_the_whole_run_and_says_why) ... created: /tmp/tmp13d4t8r1/narrowed
ok
test_each_text_that_describes_the_gate_says_so (test_codegraph_said.WhatThePagesSayOfWhereTheGateNarrowsTest.test_each_text_that_describes_the_gate_says_so) ... ok
test_hold_on_the_trunk_the_line_is_todays (test_codegraph_said.WhereGitDoesNotIgnoreTheIndexTest.test_hold_on_the_trunk_the_line_is_todays) ... created: /tmp/tmpv3phuwv0/narrowed
ok
test_the_clause_says_the_record_cannot_be_kept_and_why_not_that_none_is_recorded (test_codegraph_said.WhereGitDoesNotIgnoreTheIndexTest.test_the_clause_says_the_record_cannot_be_kept_and_why_not_that_none_is_recorded) ... created: /tmp/tmpbuvoh9ik/narrowed
ok
test_a_converge_finding_closes_the_class_and_the_verdict_records_the_sweep (test_commands.CommandsTest.test_a_converge_finding_closes_the_class_and_the_verdict_records_the_sweep)
Six converge passes on one slice, nineteen appended tasks, and about seven of them the sibling ... created: /tmp/tmpepbk1oly/sweeping
ok
test_a_project_with_nothing_long_lived_to_start_makes_no_such_promise (test_commands.CommandsTest.test_a_project_with_nothing_long_lived_to_start_makes_no_such_promise)
The reminder belongs where there is a process. A project with none has a different problem. ... created: /tmp/tmp4ei9i_oj/nothing-alive
ok
test_a_slice_with_a_screen_styles_it_and_an_unstyled_screen_is_not_demonstrated (test_commands.CommandsTest.test_a_slice_with_a_screen_styles_it_and_an_unstyled_screen_is_not_demonstrated)
First slices kept arriving at the demo on browser defaults, and a demo must never show a ... created: /tmp/tmpnx2u6n63/styled
created: /tmp/tmpnx2u6n63/unstyled
ok
test_every_slice_gets_both_gaps_passes_and_a_convergence_stage (test_commands.CommandsTest.test_every_slice_gets_both_gaps_passes_and_a_convergence_stage)
Two different questions, each with the skill that owns it: is the artifact complete before it is ... created: /tmp/tmpzmw3z266/two-gaps
created: /tmp/tmpapqbwpna/two-gaps
ok
test_the_demo_stop_opens_with_a_progress_board_counted_in_slices (test_commands.CommandsTest.test_the_demo_stop_opens_with_a_progress_board_counted_in_slices)
A product owner had to ask how many slices and tasks there were. ... created: /tmp/tmpr51hz_xb/board-standard
created: /tmp/tmpr51hz_xb/board-event-modelling
ok
test_the_demo_stop_requires_the_process_to_outlive_the_turn (test_commands.CommandsTest.test_the_demo_stop_requires_the_process_to_outlive_the_turn)
A demo whose server is already stopped is a test somebody ran alone. ... created: /tmp/tmpn93y1vme/alive-standard
created: /tmp/tmpn93y1vme/alive-event-modelling
ok
test_the_expensive_pass_is_triggered_by_surface_and_recorded_either_way (test_commands.CommandsTest.test_the_expensive_pass_is_triggered_by_surface_and_recorded_either_way)
An adversarial pass per slice is a cost no gate asks for — `check-constitution.py` names the ... created: /tmp/tmpgp7pz64r/surface-trigger
created: /tmp/tmp8_p_hu1x/surface-trigger
ok
test_where_are_we_draws_the_demo_stop_board_on_demand_and_changes_nothing (test_commands.CommandsTest.test_where_are_we_draws_the_demo_stop_board_on_demand_and_changes_nothing)
The board answered the owner's question at the demo stop; the question does not wait for one. ... created: /tmp/tmps48m3oa6/where-standard
created: /tmp/tmps48m3oa6/where-event-modelling
ok
test_where_are_we_reads_release_constraints_off_the_flags_file_under_a_managed_target (test_commands.CommandsTest.test_where_are_we_reads_release_constraints_off_the_flags_file_under_a_managed_target) ... created: /tmp/tmpb8qsvbkb/where-flagged
ok
test_local_cycles_and_slice_boundaries_have_different_evidence_costs (test_commit_boundaries.CommitBoundaryTest.test_local_cycles_and_slice_boundaries_have_different_evidence_costs)
Each cycle is a local commit; the full gate runs once, immediately before the first push. ... created: /tmp/tmp9xw5brnu/commit-boundary-event-modelling
created: /tmp/tmpxqakh1m7/commit-boundary-standard
ok
test_a_candidate_nobody_recorded_is_refused_with_the_ones_there_are (test_confirm.ConfirmTest.test_a_candidate_nobody_recorded_is_refused_with_the_ones_there_are) ... ok
test_a_decline_only_run_says_the_gate_still_refuses (test_confirm.ConfirmTest.test_a_decline_only_run_says_the_gate_still_refuses) ... ok
test_a_description_that_names_no_confirmed_candidate_is_refused (test_confirm.ConfirmTest.test_a_description_that_names_no_confirmed_candidate_is_refused) ... ok
test_a_flag_that_describes_the_adoption_is_refused_rather_than_thrown_away (test_confirm.ConfirmTest.test_a_flag_that_describes_the_adoption_is_refused_rather_than_thrown_away)
`adopt --confirm shop --integration cursor` looked like it recorded a harness and recorded ... ok
test_a_generated_project_has_no_candidates_to_confirm (test_confirm.ConfirmTest.test_a_generated_project_has_no_candidates_to_confirm) ... created: /tmp/tmplzf5swzb/shop
ok
test_an_empty_command_records_none_rather_than_a_command_that_runs_nothing (test_confirm.ConfirmTest.test_an_empty_command_records_none_rather_than_a_command_that_runs_nothing)
`--command shop:test=` is what a shell leaves behind when a variable is unset, and `/ground` ... ok
test_confirming_and_declining_the_same_candidate_is_refused (test_confirm.ConfirmTest.test_confirming_and_declining_the_same_candidate_is_refused) ... ok
test_confirming_records_the_application_and_regenerates_what_reads_it (test_confirm.ConfirmTest.test_confirming_records_the_application_and_regenerates_what_reads_it) ... ok
test_confirming_twice_says_there_is_nothing_outstanding (test_confirm.ConfirmTest.test_confirming_twice_says_there_is_nothing_outstanding) ... ok
test_declining_every_candidate_is_refused_because_the_method_wraps_applications (test_confirm.ConfirmTest.test_declining_every_candidate_is_refused_because_the_method_wraps_applications) ... ok
test_declining_records_nothing_in_its_place (test_confirm.ConfirmTest.test_declining_records_nothing_in_its_place) ... ok
test_it_refuses_only_where_it_would_write_over_somebodys_uncommitted_change (test_confirm.ConfirmTest.test_it_refuses_only_where_it_would_write_over_somebodys_uncommitted_change)
A stray file of the person's own is nothing this writes, so it does not stop the answer; a hand edit ... ok
test_the_flags_a_settling_run_does_take_are_not_refused (test_confirm.ConfirmTest.test_the_flags_a_settling_run_does_take_are_not_refused) ... ok
test_the_last_candidate_answered_for_leaves_no_candidates_key (test_confirm.ConfirmTest.test_the_last_candidate_answered_for_leaves_no_candidates_key) ... ok
test_the_report_says_which_command_each_target_was_vouched_for_with (test_confirm.ConfirmTest.test_the_report_says_which_command_each_target_was_vouched_for_with)
Confirming takes the survey's reading of every command not named on the command line and records ... ok
test_an_adopted_repository_ratifies_a_journey_and_the_gate_holds_it_to_the_map (test_constitution.ConstitutionTest.test_an_adopted_repository_ratifies_a_journey_and_the_gate_holds_it_to_the_map)
A repository on long-lived branches cannot truthfully ratify "trunk MUST be releasable at every commit". ... ok
test_constitution_gate_holds_the_floor_the_profile_asks_for (test_constitution.ConstitutionTest.test_constitution_gate_holds_the_floor_the_profile_asks_for)
A constitution that dropped the practices this foundation depends on is a set of gates that ... created: /tmp/tmp4z9xxz71/floor-go
created: /tmp/tmp4z9xxz71/floor-typescript
ok
test_standard_gate_rejects_an_event_sourcing_constitution (test_constitution.ConstitutionTest.test_standard_gate_rejects_an_event_sourcing_constitution) ... created: /tmp/tmpcul4eio3/standard-constitution
ok
test_the_constitution_phase_is_hooked_on_both_sides (test_constitution.ConstitutionTest.test_the_constitution_phase_is_hooked_on_both_sides)
The gate is only a gate if the drafting phase meets it. `before_constitution` prints the floor ... created: /tmp/tmp6151nd7f/hooked-constitution
ok
test_the_init_commit_passes_and_the_first_spec_makes_the_gate_apply (test_constitution.ConstitutionTest.test_the_init_commit_passes_and_the_first_spec_makes_the_gate_apply)
`./init` installs the template and pushes; under a production target that push is the first ... created: /tmp/tmp5kdfpwtc/first-push
ok
test_the_shipped_constitution_template_satisfies_the_gate_it_ships_with (test_constitution.ConstitutionTest.test_the_shipped_constitution_template_satisfies_the_gate_it_ships_with)
The preset template and the gate are two statements of the same floor, maintained in different ... created: /tmp/tmpttfig1d6/template-floor
created: /tmp/tmp43l93ozx/template-floor
ok
test_check_refuses_with_every_reason_and_moves_nothing_until_every_row_is_at_its_target (test_converge.ConvergeTest.test_check_refuses_with_every_reason_and_moves_nothing_until_every_row_is_at_its_target) ... ok
test_converging_moves_the_material_to_the_root_as_one_merge_and_the_repository_is_generated_from_then_on (test_converge.ConvergeTest.test_converging_moves_the_material_to_the_root_as_one_merge_and_the_repository_is_generated_from_then_on) ... ok
test_the_finishing_commit_falls_back_unless_the_checkout_has_both_a_name_and_an_email (test_converge.ConvergeTest.test_the_finishing_commit_falls_back_unless_the_checkout_has_both_a_name_and_an_email)
Git refuses a commit that has one and not the other, so half an identity has to count as none. ... ok
test_an_ant_build_holds_the_platform_row_at_inventoried_until_it_moves (test_convergence.AntBuildTest.test_an_ant_build_holds_the_platform_row_at_inventoried_until_it_moves) ... ok
test_a_refresh_follows_the_tree_where_nobody_placed_a_row_and_keeps_what_a_person_did (test_convergence.ConvergenceTest.test_a_refresh_follows_the_tree_where_nobody_placed_a_row_and_keeps_what_a_person_did) ... ok
test_a_rung_is_claimed_only_from_a_fact_and_the_floor_is_unrecorded (test_convergence.ConvergenceTest.test_a_rung_is_claimed_only_from_a_fact_and_the_floor_is_unrecorded) ... ok
test_every_axis_has_a_floor_a_target_and_a_meaning_for_each_rung (test_convergence.ConvergenceTest.test_every_axis_has_a_floor_a_target_and_a_meaning_for_each_rung) ... ok
test_an_adopted_repository_proceeds_on_assumptions_where_a_persons_word_is_the_artifact (test_cruise.CruiseTest.test_an_adopted_repository_proceeds_on_assumptions_where_a_persons_word_is_the_artifact)
Ground's `unrecorded` rows and the strategy ADR's `Accepted` are a person's, and the first adoption to ... /usr/lib/python3.14/pathlib/__init__.py:204: ResourceWarning: unclosed database in <sqlite3.Connection object at 0x72c308857880>
  self._str_normcase_cached = str(self)
ResourceWarning: Enable tracemalloc to get the object allocation traceback
/usr/lib/python3.14/pathlib/__init__.py:204: ResourceWarning: unclosed database in <sqlite3.Connection object at 0x72c308857790>
  self._str_normcase_cached = str(self)
ResourceWarning: Enable tracemalloc to get the object allocation traceback
/usr/lib/python3.14/pathlib/__init__.py:204: ResourceWarning: unclosed database in <sqlite3.Connection object at 0x72c3088576a0>
  self._str_normcase_cached = str(self)
ResourceWarning: Enable tracemalloc to get the object allocation traceback
/usr/lib/python3.14/pathlib/__init__.py:204: ResourceWarning: unclosed database in <sqlite3.Connection object at 0x72c3088575b0>
  self._str_normcase_cached = str(self)
ResourceWarning: Enable tracemalloc to get the object allocation traceback
/usr/lib/python3.14/pathlib/__init__.py:204: ResourceWarning: unclosed database in <sqlite3.Connection object at 0x72c308857100>
  self._str_normcase_cached = str(self)
ResourceWarning: Enable tracemalloc to get the object allocation traceback
/usr/lib/python3.14/pathlib/__init__.py:204: ResourceWarning: unclosed database in <sqlite3.Connection object at 0x72c3088547c0>
  self._str_normcase_cached = str(self)
ResourceWarning: Enable tracemalloc to get the object allocation traceback
/usr/lib/python3.14/pathlib/__init__.py:204: ResourceWarning: unclosed database in <sqlite3.Connection object at 0x72c308855f30>
  self._str_normcase_cached = str(self)
ResourceWarning: Enable tracemalloc to get the object allocation traceback
/usr/lib/python3.14/pathlib/__init__.py:204: ResourceWarning: unclosed database in <sqlite3.Connection object at 0x72c308855e40>
  self._str_normcase_cached = str(self)
ResourceWarning: Enable tracemalloc to get the object allocation traceback
/usr/lib/python3.14/pathlib/__init__.py:204: ResourceWarning: unclosed database in <sqlite3.Connection object at 0x72c308855c60>
  self._str_normcase_cached = str(self)
ResourceWarning: Enable tracemalloc to get the object allocation traceback
/usr/lib/python3.14/pathlib/__init__.py:204: ResourceWarning: unclosed database in <sqlite3.Connection object at 0x72c308855b70>
  self._str_normcase_cached = str(self)
ResourceWarning: Enable tracemalloc to get the object allocation traceback
/usr/lib/python3.14/pathlib/__init__.py:204: ResourceWarning: unclosed database in <sqlite3.Connection object at 0x72c308855990>
  self._str_normcase_cached = str(self)
ResourceWarning: Enable tracemalloc to get the object allocation traceback
/usr/lib/python3.14/pathlib/__init__.py:204: ResourceWarning: unclosed database in <sqlite3.Connection object at 0x72c308855a80>
  self._str_normcase_cached = str(self)
ResourceWarning: Enable tracemalloc to get the object allocation traceback
/usr/lib/python3.14/pathlib/__init__.py:204: ResourceWarning: unclosed database in <sqlite3.Connection object at 0x72c3088557b0>
  self._str_normcase_cached = str(self)
ResourceWarning: Enable tracemalloc to get the object allocation traceback
/usr/lib/python3.14/pathlib/__init__.py:204: ResourceWarning: unclosed database in <sqlite3.Connection object at 0x72c3088555d0>
  self._str_normcase_cached = str(self)
ResourceWarning: Enable tracemalloc to get the object allocation traceback
/usr/lib/python3.14/pathlib/__init__.py:204: ResourceWarning: unclosed database in <sqlite3.Connection object at 0x72c3088554e0>
  self._str_normcase_cached = str(self)
ResourceWarning: Enable tracemalloc to get the object allocation traceback
/usr/lib/python3.14/pathlib/__init__.py:204: ResourceWarning: unclosed database in <sqlite3.Connection object at 0x72c3088553f0>
  self._str_normcase_cached = str(self)
ResourceWarning: Enable tracemalloc to get the object allocation traceback
/usr/lib/python3.14/pathlib/__init__.py:204: ResourceWarning: unclosed database in <sqlite3.Connection object at 0x72c308855120>
  self._str_normcase_cached = str(self)
ResourceWarning: Enable tracemalloc to get the object allocation traceback
/usr/lib/python3.14/pathlib/__init__.py:204: ResourceWarning: unclosed database in <sqlite3.Connection object at 0x72c308854d60>
  self._str_normcase_cached = str(self)
ResourceWarning: Enable tracemalloc to get the object allocation traceback
/usr/lib/python3.14/pathlib/__init__.py:204: ResourceWarning: unclosed database in <sqlite3.Connection object at 0x72c308854c70>
  self._str_normcase_cached = str(self)
ResourceWarning: Enable tracemalloc to get the object allocation traceback
/usr/lib/python3.14/pathlib/__init__.py:204: ResourceWarning: unclosed database in <sqlite3.Connection object at 0x72c308854b80>
  self._str_normcase_cached = str(self)
ResourceWarning: Enable tracemalloc to get the object allocation traceback
/usr/lib/python3.14/pathlib/__init__.py:204: ResourceWarning: unclosed database in <sqlite3.Connection object at 0x72c308854a90>
  self._str_normcase_cached = str(self)
ResourceWarning: Enable tracemalloc to get the object allocation traceback
/usr/lib/python3.14/pathlib/__init__.py:204: ResourceWarning: unclosed database in <sqlite3.Connection object at 0x72c3088548b0>
  self._str_normcase_cached = str(self)
ResourceWarning: Enable tracemalloc to get the object allocation traceback
/usr/lib/python3.14/pathlib/__init__.py:204: ResourceWarning: unclosed database in <sqlite3.Connection object at 0x72c3088546d0>
  self._str_normcase_cached = str(self)
ResourceWarning: Enable tracemalloc to get the object allocation traceback
/usr/lib/python3.14/pathlib/__init__.py:204: ResourceWarning: unclosed database in <sqlite3.Connection object at 0x72c3088545e0>
  self._str_normcase_cached = str(self)
ResourceWarning: Enable tracemalloc to get the object allocation traceback
/usr/lib/python3.14/pathlib/__init__.py:204: ResourceWarning: unclosed database in <sqlite3.Connection object at 0x72c3088544f0>
  self._str_normcase_cached = str(self)
ResourceWarning: Enable tracemalloc to get the object allocation traceback
/usr/lib/python3.14/pathlib/__init__.py:204: ResourceWarning: unclosed database in <sqlite3.Connection object at 0x72c308854400>
  self._str_normcase_cached = str(self)
ResourceWarning: Enable tracemalloc to get the object allocation traceback
/usr/lib/python3.14/pathlib/__init__.py:204: ResourceWarning: unclosed database in <sqlite3.Connection object at 0x72c308854310>
  self._str_normcase_cached = str(self)
ResourceWarning: Enable tracemalloc to get the object allocation traceback
/usr/lib/python3.14/pathlib/__init__.py:204: ResourceWarning: unclosed database in <sqlite3.Connection object at 0x72c308854220>
  self._str_normcase_cached = str(self)
ResourceWarning: Enable tracemalloc to get the object allocation traceback
/usr/lib/python3.14/pathlib/__init__.py:204: ResourceWarning: unclosed database in <sqlite3.Connection object at 0x72c308854040>
  self._str_normcase_cached = str(self)
ResourceWarning: Enable tracemalloc to get the object allocation traceback
/usr/lib/python3.14/pathlib/__init__.py:204: ResourceWarning: unclosed database in <sqlite3.Connection object at 0x72c3087ff970>
  self._str_normcase_cached = str(self)
ResourceWarning: Enable tracemalloc to get the object allocation traceback
/usr/lib/python3.14/pathlib/__init__.py:204: ResourceWarning: unclosed database in <sqlite3.Connection object at 0x72c3087fdd50>
  self._str_normcase_cached = str(self)
ResourceWarning: Enable tracemalloc to get the object allocation traceback
/usr/lib/python3.14/pathlib/__init__.py:204: ResourceWarning: unclosed database in <sqlite3.Connection object at 0x72c3087fff10>
  self._str_normcase_cached = str(self)
ResourceWarning: Enable tracemalloc to get the object allocation traceback
/usr/lib/python3.14/pathlib/__init__.py:204: ResourceWarning: unclosed database in <sqlite3.Connection object at 0x72c3087ffe20>
  self._str_normcase_cached = str(self)
ResourceWarning: Enable tracemalloc to get the object allocation traceback
/usr/lib/python3.14/pathlib/__init__.py:204: ResourceWarning: unclosed database in <sqlite3.Connection object at 0x72c3087ffb50>
  self._str_normcase_cached = str(self)
ResourceWarning: Enable tracemalloc to get the object allocation traceback
/usr/lib/python3.14/pathlib/__init__.py:204: ResourceWarning: unclosed database in <sqlite3.Connection object at 0x72c3087ffd30>
  self._str_normcase_cached = str(self)
ResourceWarning: Enable tracemalloc to get the object allocation traceback
/usr/lib/python3.14/pathlib/__init__.py:204: ResourceWarning: unclosed database in <sqlite3.Connection object at 0x72c3087ffc40>
  self._str_normcase_cached = str(self)
ResourceWarning: Enable tracemalloc to get the object allocation traceback
/usr/lib/python3.14/pathlib/__init__.py:204: ResourceWarning: unclosed database in <sqlite3.Connection object at 0x72c3087ffa60>
  self._str_normcase_cached = str(self)
ResourceWarning: Enable tracemalloc to get the object allocation traceback
/usr/lib/python3.14/pathlib/__init__.py:204: ResourceWarning: unclosed database in <sqlite3.Connection object at 0x72c3087ff880>
  self._str_normcase_cached = str(self)
ResourceWarning: Enable tracemalloc to get the object allocation traceback
/usr/lib/python3.14/pathlib/__init__.py:204: ResourceWarning: unclosed database in <sqlite3.Connection object at 0x72c3087fea70>
  self._str_normcase_cached = str(self)
ResourceWarning: Enable tracemalloc to get the object allocation traceback
/usr/lib/python3.14/pathlib/__init__.py:204: ResourceWarning: unclosed database in <sqlite3.Connection object at 0x72c3087ff100>
  self._str_normcase_cached = str(self)
ResourceWarning: Enable tracemalloc to get the object allocation traceback
/usr/lib/python3.14/pathlib/__init__.py:204: ResourceWarning: unclosed database in <sqlite3.Connection object at 0x72c3087fdb70>
  self._str_normcase_cached = str(self)
ResourceWarning: Enable tracemalloc to get the object allocation traceback
/usr/lib/python3.14/pathlib/__init__.py:204: ResourceWarning: unclosed database in <sqlite3.Connection object at 0x72c3087fe4d0>
  self._str_normcase_cached = str(self)
ResourceWarning: Enable tracemalloc to get the object allocation traceback
/usr/lib/python3.14/pathlib/__init__.py:204: ResourceWarning: unclosed database in <sqlite3.Connection object at 0x72c3087fef20>
  self._str_normcase_cached = str(self)
ResourceWarning: Enable tracemalloc to get the object allocation traceback
/usr/lib/python3.14/pathlib/__init__.py:204: ResourceWarning: unclosed database in <sqlite3.Connection object at 0x72c3087ff790>
  self._str_normcase_cached = str(self)
ResourceWarning: Enable tracemalloc to get the object allocation traceback
/usr/lib/python3.14/pathlib/__init__.py:204: ResourceWarning: unclosed database in <sqlite3.Connection object at 0x72c3087fec50>
  self._str_normcase_cached = str(self)
ResourceWarning: Enable tracemalloc to get the object allocation traceback
/usr/lib/python3.14/pathlib/__init__.py:204: ResourceWarning: unclosed database in <sqlite3.Connection object at 0x72c3087ff4c0>
  self._str_normcase_cached = str(self)
ResourceWarning: Enable tracemalloc to get the object allocation traceback
/usr/lib/python3.14/pathlib/__init__.py:204: ResourceWarning: unclosed database in <sqlite3.Connection object at 0x72c3087ff5b0>
  self._str_normcase_cached = str(self)
ResourceWarning: Enable tracemalloc to get the object allocation traceback
/usr/lib/python3.14/pathlib/__init__.py:204: ResourceWarning: unclosed database in <sqlite3.Connection object at 0x72c3087ff3d0>
  self._str_normcase_cached = str(self)
ResourceWarning: Enable tracemalloc to get the object allocation traceback
/usr/lib/python3.14/pathlib/__init__.py:204: ResourceWarning: unclosed database in <sqlite3.Connection object at 0x72c3087fe3e0>
  self._str_normcase_cached = str(self)
ResourceWarning: Enable tracemalloc to get the object allocation traceback
/usr/lib/python3.14/pathlib/__init__.py:204: ResourceWarning: unclosed database in <sqlite3.Connection object at 0x72c3087ff2e0>
  self._str_normcase_cached = str(self)
ResourceWarning: Enable tracemalloc to get the object allocation traceback
/usr/lib/python3.14/pathlib/__init__.py:204: ResourceWarning: unclosed database in <sqlite3.Connection object at 0x72c3087ff1f0>
  self._str_normcase_cached = str(self)
ResourceWarning: Enable tracemalloc to get the object allocation traceback
/usr/lib/python3.14/pathlib/__init__.py:204: ResourceWarning: unclosed database in <sqlite3.Connection object at 0x72c3087fcd60>
  self._str_normcase_cached = str(self)
ResourceWarning: Enable tracemalloc to get the object allocation traceback
/usr/lib/python3.14/pathlib/__init__.py:204: ResourceWarning: unclosed database in <sqlite3.Connection object at 0x72c3087fcb80>
  self._str_normcase_cached = str(self)
ResourceWarning: Enable tracemalloc to get the object allocation traceback
/usr/lib/python3.14/pathlib/__init__.py:204: ResourceWarning: unclosed database in <sqlite3.Connection object at 0x72c3087fee30>
  self._str_normcase_cached = str(self)
ResourceWarning: Enable tracemalloc to get the object allocation traceback
/usr/lib/python3.14/pathlib/__init__.py:204: ResourceWarning: unclosed database in <sqlite3.Connection object at 0x72c3087fed40>
  self._str_normcase_cached = str(self)
ResourceWarning: Enable tracemalloc to get the object allocation traceback
/usr/lib/python3.14/pathlib/__init__.py:204: ResourceWarning: unclosed database in <sqlite3.Connection object at 0x72c3087feb60>
  self._str_normcase_cached = str(self)
ResourceWarning: Enable tracemalloc to get the object allocation traceback
/usr/lib/python3.14/pathlib/__init__.py:204: ResourceWarning: unclosed database in <sqlite3.Connection object at 0x72c3087fe980>
  self._str_normcase_cached = str(self)
ResourceWarning: Enable tracemalloc to get the object allocation traceback
/usr/lib/python3.14/pathlib/__init__.py:204: ResourceWarning: unclosed database in <sqlite3.Connection object at 0x72c3087fe890>
  self._str_normcase_cached = str(self)
ResourceWarning: Enable tracemalloc to get the object allocation traceback
/usr/lib/python3.14/pathlib/__init__.py:204: ResourceWarning: unclosed database in <sqlite3.Connection object at 0x72c3087fe7a0>
  self._str_normcase_cached = str(self)
ResourceWarning: Enable tracemalloc to get the object allocation traceback
/usr/lib/python3.14/pathlib/__init__.py:204: ResourceWarning: unclosed database in <sqlite3.Connection object at 0x72c3087fe6b0>
  self._str_normcase_cached = str(self)
ResourceWarning: Enable tracemalloc to get the object allocation traceback
/usr/lib/python3.14/pathlib/__init__.py:204: ResourceWarning: unclosed database in <sqlite3.Connection object at 0x72c3087fe2f0>
  self._str_normcase_cached = str(self)
ResourceWarning: Enable tracemalloc to get the object allocation traceback
ok
test_cruise_runs_the_drive_ladder_and_says_what_happens_at_every_stop (test_cruise.CruiseTest.test_cruise_runs_the_drive_ladder_and_says_what_happens_at_every_stop)
A command that paraphrased the ladder would drift from it; one that stopped where `/drive` stops would ... created: /tmp/tmpan8l7msv/cruise-event-modelling
created: /tmp/tmpan8l7msv/cruise-standard
ok
test_the_benchmark_records_who_drove (test_cruise.CruiseTest.test_the_benchmark_records_who_drove)
A piloted slice and a driven one cost differently, and a record that cannot say which was which cannot ... created: /tmp/tmp0e3osdmj/driver
ok
test_the_ladder_and_the_skills_page_name_the_two_types_as_cruises (test_cruise.CruiseTest.test_the_ladder_and_the_skills_page_name_the_two_types_as_cruises)
Under `/drive` alone a person is the owner and the actor, so the two rows in the delegable-types table ... created: /tmp/tmpmbqkjd8k/pages-event-modelling
created: /tmp/tmpmbqkjd8k/pages-standard
ok
test_the_models_table_names_both_stages_and_the_skipper_role_resolves (test_cruise.CruiseTest.test_the_models_table_names_both_stages_and_the_skipper_role_resolves)
A stage the table does not name runs on the `default` row silently, and a role no harness maps is ... created: /tmp/tmpjy2heg4f/models
ok
test_the_settings_command_shows_every_setting_and_changes_them_through_the_script (test_cruise.CruiseTest.test_the_settings_command_shows_every_setting_and_changes_them_through_the_script)
A setting changed by hand inside an iteration is a run under rules nobody can diff: the command lists ... created: /tmp/tmpq9jlan9c/settings-command
ok
test_the_settings_file_ships_every_setting_at_its_default_and_disabled (test_cruise.CruiseTest.test_the_settings_file_ships_every_setting_at_its_default_and_disabled)
A run nobody asked for is the failure this prevents: the file exists in every project, at the defaults ... created: /tmp/tmp59rq1f79/settings-event-modelling
created: /tmp/tmp59rq1f79/settings-standard
ok
test_the_skipper_decides_and_never_invents_a_fact_and_the_hand_demos_and_never_edits_code (test_cruise.CruiseTest.test_the_skipper_decides_and_never_invents_a_fact_and_the_hand_demos_and_never_edits_code)
A skipper that deferred is a stalled slice; one that made up a credential is a shipped guess; a hand ... created: /tmp/tmp3qkpvjoi/types
ok
test_the_brief_the_command_and_the_pages_say_a_gate_is_never_repaired_in_the_gate (test_cruise_guard.CruiseGuardTest.test_the_brief_the_command_and_the_pages_say_a_gate_is_never_repaired_in_the_gate)
The words match the mechanism: the bosun's brief names what it never touches and what a gate the tree ... created: /tmp/tmpg9cpcshn/worded
ok
test_the_guard_hook_refuses_an_edit_to_a_gate_or_a_control_in_a_runners_session_only (test_cruise_guard.CruiseGuardTest.test_the_guard_hook_refuses_an_edit_to_a_gate_or_a_control_in_a_runners_session_only)
`.claude/settings.json` runs `guard` before every editing tool. In a session the runner started it ... created: /tmp/tmphkqpwlwa/guarded
ok
test_the_runner_parks_an_iteration_that_changed_a_gate_whatever_its_last_line_said (test_cruise_guard.CruiseGuardTest.test_the_runner_parks_an_iteration_that_changed_a_gate_whatever_its_last_line_said)
The hook covers the editing tools on one harness; the runner covers the shell on every harness. It takes ... created: /tmp/tmpyz1b_hp9/parks
ok
test_an_index_call_is_a_line_of_the_feed_and_status_counts_the_iterations_that_asked (test_cruise_index.CruiseIndexTest.test_an_index_call_is_a_line_of_the_feed_and_status_counts_the_iterations_that_asked)
The gate checks that the index is fresh, not that anyone uses it: a run kept `check-codegraph` green with ... created: /tmp/tmpik2rx0ic/asked
ok
test_the_registry_says_which_project_file_each_harness_reads_a_server_from_or_that_nobody_checked (test_cruise_index.CruiseIndexTest.test_the_registry_says_which_project_file_each_harness_reads_a_server_from_or_that_nobody_checked)
A row is the harness's own documentation, dated, or null with a dated reason — never a guess: six harnesses ... ok
test_the_run_says_how_the_index_is_reached_before_the_first_iteration (test_cruise_index.CruiseIndexTest.test_the_run_says_how_the_index_is_reached_before_the_first_iteration)
Nothing where no index was adopted. With one: over MCP where the row knows the project file and the file ... created: /tmp/tmp19ts8d9e/reach
ok
test_a_finished_slice_with_no_row_in_the_adversary_log_is_a_finding (test_cruise_record.CruiseRecordTest.test_a_finished_slice_with_no_row_in_the_adversary_log_is_a_finding)
`/adversary` runs after every acceptance and writes a row either way — the attack, or the skip with the ... created: /tmp/tmpttkxsr8t/attacked
ok
test_a_project_that_migrated_across_the_gate_baselines_its_history_once (test_cruise_record.CruiseRecordTest.test_a_project_that_migrated_across_the_gate_baselines_its_history_once)
Slices finished before the gate held them to the log cannot be attacked honestly after the fact. ... created: /tmp/tmpeut8wc_6/baselined
ok
test_the_gate_passes_a_true_record_and_an_empty_one (test_cruise_record.CruiseRecordTest.test_the_gate_passes_a_true_record_and_an_empty_one) ... created: /tmp/tmp6dbpq1wz/record
ok
test_the_gate_refuses_every_shape_a_run_could_write_wrong (test_cruise_record.CruiseRecordTest.test_the_gate_refuses_every_shape_a_run_could_write_wrong)
Each malformation is one finding naming the file, the line and what the shape is — a decision nobody ... created: /tmp/tmpapvkx0e5/shapes
ok
test_the_one_model_charges_a_slice_to_its_own_feature_and_no_other (test_cruise_record.CruiseRecordTest.test_the_one_model_charges_a_slice_to_its_own_feature_and_no_other)
The event model is the whole project's. A project's second feature was failed for every slice its first ... created: /tmp/tmpe8tjy3iw/scoped
ok
test_the_owner_brief_ships_as_placeholders_the_skipper_reads_before_every_decision (test_cruise_record.CruiseRecordTest.test_the_owner_brief_ships_as_placeholders_the_skipper_reads_before_every_decision)
The brief is the person's lever on a run that never stops: the skipper reads it before deciding, a ... created: /tmp/tmpoyp9h_ql/brief
created: /tmp/tmpzmrb379k/brief
ok
test_a_compacted_context_resumes_from_the_checkpoint_and_the_hooks_replay_it (test_cruise_runner.CruiseRunnerTest.test_a_compacted_context_resumes_from_the_checkpoint_and_the_hooks_replay_it)
A harness summarises a long context, and the summary loses the state nothing on disk carries. The ... created: /tmp/tmpxwkhximk/compact
ok
test_a_person_stops_a_run_with_the_stop_file_and_a_spinning_run_parks_itself (test_cruise_runner.CruiseRunnerTest.test_a_person_stops_a_run_with_the_stop_file_and_a_spinning_run_parks_itself)
The stop file ends the run between iterations, and inside a parked wait. And a run whose iterations ... created: /tmp/tmp6q8_i0dy/stop
ok
test_a_stuck_run_gets_one_iteration_to_unblock_and_continues_when_it_moved (test_cruise_runner.CruiseRunnerTest.test_a_stuck_run_gets_one_iteration_to_unblock_and_continues_when_it_moved)
Blocked is work before it is a stop: the outer loop hands a stuck run one iteration with the reason in ... created: /tmp/tmpyowh5ex8/stuck
ok
test_a_test_child_never_inherits_the_marks_of_a_run_the_test_is_itself_running_under (test_cruise_runner.CruiseRunnerTest.test_a_test_child_never_inherits_the_marks_of_a_run_the_test_is_itself_running_under)
This suite runs inside `/cruise` iterations, whose environment carries `CRUISE_RUNNER` and ... created: /tmp/tmp03k63cd8/inherits
ok
test_parked_waits_for_a_person_and_resumes_when_something_changes (test_cruise_runner.CruiseRunnerTest.test_parked_waits_for_a_person_and_resumes_when_something_changes)
A parked iteration is the run saying what a person must provide. The loop waits — it does not exit, ... created: /tmp/tmpi9nsstnm/parked
ok
test_the_loop_runs_a_fresh_session_per_iteration_until_the_last_line_says_done (test_cruise_runner.CruiseRunnerTest.test_the_loop_runs_a_fresh_session_per_iteration_until_the_last_line_says_done)
Each iteration is one headless harness run, and the loop reads one line of it. `continue` runs ... created: /tmp/tmp1olocfn2/done
ok
test_the_makefile_carries_the_loop_and_the_gate_holds_the_logs (test_cruise_runner.CruiseRunnerTest.test_the_makefile_carries_the_loop_and_the_gate_holds_the_logs)
`make cruise` is the loop, `make cruise-status` the log, and `check-decisions` sits on `verify` ... created: /tmp/tmp8t5sa2tw/event-modelling
created: /tmp/tmp8t5sa2tw/standard
ok
test_the_settings_file_the_script_and_the_command_agree_and_a_change_is_checked (test_cruise_runner.CruiseRunnerTest.test_the_settings_file_the_script_and_the_command_agree_and_a_change_is_checked)
One list of settings, written into the file by the factory and read back by the script: the same ... created: /tmp/tmplx61ms21/settings
ok
test_hold_migrate_leaves_an_owner_brief_an_earlier_factory_seeded_as_it_stood (test_cruise_scope_writers.ScopeWritersTest.test_hold_migrate_leaves_an_owner_brief_an_earlier_factory_seeded_as_it_stood)
e68, a hold (D24): the brief is the project's. Teeth: let the seeding rewrite an existing brief and the ... created: /tmp/tmp6c1qrddm/seeded
ok
test_the_bosun_reads_through_the_verb_and_every_entry_it_writes_carries_a_scope_line (test_cruise_scope_writers.ScopeWritersTest.test_the_bosun_reads_through_the_verb_and_every_entry_it_writes_carries_a_scope_line)
e66. ... created: /tmp/tmpcn0z1e_i/bosun
ok
test_the_command_points_at_the_verb_for_a_slice_and_keeps_every_entry_for_a_feature_one (test_cruise_scope_writers.ScopeWritersTest.test_the_command_points_at_the_verb_for_a_slice_and_keeps_every_entry_for_a_feature_one)
e67: the iteration-start text and *Deciding*. ... created: /tmp/tmpm8hlz4z8/command
ok
test_the_entry_shape_shows_the_scope_line_after_the_stage_line_in_the_command_and_the_brief (test_cruise_scope_writers.ScopeWritersTest.test_the_entry_shape_shows_the_scope_line_after_the_stage_line_in_the_command_and_the_brief)
e64: both places a person or a run reads the shape from. ... created: /tmp/tmphhfchgms/shape
ok
test_the_skipper_reads_the_standing_entries_for_its_slice_through_the_verb (test_cruise_scope_writers.ScopeWritersTest.test_the_skipper_reads_the_standing_entries_for_its_slice_through_the_verb)
e65: the verb for a slice, the whole log where the brief names none, and the line on the entry back. ... created: /tmp/tmp6857ij09/skipper
ok
test_a_runner_that_ends_inside_starts_wait_is_reported_finished_or_refused_by_its_exit (test_cruise_start.CruiseStartTest.test_a_runner_that_ends_inside_starts_wait_is_reported_finished_or_refused_by_its_exit)
`start` waits for the runner's pid file, and a runner can end inside that wait: cleanly, because there ... created: /tmp/tmpzbaai0va/quick
ok
test_a_typed_cruise_starts_the_runner_detached_and_a_person_stops_it_from_anywhere (test_cruise_start.CruiseStartTest.test_a_typed_cruise_starts_the_runner_detached_and_a_person_stops_it_from_anywhere)
A `/cruise` typed into a session has nobody to re-invoke it, on any harness, so the command starts ... created: /tmp/tmpembgykas/start
ok
test_the_registry_says_how_each_harness_runs_headless_or_that_nobody_checked (test_cruise_start.CruiseStartTest.test_the_registry_says_how_each_harness_runs_headless_or_that_nobody_checked)
The loop guesses no flag: a harness runs headless the way its own documentation says, on the date ... created: /tmp/tmpgtyvuhxo/headless
ok
test_the_hold_is_spelled_the_way_each_harness_reads_it_and_projected_where_its_shape_is_known (test_cruise_stop_hook.CruiseStopHookTest.test_the_hold_is_spelled_the_way_each_harness_reads_it_and_projected_where_its_shape_is_known)
Cursor's `stop` takes `followup_message` and carries no text, so `afterAgentResponse` keeps the last ... created: /tmp/tmpue2un3ea/shapes
ok
test_the_stop_hook_holds_a_runners_iteration_that_is_not_at_an_end_and_never_a_typed_session (test_cruise_stop_hook.CruiseStopHookTest.test_the_stop_hook_holds_a_runners_iteration_that_is_not_at_an_end_and_never_a_typed_session)
Prose in a command file is not a control: one session ended an iteration after the upstream stages, ... created: /tmp/tmp5fofv12k/stopping
ok
test_a_setting_changed_during_a_run_takes_effect_at_the_next_iteration (test_cruise_sweep.CruiseSweepTest.test_a_setting_changed_during_a_run_takes_effect_at_the_next_iteration)
`/cruise-settings` promises a change takes effect at the next iteration, and the budgets, the stuck ... created: /tmp/tmp7p18zwu5/settings
ok
test_the_iterations_own_model_is_a_setting_the_row_passes_with_its_flag (test_cruise_sweep.CruiseSweepTest.test_the_iterations_own_model_is_a_setting_the_row_passes_with_its_flag)
Under `/drive` a person chose the session's model when they opened it; under `/cruise` nobody did, and ... created: /tmp/tmpfc36md3u/model
ok
test_what_an_iteration_leaves_running_is_ended_with_it (test_cruise_sweep.CruiseSweepTest.test_what_an_iteration_leaves_running_is_ended_with_it)
`commands/drive.md` leaves the demo's app running past the end of the turn, because a person's first ... created: /tmp/tmprp0i6quc/leftover
ok
test_a_person_tells_the_run_something_and_it_is_queued_never_pushed (test_cruise_tell.CruiseTellTest.test_a_person_tells_the_run_something_and_it_is_queued_never_pushed)
`tell` queues a message; the runner hands it to the iteration it starts next as `told: …` in the ... created: /tmp/tmp3p9kp0k3/tell
/usr/lib/python3.14/unittest/case.py:615: ResourceWarning: unclosed file <_io.TextIOWrapper name=4 encoding='UTF-8'>
  result = method()
ResourceWarning: Enable tracemalloc to get the object allocation traceback
ok
test_the_command_says_a_message_rides_the_next_iteration_and_the_seat_queues_one (test_cruise_tell.CruiseTellTest.test_the_command_says_a_message_rides_the_next_iteration_and_the_seat_queues_one)
`commands/cruise.md` names the third argument beside the kick-off and `unblock:`, has the iteration ask ... created: /tmp/tmp7hnj0evl/told
ok
test_status_and_stop_are_commands_beside_the_seat_and_every_seat_command_repeats_its_output (test_cruise_watch.CruiseWatchTest.test_status_and_stop_are_commands_beside_the_seat_and_every_seat_command_repeats_its_output)
A person beside a run types `/cruise-status` and `/cruise-stop` rather than remembering the script's ... created: /tmp/tmpfmx0jg1f/seat
ok
test_stop_now_returns_once_the_runner_has_gone_so_a_start_typed_next_starts_one (test_cruise_watch.CruiseWatchTest.test_stop_now_returns_once_the_runner_has_gone_so_a_start_typed_next_starts_one)
`stop --now` signalled the runner and returned at once, while the runner was still ending the ... created: /tmp/tmpj2pe0nmn/stopped
ok
test_the_allowlist_covers_every_command_the_command_and_the_hooks_issue_whatever_the_language (test_cruise_watch.CruiseWatchTest.test_the_allowlist_covers_every_command_the_command_and_the_hooks_issue_whatever_the_language)
A session that cannot ask is refused every command its rules do not name — which is what parked a ... created: /tmp/tmp6mvdk6g4/typescript
created: /tmp/tmp6mvdk6g4/go
created: /tmp/tmp6mvdk6g4/python
ok
test_the_feed_renders_a_harness_stream_one_line_per_thing_done_and_reads_the_last_line_from_it (test_cruise_watch.CruiseWatchTest.test_the_feed_renders_a_harness_stream_one_line_per_thing_done_and_reads_the_last_line_from_it)
A harness with an event stream — Claude Code's `stream-json`, Codex's `--json` — is not echoed raw: the ... created: /tmp/tmp8mm0lyd2/feed
ok
test_the_watch_seat_returns_at_each_boundary_and_the_kick_off_reaches_the_first_iteration_only (test_cruise_watch.CruiseWatchTest.test_the_watch_seat_returns_at_each_boundary_and_the_kick_off_reaches_the_first_iteration_only)
A typed `/cruise` starts the runner and then watches it from the same session: `watch` prints the feed ... created: /tmp/tmp8b4j921f/watch
ok
test_where_prints_nothing_without_a_runner_and_the_run_beside_one (test_cruise_where.CruiseWhereTest.test_where_prints_nothing_without_a_runner_and_the_run_beside_one) ... created: /tmp/tmpha3n7f1l/where
ok
test_e57_a_log_with_no_scope_line_gets_the_exit_code_and_findings_the_released_checker_gave (test_decisions_gate_differential.GateHoldsTheReleasedCheckersAnswerTest.test_e57_a_log_with_no_scope_line_gets_the_exit_code_and_findings_the_released_checker_gave) ... ok
test_e83_a_second_scope_line_is_still_a_finding (test_decisions_gate_differential.GateHoldsTheReleasedCheckersAnswerTest.test_e83_a_second_scope_line_is_still_a_finding) ... ok
test_e83_a_second_status_line_is_a_note_naming_the_entry_and_never_a_finding (test_decisions_gate_differential.GateHoldsTheReleasedCheckersAnswerTest.test_e83_a_second_status_line_is_a_note_naming_the_entry_and_never_a_finding) ... ok
test_e85_a_byte_order_mark_before_the_first_entry_leaves_the_gate_as_the_released_one_was (test_decisions_gate_differential.GateHoldsTheReleasedCheckersAnswerTest.test_e85_a_byte_order_mark_before_the_first_entry_leaves_the_gate_as_the_released_one_was) ... ok
test_e86_hold_a_log_that_is_not_utf_8_exits_one_both_ways_but_the_traceback_is_gone (test_decisions_gate_differential.GateHoldsTheReleasedCheckersAnswerTest.test_e86_hold_a_log_that_is_not_utf_8_exits_one_both_ways_but_the_traceback_is_gone) ... ok
test_e47_a_hundred_entries_yield_the_fourteen_in_scope_or_global_verbatim_in_order (test_decisions_scope.DecisionsScopeTest.test_e47_a_hundred_entries_yield_the_fourteen_in_scope_or_global_verbatim_in_order) ... ok
test_e48_a_comma_separated_scope_is_printed_for_either_id_and_not_for_another (test_decisions_scope.DecisionsScopeTest.test_e48_a_comma_separated_scope_is_printed_for_either_id_and_not_for_another) ... ok
test_e49_a_bare_id_meets_a_slugged_one_on_its_head_and_s1_does_not_meet_s12 (test_decisions_scope.DecisionsScopeTest.test_e49_a_bare_id_meets_a_slugged_one_on_its_head_and_s1_does_not_meet_s12) ... ok
test_e50_an_entry_with_no_scope_line_is_printed_and_counted_as_carried_for_want_of_a_line (test_decisions_scope.DecisionsScopeTest.test_e50_an_entry_with_no_scope_line_is_printed_and_counted_as_carried_for_want_of_a_line) ... ok
test_e51_an_empty_or_unreadable_scope_is_printed_as_global (test_decisions_scope.DecisionsScopeTest.test_e51_an_empty_or_unreadable_scope_is_printed_as_global) ... ok
test_e52_an_overridden_entry_is_not_printed_and_the_closing_line_names_what_overrode_it (test_decisions_scope.DecisionsScopeTest.test_e52_an_overridden_entry_is_not_printed_and_the_closing_line_names_what_overrode_it) ... ok
test_e53_the_last_line_counts_carried_of_all_split_by_how_each_was_placed (test_decisions_scope.DecisionsScopeTest.test_e53_the_last_line_counts_carried_of_all_split_by_how_each_was_placed) ... ok
test_e54_a_slice_no_entry_names_gets_the_global_and_unscoped_entries_and_exit_zero (test_decisions_scope.DecisionsScopeTest.test_e54_a_slice_no_entry_names_gets_the_global_and_unscoped_entries_and_exit_zero) ... ok
test_e85_a_byte_order_mark_before_the_first_entry_is_read_past_and_the_entry_printed_and_counted (test_decisions_scope_calls.ABlockTheVerbCannotReadTest.test_e85_a_byte_order_mark_before_the_first_entry_is_read_past_and_the_entry_printed_and_counted) ... ok
test_e85_a_heading_written_with_a_hyphen_after_an_out_of_scope_entry_is_printed_and_counted (test_decisions_scope_calls.ABlockTheVerbCannotReadTest.test_e85_a_heading_written_with_a_hyphen_after_an_out_of_scope_entry_is_printed_and_counted) ... ok
test_e85_an_overridden_out_of_scope_entry_under_a_bad_heading_is_not_hidden_in_the_one_before (test_decisions_scope_calls.ABlockTheVerbCannotReadTest.test_e85_an_overridden_out_of_scope_entry_under_a_bad_heading_is_not_hidden_in_the_one_before) ... ok
test_e85_the_gate_refuses_a_log_with_such_a_block_too (test_decisions_scope_calls.ABlockTheVerbCannotReadTest.test_e85_the_gate_refuses_a_log_with_such_a_block_too) ... ok
test_e86_a_decisions_log_that_is_not_utf_8_is_one_line_for_the_gate_and_for_the_verb (test_decisions_scope_calls.ALogThatIsNotUtf8Test.test_e86_a_decisions_log_that_is_not_utf_8_is_one_line_for_the_gate_and_for_the_verb) ... ok
test_e86_a_demo_log_that_is_not_utf_8_is_one_line_for_the_gate (test_decisions_scope_calls.ALogThatIsNotUtf8Test.test_e86_a_demo_log_that_is_not_utf_8_is_one_line_for_the_gate) ... ok
test_e84_a_scope_value_that_is_not_id_shaped_is_usage_and_exit_two (test_decisions_scope_calls.UnderstoodCallsTest.test_e84_a_scope_value_that_is_not_id_shaped_is_usage_and_exit_two) ... ok
test_e84_a_well_formed_call_in_either_order_still_runs (test_decisions_scope_calls.UnderstoodCallsTest.test_e84_a_well_formed_call_in_either_order_still_runs) ... ok
test_e84_an_argument_the_script_does_not_know_is_usage_and_exit_two (test_decisions_scope_calls.UnderstoodCallsTest.test_e84_an_argument_the_script_does_not_know_is_usage_and_exit_two) ... ok
test_e84_help_prints_the_usage_and_exits_zero (test_decisions_scope_calls.UnderstoodCallsTest.test_e84_help_prints_the_usage_and_exits_zero) ... ok
test_e84_hold_no_argument_and_the_baseline_answer_as_the_released_checker_did (test_decisions_scope_calls.UnderstoodCallsTest.test_e84_hold_no_argument_and_the_baseline_answer_as_the_released_checker_did) ... ok
test_e55_two_features_need_feature_named_and_one_feature_does_not (test_decisions_scope_edges.DecisionsScopeEdgesTest.test_e55_two_features_need_feature_named_and_one_feature_does_not) ... ok
test_e56_no_run_creates_or_changes_a_file (test_decisions_scope_edges.DecisionsScopeEdgesTest.test_e56_no_run_creates_or_changes_a_file) ... ok
test_e57_hold_this_repositorys_own_log_gets_the_verdict_the_released_checker_gave (test_decisions_scope_gate.DecisionsScopeGateTest.test_e57_hold_this_repositorys_own_log_gets_the_verdict_the_released_checker_gave) ... ok
test_e58_hold_global_and_bare_or_backticked_ids_after_the_stage_line_pass (test_decisions_scope_gate.DecisionsScopeGateTest.test_e58_hold_global_and_bare_or_backticked_ids_after_the_stage_line_pass) ... ok
test_e59_an_empty_scope_exits_one_with_a_line_naming_the_entry (test_decisions_scope_gate.DecisionsScopeGateTest.test_e59_an_empty_scope_exits_one_with_a_line_naming_the_entry) ... ok
test_e60_a_mixed_or_prose_scope_exits_one_with_the_same_kind_of_line (test_decisions_scope_gate.DecisionsScopeGateTest.test_e60_a_mixed_or_prose_scope_exits_one_with_the_same_kind_of_line) ... ok
test_e61_hold_an_id_no_slice_has_passes (test_decisions_scope_gate.DecisionsScopeGateTest.test_e61_hold_an_id_no_slice_has_passes) ... ok
test_e62_an_entry_without_the_line_after_one_with_it_passes_with_one_note_naming_it (test_decisions_scope_gate.DecisionsScopeGateTest.test_e62_an_entry_without_the_line_after_one_with_it_passes_with_one_note_naming_it) ... ok
test_e63_hold_the_checker_as_released_passes_a_log_carrying_well_formed_scope_lines (test_decisions_scope_gate.DecisionsScopeGateTest.test_e63_hold_the_checker_as_released_passes_a_log_carrying_well_formed_scope_lines) ... ok
test_e83_a_quoted_line_inside_a_fence_counts_as_a_second_line_at_the_start_of_a_line (test_decisions_scope_spelling.AnEntryThatSaysAFieldTwiceTest.test_e83_a_quoted_line_inside_a_fence_counts_as_a_second_line_at_the_start_of_a_line) ... ok
test_e83_a_separator_other_than_a_line_feed_does_not_make_a_second_field (test_decisions_scope_spelling.AnEntryThatSaysAFieldTwiceTest.test_e83_a_separator_other_than_a_line_feed_does_not_make_a_second_field) ... ok
test_e83_hold_a_scope_or_status_label_said_mid_line_is_not_a_second_line (test_decisions_scope_spelling.AnEntryThatSaysAFieldTwiceTest.test_e83_hold_a_scope_or_status_label_said_mid_line_is_not_a_second_line) ... ok
test_e83_two_scope_lines_are_refused_and_carried_whichever_says_what (test_decisions_scope_spelling.AnEntryThatSaysAFieldTwiceTest.test_e83_two_scope_lines_are_refused_and_carried_whichever_says_what) ... ok
test_e83_two_status_lines_are_a_note_for_the_gate_and_carried_by_the_verb_either_way_round (test_decisions_scope_spelling.AnEntryThatSaysAFieldTwiceTest.test_e83_two_status_lines_are_a_note_for_the_gate_and_carried_by_the_verb_either_way_round) ... ok
test_e81_a_number_too_long_to_read_as_an_integer_is_compared_as_a_number_all_the_same (test_decisions_scope_spelling.IdsMeetOnTheirHeadTest.test_e81_a_number_too_long_to_read_as_an_integer_is_compared_as_a_number_all_the_same) ... ok
test_e81_a_shortened_slug_another_padding_or_another_case_meets_the_slice (test_decisions_scope_spelling.IdsMeetOnTheirHeadTest.test_e81_a_shortened_slug_another_padding_or_another_case_meets_the_slice) ... ok
test_e81_s1_does_not_meet_s12_nor_s10_and_another_letter_does_not_meet (test_decisions_scope_spelling.IdsMeetOnTheirHeadTest.test_e81_s1_does_not_meet_s12_nor_s10_and_another_letter_does_not_meet) ... ok
test_e81_the_wanted_side_meets_on_its_head_too (test_decisions_scope_spelling.IdsMeetOnTheirHeadTest.test_e81_the_wanted_side_meets_on_its_head_too) ... ok
test_e82_a_digit_that_is_not_ascii_is_refused_and_carried (test_decisions_scope_spelling.ScopeThatIsNotOneStatementTest.test_e82_a_digit_that_is_not_ascii_is_refused_and_carried) ... ok
test_e82_a_range_is_refused_by_the_gate_and_carried_by_the_verb (test_decisions_scope_spelling.ScopeThatIsNotOneStatementTest.test_e82_a_range_is_refused_by_the_gate_and_carried_by_the_verb) ... ok
test_e82_hold_a_slug_with_a_digit_in_it_is_one_id_and_passes (test_decisions_scope_spelling.ScopeThatIsNotOneStatementTest.test_e82_hold_a_slug_with_a_digit_in_it_is_one_id_and_passes) ... ok
test_e82_two_ids_joined_by_a_full_stop_or_a_hyphen_are_refused_and_carried (test_decisions_scope_spelling.ScopeThatIsNotOneStatementTest.test_e82_two_ids_joined_by_a_full_stop_or_a_hyphen_are_refused_and_carried) ... ok
test_a_target_with_no_such_gate_is_given_none (test_deploy_role.DeployRoleTest.test_a_target_with_no_such_gate_is_given_none) ... created: /tmp/tmptqt_7c2l/shop
ok
test_a_type_without_a_row_fails_and_a_commented_resource_is_not_read (test_deploy_role.DeployRoleTest.test_a_type_without_a_row_fails_and_a_commented_resource_is_not_read) ... created: /tmp/tmpl6f4d_kx/shop
ok
test_an_apply_refused_on_an_iam_action_names_make_bootstrap (test_deploy_role.DeployRoleTest.test_an_apply_refused_on_an_iam_action_names_make_bootstrap) ... created: /tmp/tmpj3jyiwn1/shop
ok
test_verify_fails_when_the_service_stack_declares_iam_the_deploy_role_cannot_create (test_deploy_role.DeployRoleTest.test_verify_fails_when_the_service_stack_declares_iam_the_deploy_role_cannot_create) ... created: /tmp/tmp0v4inyul/shop
ok
test_a_purpose_and_contexts_recorded_afterwards_reach_every_page_that_prints_them (test_describe_service.DescribeServiceTest.test_a_purpose_and_contexts_recorded_afterwards_reach_every_page_that_prints_them)
The manifest entry gains the two fields, the architecture page and the guidance say them instead of ... created: /tmp/tmp54l7xrlb/described
ok
test_every_refusal_says_why_and_writes_nothing (test_describe_service.DescribeServiceTest.test_every_refusal_says_why_and_writes_nothing) ... created: /tmp/tmprmd0ompi/refusing
ok
test_a_missing_installer_is_non_fatal_and_names_the_recovery (test_design_extensions.DesignExtensionsTest.test_a_missing_installer_is_non_fatal_and_names_the_recovery) ... created: /tmp/tmp324f3egx/designed-no-tools
ok
test_the_gate_is_a_no_op_until_adopted_and_a_skip_not_a_pass_where_the_kit_is_absent (test_design_extensions.DesignExtensionsTest.test_the_gate_is_a_no_op_until_adopted_and_a_skip_not_a_pass_where_the_kit_is_absent)
A fresh clone has the election and not the kit, because `tools/ux-gates/` is ignored. That is ... created: /tmp/tmp6jvbvtj7/ungated
Backing services left as generated; scripts/backing-services.py --list shows what can still be changed.
Project skills, commands and agent types installed for Codex CLI (codex).
A harness reads its agent types once, at session start: restart the session before delegating, or the first delegation cannot use the types just projected.
UX gates installed at tools/ux-gates/ (ignored by Git); `make check-ux-gates` now runs them, and .github/workflows/verify.yml runs the render gates in a `ux-gates` job over 6 shards.
Extension pointers projected for Codex CLI (codex).
ok
test_the_render_gates_open_the_browser_they_can_and_a_crash_is_a_skip_and_never_a_pass (test_design_extensions.DesignExtensionsTest.test_the_render_gates_open_the_browser_they_can_and_a_crash_is_a_skip_and_never_a_pass)
The kit launches Chrome, and two of its scripts crash where Chrome is absent instead of falling back to ... created: /tmp/tmpg8ffoz1j/rendered
Backing services left as generated; scripts/backing-services.py --list shows what can still be changed.
Project skills, commands and agent types installed for Codex CLI (codex).
A harness reads its agent types once, at session start: restart the session before delegating, or the first delegation cannot use the types just projected.
UX gates installed at tools/ux-gates/ (ignored by Git); `make check-ux-gates` now runs them, and .github/workflows/verify.yml runs the render gates in a `ux-gates` job over 6 shards.
Extension pointers projected for Codex CLI (codex).
ok
test_uipro_falls_back_to_the_pinned_package_when_the_cli_is_absent (test_design_extensions.DesignExtensionsTest.test_uipro_falls_back_to_the_pinned_package_when_the_cli_is_absent) ... created: /tmp/tmp31utmr2b/designed-npx
Backing services left as generated; scripts/backing-services.py --list shows what can still be changed.
Project skills, commands and agent types installed for Codex CLI (codex).
A harness reads its agent types once, at session start: restart the session before delegating, or the first delegation cannot use the types just projected.
Project skills, commands and agent types installed for Codex CLI (codex).
A harness reads its agent types once, at session start: restart the session before delegating, or the first delegation cannot use the types just projected.
UI/UX Pro Max installed at skills/ui-ux-pro-max/ (ignored by Git; `./init --extension uipro` reinstalls it).
Extension pointers projected for Codex CLI (codex).
ok
test_uipro_installs_the_one_skill_into_the_root_catalogue_and_points_the_agent_at_it (test_design_extensions.DesignExtensionsTest.test_uipro_installs_the_one_skill_into_the_root_catalogue_and_points_the_agent_at_it)
The installer writes fifteen per-harness copies; the project wants one, at the root, where ... created: /tmp/tmpnwypzfr0/designed
Backing services left as generated; scripts/backing-services.py --list shows what can still be changed.
Project skills, commands and agent types installed for Codex CLI (codex).
A harness reads its agent types once, at session start: restart the session before delegating, or the first delegation cannot use the types just projected.
Project skills, commands and agent types installed for Codex CLI (codex).
A harness reads its agent types once, at session start: restart the session before delegating, or the first delegation cannot use the types just projected.
UI/UX Pro Max installed at skills/ui-ux-pro-max/ (ignored by Git; `./init --extension uipro` reinstalls it).
Extension pointers projected for Codex CLI (codex).
ok
test_ux_gates_installs_the_kit_and_make_verify_carries_its_verdict (test_design_extensions.DesignExtensionsTest.test_ux_gates_installs_the_kit_and_make_verify_carries_its_verdict)
The gate is the extension. Adopted, it runs the kit's file gate over the browser app's source and ... created: /tmp/tmpblmwn643/gated
Backing services left as generated; scripts/backing-services.py --list shows what can still be changed.
Project skills, commands and agent types installed for Codex CLI (codex).
A harness reads its agent types once, at session start: restart the session before delegating, or the first delegation cannot use the types just projected.
UX gates installed at tools/ux-gates/ (ignored by Git); `make check-ux-gates` now runs them, and .github/workflows/verify.yml runs the render gates in a `ux-gates` job over 6 shards.
Extension pointers projected for Codex CLI (codex).
ok
test_a_screen_is_designed_before_it_is_built_and_reviewed_rendered_before_the_demo (test_design_stage.DesignStageTest.test_a_screen_is_designed_before_it_is_built_and_reviewed_rendered_before_the_demo)
Three new screens reached a demo with every `check-ux-gates` gate green and still showed ... created: /tmp/tmp3obnup1n/designed-standard
created: /tmp/tmp3obnup1n/designed-event-modelling
created: /tmp/tmp3obnup1n/no-screen
ok
test_an_extension_puts_its_steps_into_the_rung_they_belong_to (test_design_stage.DesignStageTest.test_an_extension_puts_its_steps_into_the_rung_they_belong_to)
The ladder names nothing an extension installs, so each adopted extension says in its own block ... ok
test_the_hand_looks_at_every_screen_it_walks (test_design_stage.DesignStageTest.test_the_hand_looks_at_every_screen_it_walks)
Under `/cruise` the demo has no person at it, so the actor's delegate notices what a person would ... created: /tmp/tmplcqvdgh3/walked
ok
test_the_index_lists_exactly_the_pages_the_project_ships (test_docs_index.DocsIndexTest.test_the_index_lists_exactly_the_pages_the_project_ships)
Across the profiles and targets, because each adds pages of its own — the event model's, the ... created: /tmp/tmpbefmeq6c/event-deployed
created: /tmp/tmpbefmeq6c/standard-local
ok
test_the_canvas_agrees_with_the_mermaid_diagram (test_drawio_canvas.DrawioCanvasTest.test_the_canvas_agrees_with_the_mermaid_diagram)
Same order, same lanes, same arrows, same colours: the two renderings ask the model the same ... created: /tmp/tmpd_bkg3dl/two-renderings
ok
test_the_canvas_is_written_checked_and_proved_stale (test_drawio_canvas.DrawioCanvasTest.test_the_canvas_is_written_checked_and_proved_stale) ... created: /tmp/tmpz8mnfqda/canvas
ok
test_a_generated_project_has_none_of_it (test_drive_adoption.DriveAdoptionTest.test_a_generated_project_has_none_of_it) ... ok
test_at_the_root_layout_the_pointers_are_root_pointers (test_drive_adoption.DriveAdoptionTest.test_at_the_root_layout_the_pointers_are_root_pointers) ... ok
test_the_hooks_say_the_same_three_things_to_a_session_that_never_typed_drive (test_drive_adoption.DriveAdoptionTest.test_the_hooks_say_the_same_three_things_to_a_session_that_never_typed_drive) ... ok
test_the_ladder_grounds_first_pins_before_implementing_and_holds_the_map_at_convergence (test_drive_adoption.DriveAdoptionTest.test_the_ladder_grounds_first_pins_before_implementing_and_holds_the_map_at_convergence) ... ok
test_the_split_knows_a_method_slice (test_drive_adoption.DriveAdoptionTest.test_the_split_knows_a_method_slice) ... ok
test_a_brief_may_point_and_the_host_reads_manifests_rather_than_waiting_for_a_marker (test_drive_evidence.DriveEvidenceTest.test_a_brief_may_point_and_the_host_reads_manifests_rather_than_waiting_for_a_marker) ... created: /tmp/tmpcb034gc0/pointers
ok
test_a_delegate_has_one_legal_way_to_watch_a_test_fail_and_says_when_it_saw_red (test_drive_evidence.DriveEvidenceTest.test_a_delegate_has_one_legal_way_to_watch_a_test_fail_and_says_when_it_saw_red) ... created: /tmp/tmp98s2kxzk/teeth
ok
test_convergence_is_bounded_and_a_stopped_pass_leaves_leads_rather_than_findings (test_drive_evidence.DriveEvidenceTest.test_convergence_is_bounded_and_a_stopped_pass_leaves_leads_rather_than_findings) ... created: /tmp/tmp7tacjygi/bounded
ok
test_the_entry_stage_checks_the_branch_and_an_unreadable_forge_is_not_an_empty_claim_list (test_drive_evidence.DriveEvidenceTest.test_the_entry_stage_checks_the_branch_and_an_unreadable_forge_is_not_an_empty_claim_list) ... created: /tmp/tmp6a9sj2ei/current-event-modelling
created: /tmp/tmp6a9sj2ei/current-standard
ok
test_go_lint_and_format_read_one_module_list_and_spec_kit_is_pinned_and_recorded (test_drive_settings.DriveSettingsTest.test_go_lint_and_format_read_one_module_list_and_spec_kit_is_pinned_and_recorded) ... created: /tmp/tmpeeecv0j8/pinned
ok
test_the_ladder_reads_two_settings_and_the_brief_takes_both (test_drive_settings.DriveSettingsTest.test_the_ladder_reads_two_settings_and_the_brief_takes_both) ... created: /tmp/tmpycgws62t/axes
ok
test_the_record_carries_how_each_slice_was_implemented (test_drive_settings.DriveSettingsTest.test_the_record_carries_how_each_slice_was_implemented) ... created: /tmp/tmplr5x_v26/recorded
ok
test_the_settings_change_through_the_checked_script_and_a_story_cycle_is_refused (test_drive_settings.DriveSettingsTest.test_the_settings_change_through_the_checked_script_and_a_story_cycle_is_refused) ... created: /tmp/tmp9ylj1dbp/settings
ok
test_event_model_workflow_publishes_on_any_forge_without_overlap (test_event_model.EventModelTest.test_event_model_workflow_publishes_on_any_forge_without_overlap) ... ok
test_it_installs_the_toolchain_the_verify_workflow_does (test_event_model.EventModelTest.test_it_installs_the_toolchain_the_verify_workflow_does)
One repository, two workflows, one Node. They disagreed about both the action major and the ... ok
test_lanes_ship_per_band_and_the_renderer_patches_mermaid (test_event_model.EventModelTest.test_lanes_ship_per_band_and_the_renderer_patches_mermaid)
The notation's picture is actors across the top and streams across the bottom, which Mermaid ... created: /tmp/tmpupu2eggk/actor-lanes
ok
test_the_event_modeling_skill_targets_this_repositorys_model_layout (test_event_model.EventModelTest.test_the_event_modeling_skill_targets_this_repositorys_model_layout)
The upstream skill prescribes docs/event_model/ per workflow; this repository keeps one ... created: /tmp/tmpq9cguhnt/modelled
ok
test_the_page_address_reads_both_of_its_halves_from_the_environment (test_event_model.EventModelTest.test_the_page_address_reads_both_of_its_halves_from_the_environment)
Owner and host both belong to whoever is generating, so neither may be baked in here. ... ok
test_the_two_bands_are_namespaced_independently (test_event_model.EventModelTest.test_the_two_bands_are_namespaced_independently)
The reference diagram's shape: actors naming the top lanes and streams naming the bottom ones, ... created: /tmp/tmp8foidzdx/banded-lanes
ok
test_a_generated_project_going_to_existing_infrastructure_documents_it_and_provisions_nothing (test_existing_target.ExistingTargetTest.test_a_generated_project_going_to_existing_infrastructure_documents_it_and_provisions_nothing) ... created: /tmp/tmpd8k5btza/elsewhere
ok
test_adopt_takes_the_target_from_where_the_infrastructure_lives (test_existing_target.ExistingTargetTest.test_adopt_takes_the_target_from_where_the_infrastructure_lives) ... ok
test_chosen_before_there_is_a_browser_app_they_wait_and_install_themselves_once_one_exists (test_extension_pending.PendingExtensionsTest.test_chosen_before_there_is_a_browser_app_they_wait_and_install_themselves_once_one_exists)
Ticked in a project with no screen yet — an adopted repository whose frontend is still a candidate, or a ... created: /tmp/tmp3e6m0bt0/headless
agent projection failed: cannot determine the selected integration; rerun ./init --integration <agent>
UI/UX Pro Max installed at skills/ui-ux-pro-max/ (ignored by Git; `./init --extension uipro` reinstalls it).
UX gates installed at tools/ux-gates/ (ignored by Git); `make check-ux-gates` now runs them, and .github/workflows/verify.yml runs the render gates in a `ux-gates` job over 6 shards.
ok
test_an_extension_must_declare_a_name_and_a_description (test_extensions.ExtensionsCatalogTest.test_an_extension_must_declare_a_name_and_a_description) ... ok
test_an_extension_refuses_an_unknown_field (test_extensions.ExtensionsCatalogTest.test_an_extension_refuses_an_unknown_field) ... ok
test_an_extension_s_ignore_field_must_be_a_string_when_present (test_extensions.ExtensionsCatalogTest.test_an_extension_s_ignore_field_must_be_a_string_when_present) ... ok
test_every_extension_exposes_replaceable_side_effect_free_guidance (test_extensions.ExtensionsCatalogTest.test_every_extension_exposes_replaceable_side_effect_free_guidance) ... ok
test_no_extension_tells_a_wrapped_repository_to_run_a_script_that_is_not_there (test_extensions.ExtensionsCatalogTest.test_no_extension_tells_a_wrapped_repository_to_run_a_script_that_is_not_there)
An adoption puts `init` under `delivery/`, and these messages said `./init --extension <key>` — ... ok
test_the_shipped_extensions_are_valid (test_extensions.ExtensionsCatalogTest.test_the_shipped_extensions_are_valid) ... ok
test_a_failing_codegraph_install_is_non_fatal_and_says_how_to_retry (test_extensions.ExtensionsTest.test_a_failing_codegraph_install_is_non_fatal_and_says_how_to_retry)
`codegraph init` exiting non-zero must not fail `./init`, and must not leave a half-adopted ... created: /tmp/tmpemoomv8f/codegraph-install-fails
ok
test_a_terminal_confirming_with_nothing_checked_adopts_nothing (test_extensions.ExtensionsTest.test_a_terminal_confirming_with_nothing_checked_adopts_nothing) ... created: /tmp/tmpnxo8ld14/codegraph-declined
ok
test_a_terminal_is_prompted_and_a_checked_extension_is_adopted (test_extensions.ExtensionsTest.test_a_terminal_is_prompted_and_a_checked_extension_is_adopted) ... created: /tmp/tmpgwwk98hv/codegraph-prompted
ok
test_check_extensions_reports_and_make_agents_repairs_guidance_drift (test_extensions.ExtensionsTest.test_check_extensions_reports_and_make_agents_repairs_guidance_drift) ... created: /tmp/tmpawxqfd7y/codegraph-guidance-drift
Backing services left as generated; scripts/backing-services.py --list shows what can still be changed.
Project skills, commands and agent types installed for Codex CLI (codex).
A harness reads its agent types once, at session start: restart the session before delegating, or the first delegation cannot use the types just projected.
codegraph: Codex CLI: .codex/config.toml names `codegraph`; commit it
Extension pointers projected for Codex CLI (codex).
ok
test_extension_guidance_is_replaceable_without_duplicating_its_markers (test_extensions.ExtensionsTest.test_extension_guidance_is_replaceable_without_duplicating_its_markers) ... created: /tmp/tmpb7jbypse/codegraph-twice
Backing services left as generated; scripts/backing-services.py --list shows what can still be changed.
Project skills, commands and agent types installed for Codex CLI (codex).
A harness reads its agent types once, at session start: restart the session before delegating, or the first delegation cannot use the types just projected.
codegraph: Codex CLI: .codex/config.toml names `codegraph`; commit it
Extension pointers projected for Codex CLI (codex).
codegraph: no harness is recorded here (`.specify/integration.json`), so no project MCP file names `codegraph` yet; `./init --integration <agent>` records one and `make agents` then writes the file
ok
test_init_extension_installs_and_indexes_codegraph (test_extensions.ExtensionsTest.test_init_extension_installs_and_indexes_codegraph) ... created: /tmp/tmp8g3d5xuq/codegraph-product
Backing services left as generated; scripts/backing-services.py --list shows what can still be changed.
Project skills, commands and agent types installed for Codex CLI (codex).
A harness reads its agent types once, at session start: restart the session before delegating, or the first delegation cannot use the types just projected.
codegraph: Codex CLI: .codex/config.toml names `codegraph`; commit it
Extension pointers projected for Codex CLI (codex).
ok
test_init_extension_missing_cli_is_non_fatal (test_extensions.ExtensionsTest.test_init_extension_missing_cli_is_non_fatal) ... created: /tmp/tmpavgkox_f/codegraph-missing
ok
test_init_rejects_an_unknown_extension_key_without_failing (test_extensions.ExtensionsTest.test_init_rejects_an_unknown_extension_key_without_failing) ... created: /tmp/tmp7jck2uxp/unknown-extension
ok
test_a_slice_writes_no_stamp_and_the_next_plain_run_is_full (test_factory_gate_stamp.TestASliceOfTheSuiteIsNotTheGate.test_a_slice_writes_no_stamp_and_the_next_plain_run_is_full) ... ok
test_tests_and_skip_run_the_checks_and_leave_the_stamp_alone (test_factory_gate_stamp.TestASliceOfTheSuiteIsNotTheGate.test_tests_and_skip_run_the_checks_and_leave_the_stamp_alone) ... ok
test_a_ci_marker_reads_writes_and_removes_no_stamp (test_factory_gate_stamp.TestAlwaysRunsInFull.test_a_ci_marker_reads_writes_and_removes_no_stamp) ... ok
test_force_runs_every_check_and_says_so (test_factory_gate_stamp.TestAlwaysRunsInFull.test_force_runs_every_check_and_says_so) ... ok
test_the_trunk_reads_writes_and_removes_no_stamp (test_factory_gate_stamp.TestAlwaysRunsInFull.test_the_trunk_reads_writes_and_removes_no_stamp) ... ok
test_help_says_a_passed_tree_is_not_judged_again (test_factory_gate_stamp.TestNothingElseMoves.test_help_says_a_passed_tree_is_not_judged_again) ... ok
test_the_other_targets_and_the_ci_workflow_run_what_they_ran (test_factory_gate_stamp.TestNothingElseMoves.test_the_other_targets_and_the_ci_workflow_run_what_they_ran) ... ok
test_the_script_is_run_where_it_ships_and_copied_nowhere (test_factory_gate_stamp.TestNothingElseMoves.test_the_script_is_run_where_it_ships_and_copied_nowhere) ... ok
test_a_changed_tree_runs_the_four_checks_in_their_order (test_factory_gate_stamp.TestPassedTreeIsNotJudgedAgain.test_a_changed_tree_runs_the_four_checks_in_their_order) ... ok
test_a_failing_check_leaves_no_stamp (test_factory_gate_stamp.TestPassedTreeIsNotJudgedAgain.test_a_failing_check_leaves_no_stamp) ... ok
test_an_interpreter_cache_under_assets_puts_the_next_run_in_full (test_factory_gate_stamp.TestPassedTreeIsNotJudgedAgain.test_an_interpreter_cache_under_assets_puts_the_next_run_in_full) ... ok
test_second_run_on_an_unchanged_tree_starts_no_check (test_factory_gate_stamp.TestPassedTreeIsNotJudgedAgain.test_second_run_on_an_unchanged_tree_starts_no_check) ... ok
test_a_listed_tool_answering_another_version_puts_the_next_run_in_full (test_factory_gate_stamp.TestToolsAreInTheKey.test_a_listed_tool_answering_another_version_puts_the_next_run_in_full) ... ok
test_a_listed_tool_appearing_puts_the_next_run_in_full (test_factory_gate_stamp.TestToolsAreInTheKey.test_a_listed_tool_appearing_puts_the_next_run_in_full) ... ok
test_a_tool_that_is_not_there_is_no_obstacle_and_make_is_in_the_key (test_factory_gate_stamp.TestToolsAreInTheKey.test_a_tool_that_is_not_there_is_no_obstacle_and_make_is_in_the_key) ... ok
test_a_value_that_is_blank_or_only_commas_is_refused_not_an_empty_matrix (test_factory_gate_stamp_inputs.TestABackendSliceThatNamesNoBackendIsAnError.test_a_value_that_is_blank_or_only_commas_is_refused_not_an_empty_matrix)
make's `$(strip ...)` sees these as empty, so the stamped path runs; the suite must not pass over nothing. ... ok
test_a_stand_in_tool_removed_from_a_path_that_holds_none_other_is_a_full_run (test_factory_gate_stamp_inputs.TestAListedToolLeavingPutsTheNextRunInFull.test_a_stand_in_tool_removed_from_a_path_that_holds_none_other_is_a_full_run)
The `PATH` is built here so `tofu` is certainly absent after, whatever the host has installed. ... ok
test_a_path_without_sort_never_reuses (test_factory_gate_stamp_inputs.TestCachesThatCannotBeListedAreNeverReused.test_a_path_without_sort_never_reuses)
Where the caches under `assets/` cannot be listed, the probe line is unique to the run: no reuse. ... ok
test_a_slice_of_the_suite_writes_no_probe_file (test_factory_gate_stamp_inputs.TestEveryToolTheSuiteLooksForIsAccountedFor.test_a_slice_of_the_suite_writes_no_probe_file) ... ok
test_a_tool_the_tests_look_for_is_keyed_exempt_with_its_reason_or_keyed_through_the_probe_file (test_factory_gate_stamp_inputs.TestEveryToolTheSuiteLooksForIsAccountedFor.test_a_tool_the_tests_look_for_is_keyed_exempt_with_its_reason_or_keyed_through_the_probe_file) ... ok
test_every_tool_acceptance_criterion_6_names_is_listed_with_ko_and_mvn (test_factory_gate_stamp_inputs.TestEveryToolTheSuiteLooksForIsAccountedFor.test_every_tool_acceptance_criterion_6_names_is_listed_with_ko_and_mvn) ... ok
test_the_plugin_arriving_puts_the_next_run_in_full_and_the_run_after_reuses (test_factory_gate_stamp_inputs.TestEveryToolTheSuiteLooksForIsAccountedFor.test_the_plugin_arriving_puts_the_next_run_in_full_and_the_run_after_reuses)
A stand-in `docker` answers `--version` the same throughout and fails `compose version` until it is told. ... ok
test_the_real_tree_ignores_the_probe_file_and_the_key_does_not_exempt_it (test_factory_gate_stamp_inputs.TestEveryToolTheSuiteLooksForIsAccountedFor.test_the_real_tree_ignores_the_probe_file_and_the_key_does_not_exempt_it) ... ok
test_the_tools_whose_absence_skips_an_image_or_wrapper_test_are_listed (test_factory_gate_stamp_inputs.TestEveryToolTheSuiteLooksForIsAccountedFor.test_the_tools_whose_absence_skips_an_image_or_wrapper_test_are_listed) ... ok
test_a_bypass_writes_no_stamp_and_the_next_plain_run_is_full (test_factory_gate_stamp_inputs.TestEveryVariableTheSuiteReadsIsAccountedFor.test_a_bypass_writes_no_stamp_and_the_next_plain_run_is_full) ... ok
test_a_name_the_tests_read_is_a_bypass_or_has_its_reason_for_not_being_one (test_factory_gate_stamp_inputs.TestEveryVariableTheSuiteReadsIsAccountedFor.test_a_name_the_tests_read_is_a_bypass_or_has_its_reason_for_not_being_one) ... ok
test_a_site_the_scanners_cannot_read_is_listed_with_its_reason (test_factory_gate_stamp_inputs.TestEveryVariableTheSuiteReadsIsAccountedFor.test_a_site_the_scanners_cannot_read_is_listed_with_its_reason) ... ok
test_each_bypass_runs_the_checks_straight_and_leaves_the_stamp_alone (test_factory_gate_stamp_inputs.TestEveryVariableTheSuiteReadsIsAccountedFor.test_each_bypass_runs_the_checks_straight_and_leaves_the_stamp_alone) ... ok
test_i_with_a_failing_check_exits_0_writes_no_stamp_and_the_next_run_is_full (test_factory_gate_stamp_inputs.TestTheRootRecipeUnderMakesOwnFlags.test_i_with_a_failing_check_exits_0_writes_no_stamp_and_the_next_run_is_full) ... ok
test_k_with_a_failing_check_exits_2_names_the_failure_and_writes_no_stamp (test_factory_gate_stamp_inputs.TestTheRootRecipeUnderMakesOwnFlags.test_k_with_a_failing_check_exits_2_names_the_failure_and_writes_no_stamp) ... ok
test_n_starts_no_check_and_leaves_every_stamp_byte_alone (test_factory_gate_stamp_inputs.TestTheRootRecipeUnderMakesOwnFlags.test_n_starts_no_check_and_leaves_every_stamp_byte_alone) ... ok
test_q_exits_1_and_says_nothing_on_a_tree_that_needs_the_checks (test_factory_gate_stamp_inputs.TestTheRootRecipeUnderMakesOwnFlags.test_q_exits_1_and_says_nothing_on_a_tree_that_needs_the_checks) ... ok
test_a_family_question_is_never_asked_of_a_backend_key (test_factory_repository.FactoryRepositoryTest.test_a_family_question_is_never_asked_of_a_backend_key)
`language` throughout this package is a *backend* key, and families are what have properties. ... ok
test_an_option_s_feature_is_never_branched_on_by_name (test_factory_repository.FactoryRepositoryTest.test_an_option_s_feature_is_never_branched_on_by_name)
"Needs a container, migrations, a suite outside the gate" is a *trait*, not the string `postgres`. ... ok
test_every_asset_is_text_because_the_pipeline_can_carry_nothing_else (test_factory_repository.FactoryRepositoryTest.test_every_asset_is_text_because_the_pipeline_can_carry_nothing_else)
`asset_tree` reads with `read_text` and `write_project` writes with `write_text`. ... ok
test_gitea_publisher_has_the_exact_canonical_scope (test_factory_repository.FactoryRepositoryTest.test_gitea_publisher_has_the_exact_canonical_scope) ... ok
test_no_derived_starter_copies_are_committed (test_factory_repository.FactoryRepositoryTest.test_no_derived_starter_copies_are_committed) ... ok
test_the_ci_matrix_names_every_backend_the_catalog_has (test_factory_repository.FactoryRepositoryTest.test_the_ci_matrix_names_every_backend_the_catalog_has)
The matrix suite runs one CI job per backend, sliced with `FACTORY_BACKENDS`. The list of backends ... ok
test_the_factorys_own_gate_runs_the_same_checks_ci_does (test_factory_repository.FactoryRepositoryTest.test_the_factorys_own_gate_runs_the_same_checks_ci_does)
`make verify` locally and CI run the same targets, which is the rule the factory generates. ... ok
test_the_factorys_own_source_keeps_the_shape_it_claims (test_factory_repository.FactoryRepositoryTest.test_the_factorys_own_source_keeps_the_shape_it_claims) ... ok
test_the_pinned_tooling_matches_what_a_generated_project_is_given (test_factory_repository.FactoryRepositoryTest.test_the_pinned_tooling_matches_what_a_generated_project_is_given)
The factory is not checked by a looser tool than the one it hands its own output. ... ok
test_the_snapshot_is_published_only_when_every_gate_is_green (test_factory_repository.FactoryRepositoryTest.test_the_snapshot_is_published_only_when_every_gate_is_green)
The `snapshot` job packages `main` and publishes it — after every other job, on a push to `main` ... ok
test_the_structure_gate_rejects_a_module_that_does_not_say_what_it_is (test_factory_repository.FactoryRepositoryTest.test_the_structure_gate_rejects_a_module_that_does_not_say_what_it_is) ... ok
test_the_structure_gate_rejects_a_module_that_outgrew_its_budget (test_factory_repository.FactoryRepositoryTest.test_the_structure_gate_rejects_a_module_that_outgrew_its_budget) ... ok
test_the_structure_gate_rejects_an_import_against_the_direction (test_factory_repository.FactoryRepositoryTest.test_the_structure_gate_rejects_an_import_against_the_direction) ... ok
test_the_structure_gate_rejects_an_import_cycle (test_factory_repository.FactoryRepositoryTest.test_the_structure_gate_rejects_an_import_cycle) ... ok
test_the_structure_gate_rejects_logic_hidden_in_a_package_facade (test_factory_repository.FactoryRepositoryTest.test_the_structure_gate_rejects_logic_hidden_in_a_package_facade) ... ok
test_the_wheel_bundles_exactly_what_the_package_reads_from_the_root (test_factory_repository.FactoryRepositoryTest.test_the_wheel_bundles_exactly_what_the_package_reads_from_the_root)
`assets.py` resolves `assets/`, `catalog.json` and `VERSION` from the checkout root — and ... ok
test_a_bypassed_read_is_still_a_read_for_the_rule_about_dead_configuration (test_flag_gate.FlagGateTest.test_a_bypassed_read_is_still_a_read_for_the_rule_about_dead_configuration)
Why the variable is matched at all, and the half that breaks if rule 5 is written as a stricter ... created: /tmp/tmpgxgbooim/seen-anyway
ok
test_a_declared_flag_nothing_reads_is_dead_configuration (test_flag_gate.FlagGateTest.test_a_declared_flag_nothing_reads_is_dead_configuration) ... created: /tmp/tmpggdy503w/dead-flag
ok
test_a_flag_declared_before_this_change_is_not_held_to_the_seed_rule (test_flag_gate.FlagGateTest.test_a_flag_declared_before_this_change_is_not_held_to_the_seed_rule)
Only a *new* key is being introduced. A key seeded on before this change is a decision somebody ... created: /tmp/tmp76rmv_cd/seeded-long-ago
ok
test_a_flag_declared_read_seeded_off_and_tested_both_ways_passes (test_flag_gate.FlagGateTest.test_a_flag_declared_read_seeded_off_and_tested_both_ways_passes) ... created: /tmp/tmpvlbirsvz/held-back
ok
test_a_flag_read_and_declared_nowhere_is_the_dangerous_direction (test_flag_gate.FlagGateTest.test_a_flag_read_and_declared_nowhere_is_the_dangerous_direction)
From the outside it looks exactly like a feature that shipped and was fine: nothing fails, and ... created: /tmp/tmp1_lcu5fa/unreachable-flag
ok
test_a_flag_tested_only_on_the_path_that_is_not_shipping_is_refused (test_flag_gate.FlagGateTest.test_a_flag_tested_only_on_the_path_that_is_not_shipping_is_refused)
The sharp end of the issue this closes: a slice merges with its flag off, so the branch running ... created: /tmp/tmphhv94fpu/one-path
ok
test_a_key_only_a_test_asks_for_is_still_dead_configuration (test_flag_gate.FlagGateTest.test_a_key_only_a_test_asks_for_is_still_dead_configuration)
A test is not a read. Counted as one, a key that is declared, exercised on both paths and never ... created: /tmp/tmppq9nxph9/tested-not-read
ok
test_a_new_flag_seeded_on_is_refused (test_flag_gate.FlagGateTest.test_a_new_flag_seeded_on_is_refused)
The seed is what a *new* environment starts at, so a flag being introduced is seeded off — and ... created: /tmp/tmpmngrio_u/seeded-on
ok
test_a_project_with_no_flags_passes_and_says_so (test_flag_gate.FlagGateTest.test_a_project_with_no_flags_passes_and_says_so) ... created: /tmp/tmpww8ze7g_/no-flags
ok
test_a_read_that_names_the_variable_instead_of_the_reader_is_refused (test_flag_gate.FlagGateTest.test_a_read_that_names_the_variable_instead_of_the_reader_is_refused)
The reader says of itself that it is the only place this side touches the environment, and until ... created: /tmp/tmpc2d61v2n/bypassed
ok
test_the_readers_own_tests_are_not_read_as_this_project_s_flags (test_flag_gate.FlagGateTest.test_the_readers_own_tests_are_not_read_as_this_project_s_flags)
They demonstrate the transform with an example key. Counted as reads, every generated project ... created: /tmp/tmp6zq5nc3x/machinery
ok
test_both_java_backends_read_one_committed_tree (test_flag_gate.FlagReaderCatalogTest.test_both_java_backends_read_one_committed_tree)
The class names no framework type — no `@ConfigProperty`, no `@Value` — so a second copy would ... ok
test_every_backend_the_catalog_offers_has_a_reader (test_flag_gate.FlagReaderCatalogTest.test_every_backend_the_catalog_offers_has_a_reader)
A backend added later meets this as a `KeyError` at generation time under a target, which is ... ok
test_a_project_with_nowhere_to_deploy_gets_no_reader_at_all (test_flag_gate.FlagReaderTest.test_a_project_with_nowhere_to_deploy_gets_no_reader_at_all)
Not an oversight and not an inert file: `--target none` has no `flags.auto.tfvars` to declare a ... created: /tmp/tmp7p8aylvq/local-only
ok
test_every_backend_gets_a_reader_and_its_own_tests_under_a_target (test_flag_gate.FlagReaderTest.test_every_backend_gets_a_reader_and_its_own_tests_under_a_target)
The enabling change, and the reason it is per backend: a flag costs a project nothing at run ... created: /tmp/tmp1ewf2erg/flagged-typescript
created: /tmp/tmp1ewf2erg/flagged-python
created: /tmp/tmp1ewf2erg/flagged-go
created: /tmp/tmp1ewf2erg/flagged-java-quarkus
created: /tmp/tmp1ewf2erg/flagged-java-spring
ok
test_the_reader_is_wired_into_the_gate_and_the_rule_points_at_it (test_flag_gate.FlagReaderTest.test_the_reader_is_wired_into_the_gate_and_the_rule_points_at_it)
`AGENTS.md` names the file rather than describing the convention, which is the whole difference ... created: /tmp/tmptlcbh8mp/flag-wired
ok
test_a_browser_app_brings_the_two_design_skills_and_the_design_page_says_when (test_frontend.FrontendTest.test_a_browser_app_brings_the_two_design_skills_and_the_design_page_says_when)
The catalogue said how work is done and nothing about what a screen should look like or how to ... created: /tmp/tmppr3jhm9y/designed-web
created: /tmp/tmppr3jhm9y/headless-again
ok
test_a_project_with_no_browser_surface_has_no_design_to_record (test_frontend.FrontendTest.test_a_project_with_no_browser_surface_has_no_design_to_record) ... created: /tmp/tmp_ti8d44g/headless-service
ok
test_a_second_render_and_a_stylesheet_import_both_work_in_a_fresh_project (test_frontend.FrontendTest.test_a_second_render_and_a_stylesheet_import_both_work_in_a_fresh_project)
The two things every real frontend project does first, proved against the real toolchain. ... created: /tmp/tmp1p0em7sz/frontend-basics
ok
test_a_transport_that_publishes_nothing_says_so_rather_than_shipping_half_a_client (test_frontend.FrontendTest.test_a_transport_that_publishes_nothing_says_so_rather_than_shipping_half_a_client)
Both Java frameworks publish no API document, so there is nothing to generate a client from. ... created: /tmp/tmpa8mtl59z/unpublished-java-quarkus
created: /tmp/tmpa8mtl59z/unpublished-java-spring
ok
test_every_browser_app_ships_the_flag_gate_it_is_told_to_use (test_frontend.FrontendTest.test_every_browser_app_ships_the_flag_gate_it_is_told_to_use)
A flag hiding user-facing surface is a supported shape rather than something each project ... created: /tmp/tmphbymzulc/gated
ok
test_frontend_cannot_import_backend_implementation (test_frontend.FrontendTest.test_frontend_cannot_import_backend_implementation) ... created: /tmp/tmps902zi8i/web-import-boundary
ok
test_nothing_is_awaited_before_the_first_paint (test_frontend.FrontendTest.test_nothing_is_awaited_before_the_first_paint)
A top-level `await` in the entry point is a blank tab for as long as the request takes. ... created: /tmp/tmpqlf1cxp9/first-paint
ok
test_react_frontend_is_independent_and_event_sourcing_is_backend_only (test_frontend.FrontendTest.test_react_frontend_is_independent_and_event_sourcing_is_backend_only) ... created: /tmp/tmppuml5kyy/web-standard-typescript
created: /tmp/tmppuml5kyy/web-standard-python
created: /tmp/tmppuml5kyy/web-standard-go
created: /tmp/tmppuml5kyy/web-standard-java-quarkus
created: /tmp/tmppuml5kyy/web-standard-java-spring
created: /tmp/tmppuml5kyy/web-event-modelling-typescript
created: /tmp/tmppuml5kyy/web-event-modelling-python
created: /tmp/tmppuml5kyy/web-event-modelling-go
created: /tmp/tmppuml5kyy/web-event-modelling-java-quarkus
created: /tmp/tmppuml5kyy/web-event-modelling-java-spring
ok
test_the_browser_app_calls_its_service_through_a_generated_client (test_frontend.FrontendTest.test_the_browser_app_calls_its_service_through_a_generated_client)
The types the app expects and the shapes the service serialises are one declaration. ... created: /tmp/tmpns4xn9my/typed-client
ok
test_the_browser_app_ships_a_baseline_to_react_to_rather_than_browser_defaults (test_frontend.FrontendTest.test_the_browser_app_ships_a_baseline_to_react_to_rather_than_browser_defaults)
A first slice demonstrated on an unstyled page gets feedback about the page. ... created: /tmp/tmpjlrvv5sr/styled-web
ok
test_the_dev_server_forwards_the_one_path_the_skeleton_s_screen_calls (test_frontend.FrontendTest.test_the_dev_server_forwards_the_one_path_the_skeleton_s_screen_calls)
A demo that shows "the service could not be reached" on a working machine teaches the wrong ... created: /tmp/tmpf04oddde/proxied
ok
created: /tmp/gate-recipes-tynqfbk3/pinned
test_each_model_target_installs_with_npm_then_runs_tsx_with_its_script (test_gate_recipes_pinned.GateRecipesPinnedTest.test_each_model_target_installs_with_npm_then_runs_tsx_with_its_script)
Seam: the four model targets with stand-in `npm` and `node`; install first, then tsx's entry, unchanged. ... ok
test_every_mode_of_the_verify_script_syncs_every_service_before_its_first_run (test_gate_recipes_pinned.GateRecipesPinnedTest.test_every_mode_of_the_verify_script_syncs_every_service_before_its_first_run)
Seam: `./scripts/verify <mode>` with a stand-in `uv`; each service named in a `--project` sync. ... ok
test_make_dev_syncs_before_it_starts_the_service (test_gate_recipes_pinned.GateRecipesPinnedTest.test_make_dev_syncs_before_it_starts_the_service)
Seam: `make dev` with a transport; a sync precedes the `uv run` of the service's `main` module. ... ok
test_make_install_syncs (test_gate_recipes_pinned.GateRecipesPinnedTest.test_make_install_syncs)
Seam: `make install` on a Python project; a sync is run, and nothing is run before it. ... ok
test_make_migrate_syncs_before_it_applies_the_migrations (test_gate_recipes_pinned.GateRecipesPinnedTest.test_make_migrate_syncs_before_it_applies_the_migrations)
Seam: `make migrate` with Postgres; a sync precedes the `uv run` of `migrations/apply.py`. ... ok
test_a_bigger_project_is_not_refused_for_its_size (test_gate_walks.GateWalkListingTest.test_a_bigger_project_is_not_refused_for_its_size)
R1e3: 150 more files, the count passes 100, still one line and nothing on stderr. ... created: /tmp/tmpt45dwnda/walks
ok
test_a_link_to_a_directory_is_one_entry_and_is_not_followed (test_gate_walks.GateWalkListingTest.test_a_link_to_a_directory_is_one_entry_and_is_not_followed)
R1e5: the link counts once; what it points at is not read. ... created: /tmp/tmpl9mzq45h/walks
ok
test_a_project_with_no_source_reads_nothing (test_gate_walks.GateWalkListingTest.test_a_project_with_no_source_reads_nothing)
R1e4: only `project.json` and `scripts/`. ... ok
test_the_import_gate_lists_each_directory_once_and_says_how_many_entries (test_gate_walks.GateWalkListingTest.test_the_import_gate_lists_each_directory_once_and_says_how_many_entries)
R1e1. ... created: /tmp/tmpw_260p8q/walks
ok
test_the_migration_gate_keeps_its_sentence_and_says_how_many_entries (test_gate_walks.GateWalkListingTest.test_the_migration_gate_keeps_its_sentence_and_says_how_many_entries)
R1e2. ... created: /tmp/tmpoqmtpnss/walks
ok
test_hold_without_a_manifest_both_gates_still_pass (test_gate_walks.GateWalkManifestTest.test_hold_without_a_manifest_both_gates_still_pass)
R5e3, a hold: the rules that need the manifest find no applications. ... created: /tmp/tmp5ldnjqsd/none
ok
test_the_import_gate_opens_the_manifest_once (test_gate_walks.GateWalkManifestTest.test_the_import_gate_opens_the_manifest_once)
R5e1: a web app and a two-context service, so every rule that asks the manifest runs. ... created: /tmp/tmpwv89n82g/once
ok
test_the_migration_gate_opens_the_manifest_once (test_gate_walks.GateWalkManifestTest.test_the_migration_gate_opens_the_manifest_once)
R5e2, moved by D52 (AC-S01-8): it reads none before the slice, and now reads once, for which deployables ... created: /tmp/tmpkc6jjt0m/once
ok
test_a_pruned_directory_in_a_web_app_hides_nothing_from_rule_4 (test_gate_walks.GateWalkPrunedTest.test_a_pruned_directory_in_a_web_app_hides_nothing_from_rule_4)
R2e3. ... created: /tmp/tmp7d_fawtb/pruned-web
ok
test_no_pruned_directory_is_listed (test_gate_walks.GateWalkPrunedTest.test_no_pruned_directory_is_listed)
R2e4: under the audit hook, no listing of any path inside one of the four. ... created: /tmp/tmpj_f2ql41/pruned-audit
ok
test_the_four_names_are_not_read_where_they_are_planted (test_gate_walks.GateWalkPrunedTest.test_the_four_names_are_not_read_where_they_are_planted)
R2e1 and R2e2: beside the source and two directories deeper, both gates pass, the count follows. ... created: /tmp/tmp9fmlpsj4/pruned
created: /tmp/tmp53t5udfg/pruned
ok
test_a_project_with_a_browser_app_counts_exactly_what_it_lists (test_gate_walks_counts.CountOnATreeThatReachesTheCodeTest.test_a_project_with_a_browser_app_counts_exactly_what_it_lists)
T024: the reference skeleton (Python, `react-vite`) — `under()` is called for the web app. ... created: /tmp/tmpsvf46xd6/counted-web
ok
test_a_service_with_two_contexts_counts_exactly_what_it_lists (test_gate_walks_counts.CountOnATreeThatReachesTheCodeTest.test_a_service_with_two_contexts_counts_exactly_what_it_lists)
T024: `under()` is called for the service as well as for the web app. ... created: /tmp/tmpqikcyw0i/counted-contexts
ok
test_pruned_directories_planted_beside_violations_leave_the_findings_byte_for_byte (test_gate_walks_counts.CountOnATreeThatReachesTheCodeTest.test_pruned_directories_planted_beside_violations_leave_the_findings_byte_for_byte)
T024: the four names planted beside the pinned violations — the pinned stderr, exit 1, empty stdout. ... created: /tmp/tmp7qe5km8e/counted-pinned
ok
test_a_go_project (test_gate_walks_counts.EachDirectoryIsListedOnceTest.test_a_go_project) ... created: /tmp/tmpl46xn07d/once-go
ok
test_a_marked_contraction (test_gate_walks_counts.EachDirectoryIsListedOnceTest.test_a_marked_contraction) ... created: /tmp/tmpc0cpejkj/once-contract
ok
test_the_reference_skeleton (test_gate_walks_counts.EachDirectoryIsListedOnceTest.test_the_reference_skeleton) ... created: /tmp/tmptndm186x/once-web
ok
test_the_import_gate_reports_the_same_findings_in_the_same_bytes (test_gate_walks_pinned.GateWalksPinnedTest.test_the_import_gate_reports_the_same_findings_in_the_same_bytes)
Hold (R4e1): the findings, their order, stderr to the byte, an empty stdout, exit 1. ... created: /tmp/tmp2opx97kd/pinned
ok
test_the_migration_gate_reports_the_same_findings_in_the_same_bytes (test_gate_walks_pinned.GateWalksPinnedTest.test_the_migration_gate_reports_the_same_findings_in_the_same_bytes)
Hold (R4e2): the same for `check-migrations`. ... created: /tmp/tmpxgfq57mw/pinned
ok
test_a_nested_modules_target_below_a_recorded_java_root_is_read (test_gate_walks_pom.PomBesideATargetTest.test_a_nested_modules_target_below_a_recorded_java_root_is_read) ... created: /tmp/tmpkanhdm8h/nested
ok
test_a_record_with_a_path_or_language_that_is_not_a_string_prunes_nothing (test_gate_walks_pom.PomBesideATargetTest.test_a_record_with_a_path_or_language_that_is_not_a_string_prunes_nothing) ... created: /tmp/tmpuk2dos6_/odd
created: /tmp/tmp_qz1gs23/odd
created: /tmp/tmpul5v0h7m/odd
ok
test_a_target_beside_a_pom_under_packages_with_no_record_is_read (test_gate_walks_pom.PomBesideATargetTest.test_a_target_beside_a_pom_under_packages_with_no_record_is_read) ... created: /tmp/tmpdqm_mve3/pkg
ok
test_an_empty_pom_a_slice_commits_does_not_switch_the_gates_off (test_gate_walks_pom.PomBesideATargetTest.test_an_empty_pom_a_slice_commits_does_not_switch_the_gates_off)
A1: the adversary's reproduction, at depth and at the service's root, on a Python project. ... created: /tmp/tmprtkpfd92/pom
created: /tmp/tmpxvnvb3nk/pom
ok
test_hold_an_unreadable_record_does_not_make_check_migrations_fail_a_clean_tree (test_gate_walks_pom.PomBesideATargetTest.test_hold_an_unreadable_record_does_not_make_check_migrations_fail_a_clean_tree)
A hold: it never read the record before the slice and must not trace back on it now. ... created: /tmp/tmp2w4avef7/clean
created: /tmp/tmpoecpre24/clean
created: /tmp/tmpd02bfemj/clean
ok
test_no_record_prunes_no_target (test_gate_walks_pom.PomBesideATargetTest.test_no_record_prunes_no_target)
A missing `project.json`, one that is not valid JSON, one that is not an object: both gates read `target`, ... created: /tmp/tmpgr8ax2si/none
created: /tmp/tmptvs3_khv/none
created: /tmp/tmpg6dhn974/none
ok
test_a_contract_marker_naming_a_pruned_directory_is_answered_as_before_the_slice (test_gate_walks_pom.PrunedEntryStillAnEntryTest.test_a_contract_marker_naming_a_pruned_directory_is_answered_as_before_the_slice)
`.venv` and `.git` sort before the migration, so the marker was satisfied; `node_modules` and ... created: /tmp/tmpqqvqqvz_/entry
created: /tmp/tmpy43d_9_5/entry
created: /tmp/tmpkdhy62oz/entry
created: /tmp/tmpckv312xq/entry
ok
test_a_deployable_recorded_at_a_pruned_name_is_read_by_every_rule (test_gate_walks_pom.RecordedDeployableTest.test_a_deployable_recorded_at_a_pruned_name_is_read_by_every_rule)
A4, AC-S01-26: at `apps/service/target` (a recorded Java root beside its `pom.xml`) and beneath `.venv`. ... created: /tmp/tmpbwa0k7ua/recorded
created: /tmp/tmpfpxdr1e4/recorded
created: /tmp/tmp8zq_n9m8/recorded
ok
test_the_directory_on_the_way_to_one_is_descended_whatever_the_record_spells (test_gate_walks_pom.RecordedDeployableTest.test_the_directory_on_the_way_to_one_is_descended_whatever_the_record_spells) ... created: /tmp/tmplmbkwjs1/spelled
created: /tmp/tmp9giwbmhc/spelled
ok
test_hold_a_recorded_java_roots_target_beside_its_pom_is_not_descended (test_gate_walks_pom.RecordedJavaTargetHoldTest.test_hold_a_recorded_java_roots_target_beside_its_pom_is_not_descended)
AC-S01-4, holds: however the path is spelled, `generated` true or false; the count grows by one. ... created: /tmp/tmpp2b5ylg6/held
created: /tmp/tmpczp7ai8m/held
created: /tmp/tmp4n90dorz/held
created: /tmp/tmpyzh92euq/held
created: /tmp/tmpx7cm3j2q/held
created: /tmp/tmpyl82ddsh/held
ok
test_a_context_holding_service_recorded_with_a_dot_dot_is_still_read (test_gate_walks_recorded.RecordedPathTest.test_a_context_holding_service_recorded_with_a_dot_dot_is_still_read)
T015 rule 5: a context reaches into another, the service recorded as `apps/web/../service`. ... created: /tmp/tmpy0zmtmy6/recorded
ok
test_a_web_app_recorded_as_a_link_to_the_app_is_still_read (test_gate_walks_recorded.RecordedPathTest.test_a_web_app_recorded_as_a_link_to_the_app_is_still_read)
T015 e2. ... created: /tmp/tmp5tftvii3/recorded
ok
test_a_web_app_recorded_with_a_dot_dot_is_still_read (test_gate_walks_recorded.RecordedPathTest.test_a_web_app_recorded_with_a_dot_dot_is_still_read)
T015 e1. ... created: /tmp/tmpdkw49gd4/recorded
ok
test_a_web_app_that_is_itself_a_link_out_of_apps_is_still_read (test_gate_walks_recorded.RecordedPathTest.test_a_web_app_that_is_itself_a_link_out_of_apps_is_still_read)
T015 e3. ... created: /tmp/tmpt79eb5l_/recorded
ok
test_hold_every_plain_spelling_of_the_web_app_fails_as_before (test_gate_walks_recorded.RecordedPathTest.test_hold_every_plain_spelling_of_the_web_app_fails_as_before)
T015 holds: `apps/web`, `apps/web/`, `./apps/web`, `frontends/web` and `.`. ... created: /tmp/tmpzf8ya3bt/recorded
created: /tmp/tmpk2ved0oe/recorded
created: /tmp/tmpzyfob7ud/recorded
created: /tmp/tmpu01kezex/recorded
created: /tmp/tmp2r32eqd8/recorded
ok
test_hold_a_context_called_target_is_still_held_to_rule_5 (test_gate_walks_target.GateWalkTargetTest.test_hold_a_context_called_target_is_still_held_to_rule_5)
R3e3, a hold: a file under `src/target/` reaching into `orders` is a context seam finding. ... created: /tmp/tmp1p4c80z_/contexts
ok
test_hold_a_context_called_target_is_still_read (test_gate_walks_target.GateWalkTargetTest.test_hold_a_context_called_target_is_still_read)
R3e2, a hold: no `pom.xml` beside it, so a domain file there is held to rule 1. ... created: /tmp/tmp0bek2e_3/contexts
ok
test_hold_a_java_package_called_target_beside_no_pom_is_still_read (test_gate_walks_target.GateWalkTargetTest.test_hold_a_java_package_called_target_beside_no_pom_is_still_read)
R3e5, a hold: the `pom.xml` is in `apps/service`, not beside this `target`. ... created: /tmp/tmpwi8f3n4w/java
ok
test_hold_migrations_under_a_directory_called_target_are_still_read (test_gate_walks_target.GateWalkTargetTest.test_hold_migrations_under_a_directory_called_target_are_still_read)
R3e4, a hold. ... created: /tmp/tmpdgvqvwv9/contexts
ok
test_maven_output_beside_a_pom_is_not_read (test_gate_walks_target.GateWalkTargetTest.test_maven_output_beside_a_pom_is_not_read)
R3e1: a migration and a domain file under `target/` are neither read nor reported; the dir is one entry. ... created: /tmp/tmppkzgh_q0/java
ok
test_a_production_service_wires_its_flag_source_where_its_formatter_wants_it (test_gates.GatesTest.test_a_production_service_wires_its_flag_source_where_its_formatter_wants_it)
The flag source is handed to the app only under a target, and each language's formatter owns ... created: /tmp/tmp1ye8td9x/flag-format-go
created: /tmp/tmp1ye8td9x/flag-format-python
ok
test_contexts_inside_one_service_meet_only_through_public_modules (test_gates.GatesTest.test_contexts_inside_one_service_meet_only_through_public_modules)
The modular monolith a project starts as: one service, several bounded contexts as ... created: /tmp/tmpllnurw14/monolith
created: /tmp/tmpllnurw14/plain
ok
test_migration_gate_holds_schema_change_to_expand_then_contract (test_gates.GatesTest.test_migration_gate_holds_schema_change_to_expand_then_contract)
A drop, rename, type change or new NOT NULL column must name the earlier additive migration it ... created: /tmp/tmpe_ybz7ru/schema-gates
ok
test_python_typecheck_gate_is_a_type_check_and_not_a_byte_compile (test_gates.GatesTest.test_python_typecheck_gate_is_a_type_check_and_not_a_byte_compile)
`make typecheck` used to run `compileall`, which proves only that the files parse. ... created: /tmp/tmphkjg3ckr/typecheck-gate
ok
test_typescript_lint_gate_rejects_a_domain_clock_read (test_gates.GatesTest.test_typescript_lint_gate_rejects_a_domain_clock_read)
Biome's recommended set, plus the two things it does not ship a rule for. ... created: /tmp/tmpq1v8n5nl/lint-gate
ok
test_event_model_gate_asks_what_an_append_is_guarded_by (test_gates_event_model.EventModelGateTest.test_event_model_gate_asks_what_an_append_is_guarded_by)
`stream` was the only answer this gate accepted, and under a boundary drawn out of tags there ... created: /tmp/tmpirbnojod/what-guards-the-append
ok
test_event_model_gate_asks_where_a_planned_read_model_lives (test_gates_event_model.EventModelGateTest.test_event_model_gate_asks_where_a_planned_read_model_lives)
The read side's `stream`: unasked, the answer is whichever read path already exists, and the ... created: /tmp/tmpeq9iewtu/read-model-materialisation
ok
test_event_model_gate_holds_depends_on_to_a_dag_of_genuine_build_deps (test_gates_event_model.EventModelGateTest.test_event_model_gate_holds_depends_on_to_a_dag_of_genuine_build_deps)
`depends_on` is build order, not timeline order. ... created: /tmp/tmpmt5modkd/depends-on-dag
ok
test_event_model_gate_holds_identifying_attributes_to_what_a_tag_is_derived_from (test_gates_event_model.EventModelGateTest.test_event_model_gate_holds_identifying_attributes_to_what_a_tag_is_derived_from)
An event may say which of its attributes identify something, and that is what a project's ... created: /tmp/tmprz5lhw7z/identifying-attributes
ok
test_event_model_gate_refuses_a_todo_list_folded_per_request (test_gates_event_model.EventModelGateTest.test_event_model_gate_refuses_a_todo_list_folded_per_request)
An automation's read model is not a view: a fold that only knows the streams this request wrote ... created: /tmp/tmpn42yjzy0/todo-list-persisted
ok
test_event_model_gate_rejects_an_invalid_pattern (test_gates_event_model.EventModelGateTest.test_event_model_gate_rejects_an_invalid_pattern) ... created: /tmp/tmp_28ymq3r/invalid-model-product
ok
test_a_test_of_the_domain_is_not_domain_code (test_gates_imports.ImportGatesTest.test_a_test_of_the_domain_is_not_domain_code)
`adversarial-testing` and `event-modeling-to-code.md` send a Decider's spec to `tests/domain/`, and it ... created: /tmp/tmp1xu2c3nr/import-gates-tests
ok
test_every_layer_the_import_gate_guards_is_emitted_on_day_one (test_gates_imports.ImportGatesTest.test_every_layer_the_import_gate_guards_is_emitted_on_day_one)
A rule about `domain/` is worth nothing in a project that has no `domain/`. ... created: /tmp/tmpl1mpkpzh/layers-typescript
created: /tmp/tmpl1mpkpzh/layers-python
created: /tmp/tmpl1mpkpzh/layers-go
created: /tmp/tmpl1mpkpzh/layers-java-quarkus
created: /tmp/tmpl1mpkpzh/layers-java-spring
ok
test_hexagonal_import_gate_knows_what_a_framework_is_in_java (test_gates_imports.ImportGatesTest.test_hexagonal_import_gate_knows_what_a_framework_is_in_java)
Import *direction* is language-neutral; "which package is a framework" is not. ... created: /tmp/tmp1rr_pbp_/java-import-gates
ok
test_hexagonal_import_gate_rejects_domain_and_application_violations (test_gates_imports.ImportGatesTest.test_hexagonal_import_gate_rejects_domain_and_application_violations) ... created: /tmp/tmpjhhgim5y/import-gates
ok
test_a_different_name_is_a_project_of_that_name_inside_the_empty_folder (test_generate_here.GenerateHereNamesTest.test_a_different_name_is_a_project_of_that_name_inside_the_empty_folder)
Typing `shop` in an empty `work` must not leave a `shop` project whose folder is called `work`. ... ok
test_the_parent_of_an_empty_folder_need_not_be_writable (test_generate_here.GenerateHereNamesTest.test_the_parent_of_an_empty_folder_need_not_be_writable)
A devcontainer's `/workspaces/app` under a root-owned `/workspaces`: staging goes inside the folder. ... ok
test_a_folder_that_is_not_empty_still_gets_a_new_folder (test_generate_here.GenerateHereTest.test_a_folder_that_is_not_empty_still_gets_a_new_folder) ... ok
test_an_empty_folder_is_the_project_and_is_offered_as_its_name (test_generate_here.GenerateHereTest.test_an_empty_folder_is_the_project_and_is_offered_as_its_name) ... ok
test_a_redirected_stream_in_a_legacy_code_page_does_not_crash_the_questions (test_generate_here.OutputEncodingTest.test_a_redirected_stream_in_a_legacy_code_page_does_not_crash_the_questions)
Windows gives a redirected stdout cp1252, and the questions print `—` and `↑`: generate died with ... ok
test_every_override_set_at_install_time_reaches_the_agent_verbatim (test_gitea_pages.InstallerTest.test_every_override_set_at_install_time_reaches_the_agent_verbatim) ... ok
test_with_nothing_set_the_agent_gets_the_defaults_and_an_empty_environment (test_gitea_pages.InstallerTest.test_with_nothing_set_the_agent_gets_the_defaults_and_an_empty_environment) ... ok
test_a_missing_site_is_a_404_with_a_line_in_the_log (test_gitea_pages.ServingTest.test_a_missing_site_is_a_404_with_a_line_in_the_log) ... ok
test_a_tls_handshake_reaching_the_cleartext_port_is_a_400_that_names_its_request_line (test_gitea_pages.ServingTest.test_a_tls_handshake_reaching_the_cleartext_port_is_a_400_that_names_its_request_line) ... ok
test_the_owner_as_typed_reaches_the_lowercase_site_and_a_success_is_not_logged (test_gitea_pages.ServingTest.test_the_owner_as_typed_reaches_the_lowercase_site_and_a_success_is_not_logged) ... ok
test_a_query_string_survives_and_an_unknown_name_is_left_for_the_404 (test_gitea_pages.SiteCaseTest.test_a_query_string_survives_and_an_unknown_name_is_left_for_the_404) ... ok
test_only_the_first_two_segments_fold (test_gitea_pages.SiteCaseTest.test_only_the_first_two_segments_fold) ... ok
test_owner_and_repository_fold_to_their_on_disk_spelling (test_gitea_pages.SiteCaseTest.test_owner_and_repository_fold_to_their_on_disk_spelling) ... ok
test_the_bind_address_is_an_override_with_loopback_as_its_default (test_gitea_pages.SiteCaseTest.test_the_bind_address_is_an_override_with_loopback_as_its_default) ... ok
test_go_migrate_embeds_sql_and_allows_an_empty_set (test_go_migrate_embed.GoMigrateEmbedTest.test_go_migrate_embeds_sql_and_allows_an_empty_set) ... created: /tmp/tmpqr22__e9/go-embed
ok
test_a_generated_project_has_no_ground_to_cover (test_ground.GroundTest.test_a_generated_project_has_no_ground_to_cover) ... ok
test_the_command_asks_every_axis_but_the_constitution_with_its_rungs_and_opens_with_the_map (test_ground.GroundTest.test_the_command_asks_every_axis_but_the_constitution_with_its_rungs_and_opens_with_the_map) ... ok
test_the_command_follows_the_record_and_the_loop_sends_the_person_to_it (test_ground.GroundTest.test_the_command_follows_the_record_and_the_loop_sends_the_person_to_it) ... ok
test_a_readable_question_goes_back_to_the_tree_rather_than_to_the_person (test_ground.QuestionDisciplineTest.test_a_readable_question_goes_back_to_the_tree_rather_than_to_the_person) ... ok
test_a_recommendation_comes_with_its_reasoning_and_never_a_bare_menu (test_ground.QuestionDisciplineTest.test_a_recommendation_comes_with_its_reasoning_and_never_a_bare_menu) ... ok
test_every_option_has_to_say_what_it_does (test_ground.QuestionDisciplineTest.test_every_option_has_to_say_what_it_does) ... ok
test_how_much_to_explain_is_asked_first_and_is_not_a_row (test_ground.QuestionDisciplineTest.test_how_much_to_explain_is_asked_first_and_is_not_a_row)
Somebody who knows the codebase and the method does not need webpack explained, and being told ... ok
test_not_knowing_is_offered_rather_than_merely_accepted (test_ground.QuestionDisciplineTest.test_not_knowing_is_offered_rather_than_merely_accepted) ... ok
test_the_candidate_section_holds_its_options_to_the_same_standard (test_ground.QuestionDisciplineTest.test_the_candidate_section_holds_its_options_to_the_same_standard) ... ok
test_the_long_form_says_what_being_an_application_commits_the_person_to (test_ground.QuestionDisciplineTest.test_the_long_form_says_what_being_an_application_commits_the_person_to)
"Is `themes` an application?" was answered by somebody who took the word to mean "gets deployed", ... ok
test_the_short_form_drops_the_elaboration_and_not_the_honesty (test_ground.QuestionDisciplineTest.test_the_short_form_drops_the_elaboration_and_not_the_honesty) ... ok
test_every_harness_either_has_somewhere_for_a_command_or_says_why_not (test_harness.EveryHarnessReachesTest.test_every_harness_either_has_somewhere_for_a_command_or_says_why_not)
The cheap half, and the one that catches a harness added tomorrow: the projector puts a command ... ok
test_every_hook_a_harness_is_given_runs_from_a_subdirectory (test_harness.EveryHarnessReachesTest.test_every_hook_a_harness_is_given_runs_from_a_subdirectory)
A hook runs in whatever directory the session is in, and the commands were written relative to the ... ok
test_ground_lands_for_every_harness_the_registry_knows (test_harness.EveryHarnessReachesTest.test_ground_lands_for_every_harness_the_registry_knows)
The behavioural half: not an assertion about the table, but thirty-six projections that have to ... ok
test_a_directory_two_harnesses_read_names_neither (test_harness.HarnessTest.test_a_directory_two_harnesses_read_names_neither) ... ok
test_a_harness_the_registry_does_not_know_is_refused_before_anything_is_written (test_harness.HarnessTest.test_a_harness_the_registry_does_not_know_is_refused_before_anything_is_written) ... ok
test_a_re_survey_carries_the_recorded_agent_rather_than_re_reading_it (test_harness.HarnessTest.test_a_re_survey_carries_the_recorded_agent_rather_than_re_reading_it) ... ok
test_a_recorded_agent_changes_what_the_report_says_init_will_ask (test_harness.HarnessTest.test_a_recorded_agent_changes_what_the_report_says_init_will_ask) ... ok
test_a_spec_kit_record_that_says_nothing_usable_is_not_read_as_an_answer (test_harness.HarnessTest.test_a_spec_kit_record_that_says_nothing_usable_is_not_read_as_an_answer) ... ok
test_a_tree_that_reads_for_two_records_neither_because_that_is_a_decision (test_harness.HarnessTest.test_a_tree_that_reads_for_two_records_neither_because_that_is_a_decision) ... ok
test_an_agent_the_tree_already_reads_for_is_detected_from_it (test_harness.HarnessTest.test_an_agent_the_tree_already_reads_for_is_detected_from_it) ... ok
test_naming_the_agent_outranks_what_was_detected_and_says_so (test_harness.HarnessTest.test_naming_the_agent_outranks_what_was_detected_and_says_so) ... ok
test_nothing_saying_which_agent_is_recorded_as_nobody_having_said (test_harness.HarnessTest.test_nothing_saying_which_agent_is_recorded_as_nobody_having_said) ... ok
test_spec_kits_answer_outranks_what_the_tree_and_the_environment_read (test_harness.HarnessTest.test_spec_kits_answer_outranks_what_the_tree_and_the_environment_read) ... ok
test_the_harness_a_run_started_from_is_detected_from_its_environment (test_harness.HarnessTest.test_the_harness_a_run_started_from_is_detected_from_its_environment) ... ok
test_the_record_catches_up_with_the_harness_init_settled (test_harness.HarnessTest.test_the_record_catches_up_with_the_harness_init_settled)
Where `adopt` could not tell, it hands the question to `./init` — which then asks it. The record ... ok
test_e37_each_reason_is_the_whole_comparison_with_one_clause_saying_why (test_health_memory.AMemoryHealthCannotUseTest.test_e37_each_reason_is_the_whole_comparison_with_one_clause_saying_why) ... created: /tmp/tmpxs29c308/narrowed
created: /tmp/tmpb0jyyake/narrowed
created: /tmp/tmpvx3_i2e0/narrowed
created: /tmp/tmpkm3wvayv/narrowed
created: /tmp/tmpwfwili35/narrowed
created: /tmp/tmpszhbraza/narrowed
ok
test_e39_a_corrupt_database_with_a_usable_memory_is_rebuilt_and_then_compared_whole (test_health_memory.AMemoryHealthCannotUseTest.test_e39_a_corrupt_database_with_a_usable_memory_is_rebuilt_and_then_compared_whole)
A hold: the rebuilt file is not the database the memory compared (the gate's own identity check), so the ... created: /tmp/tmpdu5cqg_w/narrowed
ok
test_e38_in_ci_health_compares_everything_and_leaves_the_memory_as_it_was (test_health_memory.TheMemoryHealthWritesTest.test_e38_in_ci_health_compares_everything_and_leaves_the_memory_as_it_was)
A hold: nothing reads or writes the memory under a CI marker. Teeth: `memory_of()` reading it in CI. ... created: /tmp/tmpa5lzzrtg/narrowed
ok
test_e38_in_ci_no_memory_is_made_where_there_was_none (test_health_memory.TheMemoryHealthWritesTest.test_e38_in_ci_no_memory_is_made_where_there_was_none) ... created: /tmp/tmpyr2dqyf3/narrowed
ok
test_e40_a_current_health_leaves_what_a_passing_gate_run_leaves (test_health_memory.TheMemoryHealthWritesTest.test_e40_a_current_health_leaves_what_a_passing_gate_run_leaves) ... created: /tmp/tmp9km_ac1o/narrowed
ok
test_e40_a_narrowed_current_health_renews_the_memory_as_a_narrowed_gate_run_does (test_health_memory.TheMemoryHealthWritesTest.test_e40_a_narrowed_current_health_renews_the_memory_as_a_narrowed_gate_run_does) ... created: /tmp/tmptemeajs4/narrowed
ok
test_e40_a_synced_health_with_a_clean_second_comparison_writes_the_memory (test_health_memory.TheMemoryHealthWritesTest.test_e40_a_synced_health_with_a_clean_second_comparison_writes_the_memory) ... created: /tmp/tmpj0_l_u5a/narrowed
ok
test_e41_a_touch_costs_one_hash_and_the_next_health_none (test_health_memory.TheMemoryHealthWritesTest.test_e41_a_touch_costs_one_hash_and_the_next_health_none) ... created: /tmp/tmpa45n09ly/narrowed
ok
test_hold_e40_where_health_does_not_end_current_the_memory_is_as_it_was (test_health_memory.TheMemoryHealthWritesTest.test_hold_e40_where_health_does_not_end_current_the_memory_is_as_it_was)
Each of these ends `failed` or `unreachable`, cannot open the database or gets no answer: the memory's ... created: /tmp/tmpiup0v4de/narrowed
created: /tmp/tmpkx2m056h/narrowed
created: /tmp/tmp8654l3_u/narrowed
created: /tmp/tmpxcxq8dsa/narrowed
ok
test_e36_each_state_gives_the_state_the_whole_comparison_gives (test_health_memory_states.EveryStateAnswersAsTheWholeComparisonDoesTest.test_e36_each_state_gives_the_state_the_whole_comparison_gives) ... created: /tmp/tmp8z18xo71/narrowed
created: /tmp/tmp28x_0h9n/narrowed
created: /tmp/tmpmr2ssypu/narrowed
created: /tmp/tmp_c4o37yl/narrowed
created: /tmp/tmpfylhc7tw/narrowed
created: /tmp/tmpdnsyx9zp/narrowed
created: /tmp/tmpvrf4siif/narrowed
created: /tmp/tmpux4hqgft/narrowed
created: /tmp/tmpkv58ip9u/narrowed
created: /tmp/tmpjo18rp_r/narrowed
created: /tmp/tmp3jvghg_m/narrowed
created: /tmp/tmp080zh6kk/narrowed
created: /tmp/tmposn6so4w/narrowed
created: /tmp/tmpi39il0fr/narrowed
created: /tmp/tmpfvlrcage/narrowed
created: /tmp/tmpbs8o5hj0/narrowed
created: /tmp/tmpqf3gqswe/narrowed
ok
test_e36_the_states_the_table_names_are_not_all_the_same_state (test_health_memory_states.EveryStateAnswersAsTheWholeComparisonDoesTest.test_e36_the_states_the_table_names_are_not_all_the_same_state)
The table is not vacuous: it reaches `current`, `synced` and `rebuilt`, each by a state that means it. ... created: /tmp/tmp73ka4cau/narrowed
created: /tmp/tmphoxdmufa/narrowed
created: /tmp/tmpaoezx8pu/narrowed
ok
test_hold_e43_one_iteration_syncs_at_most_once_and_only_where_files_are_behind (test_health_narrowed.HoldsTest.test_hold_e43_one_iteration_syncs_at_most_once_and_only_where_files_are_behind) ... created: /tmp/tmphhhon4fo/narrowed
ok
test_hold_e44_the_gate_off_a_slice_branch_and_in_ci_prints_todays_line_and_exit_code (test_health_narrowed.HoldsTest.test_hold_e44_the_gate_off_a_slice_branch_and_in_ci_prints_todays_line_and_exit_code)
The gate's own examples are `test_codegraph_narrowed` and `test_codegraph_bytes`, which pass with no edit; ... created: /tmp/tmpcl8a1der/narrowed
ok
test_hold_e45_health_leaves_nothing_for_git_status_and_no_bytecode_beside_the_scripts (test_health_narrowed.HoldsTest.test_hold_e45_health_leaves_nothing_for_git_status_and_no_bytecode_beside_the_scripts) ... created: /tmp/tmplcvcpqwi/narrowed
ok
test_hold_health_runs_the_integrity_check_on_every_call (test_health_narrowed.HoldsTest.test_hold_health_runs_the_integrity_check_on_every_call)
D59: narrowed or not, a corrupt database is found by `health()` and not left to a later query. ... created: /tmp/tmp9eh_8yuf/narrowed
ok
test_e34_nothing_changed_hashes_nothing_on_every_kind_of_branch (test_health_narrowed.NarrowedHealthTest.test_e34_nothing_changed_hashes_nothing_on_every_kind_of_branch) ... created: /tmp/tmpxccr9g18/narrowed
ok
test_e35_a_sync_that_does_not_take_is_failed_as_today (test_health_narrowed.NarrowedHealthTest.test_e35_a_sync_that_does_not_take_is_failed_as_today) ... created: /tmp/tmppx8eaeiv/narrowed
ok
test_e35_one_changed_file_is_hashed_alone_and_synced_once (test_health_narrowed.NarrowedHealthTest.test_e35_one_changed_file_is_hashed_alone_and_synced_once) ... created: /tmp/tmpmzc4u81v/narrowed
ok
test_e41_a_touch_costs_one_hash (test_health_narrowed.NarrowedHealthTest.test_e41_a_touch_costs_one_hash)
AC-S02-41's first run; the second, which hashes 0, needs the memory renewed (T008, `test_health_memory`). ... created: /tmp/tmpoqwml_ma/narrowed
ok
test_e42_an_unchanged_tree_costs_the_fiftieth_iteration_what_the_second_did (test_health_narrowed.NarrowedHealthTest.test_e42_an_unchanged_tree_costs_the_fiftieth_iteration_what_the_second_did) ... created: /tmp/tmp2cxpbqoc/narrowed
ok
test_e88_a_memory_the_gate_cannot_read_is_the_whole_comparison_whatever_it_raised (test_health_said.TheGuardsAroundTheMemoryTest.test_e88_a_memory_the_gate_cannot_read_is_the_whole_comparison_whatever_it_raised) ... ok
test_e88_an_index_that_cannot_take_notes_is_not_an_error_and_was_asked_to (test_health_said.TheGuardsAroundTheMemoryTest.test_e88_an_index_that_cannot_take_notes_is_not_an_error_and_was_asked_to) ... ok
test_e88_hold_a_comparison_in_ci_is_neither_read_nor_renewed (test_health_said.TheGuardsAroundTheMemoryTest.test_e88_hold_a_comparison_in_ci_is_neither_read_nor_renewed)
A hold: under a CI marker nothing is read or written (the guard is not one of the three arms). ... ok
test_e88_the_memory_the_gate_cannot_read_at_all_is_its_unreadable_and_never_an_exception (test_health_said.TheGuardsAroundTheMemoryTest.test_e88_the_memory_the_gate_cannot_read_at_all_is_its_unreadable_and_never_an_exception) ... ok
test_e87_a_comparison_that_gives_no_answer_does_not_say_it_compared_everything (test_health_said.TheIndexBeingEmptyOrUnreadableTest.test_e87_a_comparison_that_gives_no_answer_does_not_say_it_compared_everything)
AC-S02-87: not a checkout, and a database with no `files` table; `detail` says nothing was compared. ... created: /tmp/tmp9je0jb4d/narrowed
created: /tmp/tmp9xupon70/narrowed
ok
test_e87_an_index_with_no_row_ends_current_and_writes_no_record_as_no_gate_run_would (test_health_said.TheIndexBeingEmptyOrUnreadableTest.test_e87_an_index_with_no_row_ends_current_and_writes_no_record_as_no_gate_run_would)
AC-S02-87: the gate refuses an index that holds no files at all, and writes no record for it. ... created: /tmp/tmpy2i3s_sz/narrowed
ok
test_e87_hold_an_index_with_rows_still_renews_the_record (test_health_said.TheIndexBeingEmptyOrUnreadableTest.test_e87_hold_an_index_with_rows_still_renews_the_record)
AC-S02-87 (hold): the guard is for an empty index only. ... created: /tmp/tmpznwoktwl/narrowed
ok
test_e88_a_stream_replaced_by_a_copy_with_the_marker_at_the_same_byte_is_read_whole (test_health_said.TheStreamsIdentityTest.test_e88_a_stream_replaced_by_a_copy_with_the_marker_at_the_same_byte_is_read_whole)
The marker line stands at the byte the runner wrote it at, but the path is another file: the runner read ... created: /tmp/tmpy7rl_bxi/stream-identity
ok
test_a_failing_script_is_reported_and_not_raised (test_host.BootstrapTest.test_a_failing_script_is_reported_and_not_raised) ... 
Running ./init — it installs Spec Kit, which needs the network.
ok
test_no_python3_means_init_is_not_started (test_host.BootstrapTest.test_no_python3_means_init_is_not_started)
Without python3, `./init` would fetch Spec Kit and then stop; it is said before anything runs. ... ok
test_the_script_runs_from_the_project_with_the_agent_named (test_host.BootstrapTest.test_the_script_runs_from_the_project_with_the_agent_named) ... `./init` exited 3.

Running ./init --integration claude — it installs Spec Kit, which needs the network.
ok
test_the_executable_is_told_about_every_module_the_installer_imports (test_host.FrozenExecutableTest.test_the_executable_is_told_about_every_module_the_installer_imports)
`host.py` loads `install-tools.py` from the bundled assets at run time, so PyInstaller never sees its ... ok
test_an_agent_the_registry_does_not_know_is_refused_before_anything_is_written (test_host.GenerateInitTest.test_an_agent_the_registry_does_not_know_is_refused_before_anything_is_written) ... ok
test_init_and_no_init_cannot_both_be_asked_for (test_host.GenerateInitTest.test_init_and_no_init_cannot_both_be_asked_for) ... ok
test_the_flag_form_leaves_init_as_the_next_step (test_host.GenerateInitTest.test_the_flag_form_leaves_init_as_the_next_step) ... ok
test_a_package_no_default_index_carries_uses_the_publisher_s_installer (test_host.HostTest.test_a_package_no_default_index_carries_uses_the_publisher_s_installer)
OpenTofu is not in Debian's own archive: its own standalone installer is the route, not a repository ... ok
test_a_posix_machine_runs_init_as_it_is (test_host.HostTest.test_a_posix_machine_runs_init_as_it_is) ... ok
test_each_machine_gets_its_own_manager_s_command (test_host.HostTest.test_each_machine_gets_its_own_manager_s_command) ... ok
test_every_tool_a_target_needs_has_a_recipe_somewhere (test_host.HostTest.test_every_tool_a_target_needs_has_a_recipe_somewhere) ... ok
test_the_running_machine_is_named (test_host.HostTest.test_the_running_machine_is_named) ... ok
test_uv_has_its_own_installer_where_no_manager_carries_it (test_host.HostTest.test_uv_has_its_own_installer_where_no_manager_carries_it) ... ok
test_windows_with_no_sh_is_told_where_to_run_init_instead (test_host.HostTest.test_windows_with_no_sh_is_told_where_to_run_init_instead)
A PATH with python3 and nothing else: no `sh`, and no Git whose `sh.exe` could stand in. ... ok
test_a_missing_tool_is_installed_with_the_package_manager_the_machine_has (test_host.InstallTest.test_a_missing_tool_is_installed_with_the_package_manager_the_machine_has) ... ok
test_a_system_manager_goes_through_sudo_and_never_waits_for_a_password_without_a_terminal (test_host.InstallTest.test_a_system_manager_goes_through_sudo_and_never_waits_for_a_password_without_a_terminal)
apt needs root: `sudo`, refreshed once first, and `-n` where there is no terminal to type a password into ... ok
test_installing_is_on_at_a_terminal_off_in_scripts_and_off_under_the_opt_out (test_host.InstallTest.test_installing_is_on_at_a_terminal_off_in_scripts_and_off_under_the_opt_out) ... ok
test_nothing_is_installed_where_installs_are_turned_off (test_host.InstallTest.test_nothing_is_installed_where_installs_are_turned_off) ... ok
test_the_agent_question_has_no_answer_until_one_is_chosen (test_host.InstallTest.test_the_agent_question_has_no_answer_until_one_is_chosen)
Nothing preselected: Enter alone is not an answer — the list Spec Kit shows highlights Copilot, and ... ok
test_no_generated_recipe_runs_an_npm_shim_a_windows_make_cannot (test_host.PortableRecipesTest.test_no_generated_recipe_runs_an_npm_shim_a_windows_make_cannot)
`node_modules/.bin/<tool>` is a POSIX shell script on every OS, and native Windows `make` fails on it; ... created: /tmp/tmpt219fkou/portable
ok
test_a_windows_refusal_spells_the_variable_for_powershell (test_host.PreflightShellTest.test_a_windows_refusal_spells_the_variable_for_powershell)
`export` is not a PowerShell command; the line a Windows user is handed has to be one that runs. ... ok
test_slipwai_status_and_next_are_adopt_next (test_host.StatusTest.test_slipwai_status_and_next_are_adopt_next)
The ways people asked "where am I?" in a real adoption — `slipwai --next`, `slipwai --status` — answer ... ok
test_every_backends_image_starts_and_answers_its_probe (test_images.ImagesTest.test_every_backends_image_starts_and_answers_its_probe) ... 
  test_every_backends_image_starts_and_answers_its_probe (test_images.ImagesTest.test_every_backends_image_starts_and_answers_its_probe) (backend='typescript') ... skipped "pack is needed for the typescript image; the factory's CI installs it"
  test_every_backends_image_starts_and_answers_its_probe (test_images.ImagesTest.test_every_backends_image_starts_and_answers_its_probe) (backend='python') ... skipped "pack is needed for the python image; the factory's CI installs it"
  test_every_backends_image_starts_and_answers_its_probe (test_images.ImagesTest.test_every_backends_image_starts_and_answers_its_probe) (backend='go') ... skipped "ko is needed for the go image; the factory's CI installs it"
created: /tmp/tmpoh1aa9ez/built-java-quarkus
created: /tmp/tmp5h5k96x3/built-java-spring
test_the_first_public_release_needs_no_fake_predecessor (test_initial_release.InitialReleaseTest.test_the_first_public_release_needs_no_fake_predecessor) ... ok
test_a_renamed_skeleton_file_still_comes_from_its_asset (test_language_skeletons.LanguageSkeletonsTest.test_a_renamed_skeleton_file_still_comes_from_its_asset)
The files that do get rewritten are rewritten *from* the asset, not written afresh. ... created: /tmp/tmpy1gaa7bd/renamed-skeleton
ok
test_each_language_reads_its_skeleton_rather_than_listing_it (test_language_skeletons.LanguageSkeletonsTest.test_each_language_reads_its_skeleton_rather_than_listing_it)
The tree is read, so adding a file to a starter is an edit under `assets/` and nothing else. ... ok
test_every_committed_go_module_asks_for_one_language_version (test_language_skeletons.LanguageSkeletonsTest.test_every_committed_go_module_asks_for_one_language_version)
One `go` directive across every committed module, because `go.work` can only pin one. ... ok
test_every_committed_go_module_pins_the_gate_s_third_analyser (test_language_skeletons.LanguageSkeletonsTest.test_every_committed_go_module_pins_the_gate_s_third_analyser)
staticcheck is a `tool` dependency of every variant, not a binary somebody installs. ... ok
test_every_committed_manifest_is_well_formed (test_language_skeletons.LanguageSkeletonsTest.test_every_committed_manifest_is_well_formed)
A manifest the build tool cannot parse fails a generated project before its first compile. ... ok
test_every_skeleton_asset_reaches_the_generated_project_unchanged (test_language_skeletons.LanguageSkeletonsTest.test_every_skeleton_asset_reaches_the_generated_project_unchanged) ... created: /tmp/tmpdpq_xfk2/skeleton-typescript
created: /tmp/tmpdpq_xfk2/skeleton-python
created: /tmp/tmpdpq_xfk2/skeleton-go
created: /tmp/tmpdpq_xfk2/skeleton-java-quarkus
created: /tmp/tmpdpq_xfk2/skeleton-java-spring
ok
test_the_event_port_arrives_only_where_no_event_store_adapter_does (test_language_skeletons.LanguageSkeletonsTest.test_the_event_port_arrives_only_where_no_event_store_adapter_does)
The port with nothing behind it is for a backend whose event-store axis offers nothing yet. ... ok
test_the_launcher_runs_the_migrate_command_the_images_own_entrypoint_ignores (test_launcher.LauncherTest.test_the_launcher_runs_the_migrate_command_the_images_own_entrypoint_ignores) ... skipped "pack is needed to build the image; the factory's CI installs it"
test_a_manifest_names_the_layout_or_is_refused (test_layout.LayoutTest.test_a_manifest_names_the_layout_or_is_refused) ... ok
test_a_project_laid_out_under_a_directory_replays_and_passes_its_own_gate_from_there (test_layout.LayoutTest.test_a_project_laid_out_under_a_directory_replays_and_passes_its_own_gate_from_there)
The whole path, end to end, for the layout an adopted repository will have. Nothing asked of the ... ok
test_delivery_paths_move_and_root_relative_pointers_are_respelled (test_layout.LayoutTest.test_delivery_paths_move_and_root_relative_pointers_are_respelled)
What moves is the factory's own material and nothing of the project's; what is respelled is a ... ok
test_the_root_layout_changes_nothing_but_records_itself (test_layout.LayoutTest.test_the_root_layout_changes_nothing_but_records_itself)
The gate on every existing project: a layout of `.` is the identity, and the manifest says so. ... ok
test_no_generated_line_is_too_wide_for_a_long_project_name (test_line_widths.LineWidthTest.test_no_generated_line_is_too_wide_for_a_long_project_name) ... created: /tmp/tmpgvclcw22/typescript-0/widths-at-the-longest-supported-project-name
created: /tmp/tmpgvclcw22/python-0/widths-at-the-longest-supported-project-name
created: /tmp/tmpgvclcw22/python-1/widths-at-the-longest-supported-project-name
created: /tmp/tmpgvclcw22/python-2/widths-at-the-longest-supported-project-name
created: /tmp/tmpgvclcw22/python-3/widths-at-the-longest-supported-project-name
created: /tmp/tmpgvclcw22/go-0/widths-at-the-longest-supported-project-name
created: /tmp/tmpgvclcw22/java-quarkus-0/widths-at-the-longest-supported-project-name
created: /tmp/tmpgvclcw22/java-quarkus-1/widths-at-the-longest-supported-project-name
created: /tmp/tmpgvclcw22/java-quarkus-2/widths-at-the-longest-supported-project-name
created: /tmp/tmpgvclcw22/java-quarkus-3/widths-at-the-longest-supported-project-name
created: /tmp/tmpgvclcw22/java-spring-0/widths-at-the-longest-supported-project-name
created: /tmp/tmpgvclcw22/java-spring-1/widths-at-the-longest-supported-project-name
created: /tmp/tmpgvclcw22/java-spring-2/widths-at-the-longest-supported-project-name
created: /tmp/tmpgvclcw22/java-spring-3/widths-at-the-longest-supported-project-name
ok
test_the_check_measures_something (test_line_widths.LineWidthTest.test_the_check_measures_something)
The reader of the limits, held to a project that has both — a sweep that found neither would ... created: /tmp/tmpiz5bfahv/widths-python
created: /tmp/tmpiz5bfahv/widths-java
ok
test_every_language_keyed_table_is_documented (test_maintenance_skills.MaintenanceSkillsTest.test_every_language_keyed_table_is_documented)
A table indexed by language raises `KeyError` for a new backend, so it has to be on the list. ... /usr/lib/python3.14/ast.py:46: ResourceWarning: unclosed database in <sqlite3.Connection object at 0x72c308f255d0>
  return compile(source, filename, mode, flags,
ResourceWarning: Enable tracemalloc to get the object allocation traceback
/usr/lib/python3.14/ast.py:46: ResourceWarning: unclosed database in <sqlite3.Connection object at 0x72c308f256c0>
  return compile(source, filename, mode, flags,
ResourceWarning: Enable tracemalloc to get the object allocation traceback
/usr/lib/python3.14/ast.py:46: ResourceWarning: unclosed database in <sqlite3.Connection object at 0x72c30888d4e0>
  return compile(source, filename, mode, flags,
ResourceWarning: Enable tracemalloc to get the object allocation traceback
/usr/lib/python3.14/ast.py:46: ResourceWarning: unclosed database in <sqlite3.Connection object at 0x72c30888c040>
  return compile(source, filename, mode, flags,
ResourceWarning: Enable tracemalloc to get the object allocation traceback
/usr/lib/python3.14/ast.py:46: ResourceWarning: unclosed database in <sqlite3.Connection object at 0x72c30888d5d0>
  return compile(source, filename, mode, flags,
ResourceWarning: Enable tracemalloc to get the object allocation traceback
/usr/lib/python3.14/ast.py:46: ResourceWarning: unclosed database in <sqlite3.Connection object at 0x72c30888ce50>
  return compile(source, filename, mode, flags,
ResourceWarning: Enable tracemalloc to get the object allocation traceback
/usr/lib/python3.14/ast.py:46: ResourceWarning: unclosed database in <sqlite3.Connection object at 0x72c30888d7b0>
  return compile(source, filename, mode, flags,
ResourceWarning: Enable tracemalloc to get the object allocation traceback
/usr/lib/python3.14/ast.py:46: ResourceWarning: unclosed database in <sqlite3.Connection object at 0x72c30888d990>
  return compile(source, filename, mode, flags,
ResourceWarning: Enable tracemalloc to get the object allocation traceback
/usr/lib/python3.14/ast.py:46: ResourceWarning: unclosed database in <sqlite3.Connection object at 0x72c30888db70>
  return compile(source, filename, mode, flags,
ResourceWarning: Enable tracemalloc to get the object allocation traceback
/usr/lib/python3.14/ast.py:46: ResourceWarning: unclosed database in <sqlite3.Connection object at 0x72c30888dc60>
  return compile(source, filename, mode, flags,
ResourceWarning: Enable tracemalloc to get the object allocation traceback
/usr/lib/python3.14/ast.py:46: ResourceWarning: unclosed database in <sqlite3.Connection object at 0x72c30888df30>
  return compile(source, filename, mode, flags,
ResourceWarning: Enable tracemalloc to get the object allocation traceback
/usr/lib/python3.14/ast.py:46: ResourceWarning: unclosed database in <sqlite3.Connection object at 0x72c30888e110>
  return compile(source, filename, mode, flags,
ResourceWarning: Enable tracemalloc to get the object allocation traceback
/usr/lib/python3.14/ast.py:46: ResourceWarning: unclosed database in <sqlite3.Connection object at 0x72c30888e4d0>
  return compile(source, filename, mode, flags,
ResourceWarning: Enable tracemalloc to get the object allocation traceback
/usr/lib/python3.14/ast.py:46: ResourceWarning: unclosed database in <sqlite3.Connection object at 0x72c30888c400>
  return compile(source, filename, mode, flags,
ResourceWarning: Enable tracemalloc to get the object allocation traceback
/usr/lib/python3.14/ast.py:46: ResourceWarning: unclosed database in <sqlite3.Connection object at 0x72c30888e5c0>
  return compile(source, filename, mode, flags,
ResourceWarning: Enable tracemalloc to get the object allocation traceback
/usr/lib/python3.14/ast.py:46: ResourceWarning: unclosed database in <sqlite3.Connection object at 0x72c30888f100>
  return compile(source, filename, mode, flags,
ResourceWarning: Enable tracemalloc to get the object allocation traceback
/usr/lib/python3.14/ast.py:46: ResourceWarning: unclosed database in <sqlite3.Connection object at 0x72c30888ef20>
  return compile(source, filename, mode, flags,
ResourceWarning: Enable tracemalloc to get the object allocation traceback
/usr/lib/python3.14/ast.py:46: ResourceWarning: unclosed database in <sqlite3.Connection object at 0x72c30888ee30>
  return compile(source, filename, mode, flags,
ResourceWarning: Enable tracemalloc to get the object allocation traceback
/usr/lib/python3.14/ast.py:46: ResourceWarning: unclosed database in <sqlite3.Connection object at 0x72c308939b70>
  return compile(source, filename, mode, flags,
ResourceWarning: Enable tracemalloc to get the object allocation traceback
/usr/lib/python3.14/ast.py:46: ResourceWarning: unclosed database in <sqlite3.Connection object at 0x72c308939990>
  return compile(source, filename, mode, flags,
ResourceWarning: Enable tracemalloc to get the object allocation traceback
/usr/lib/python3.14/ast.py:46: ResourceWarning: unclosed database in <sqlite3.Connection object at 0x72c308938b80>
  return compile(source, filename, mode, flags,
ResourceWarning: Enable tracemalloc to get the object allocation traceback
/usr/lib/python3.14/ast.py:46: ResourceWarning: unclosed database in <sqlite3.Connection object at 0x72c308938a90>
  return compile(source, filename, mode, flags,
ResourceWarning: Enable tracemalloc to get the object allocation traceback
/usr/lib/python3.14/ast.py:46: ResourceWarning: unclosed database in <sqlite3.Connection object at 0x72c3089397b0>
  return compile(source, filename, mode, flags,
ResourceWarning: Enable tracemalloc to get the object allocation traceback
/usr/lib/python3.14/ast.py:46: ResourceWarning: unclosed database in <sqlite3.Connection object at 0x72c3089389a0>
  return compile(source, filename, mode, flags,
ResourceWarning: Enable tracemalloc to get the object allocation traceback
/usr/lib/python3.14/ast.py:46: ResourceWarning: unclosed database in <sqlite3.Connection object at 0x72c3089398a0>
  return compile(source, filename, mode, flags,
ResourceWarning: Enable tracemalloc to get the object allocation traceback
/usr/lib/python3.14/ast.py:46: ResourceWarning: unclosed database in <sqlite3.Connection object at 0x72c308939a80>
  return compile(source, filename, mode, flags,
ResourceWarning: Enable tracemalloc to get the object allocation traceback
/usr/lib/python3.14/ast.py:46: ResourceWarning: unclosed database in <sqlite3.Connection object at 0x72c30893a6b0>
  return compile(source, filename, mode, flags,
ResourceWarning: Enable tracemalloc to get the object allocation traceback
/usr/lib/python3.14/ast.py:46: ResourceWarning: unclosed database in <sqlite3.Connection object at 0x72c3089393f0>
  return compile(source, filename, mode, flags,
ResourceWarning: Enable tracemalloc to get the object allocation traceback
/usr/lib/python3.14/ast.py:46: ResourceWarning: unclosed database in <sqlite3.Connection object at 0x72c308939d50>
  return compile(source, filename, mode, flags,
ResourceWarning: Enable tracemalloc to get the object allocation traceback
/usr/lib/python3.14/ast.py:46: ResourceWarning: unclosed database in <sqlite3.Connection object at 0x72c308939f30>
  return compile(source, filename, mode, flags,
ResourceWarning: Enable tracemalloc to get the object allocation traceback
/usr/lib/python3.14/ast.py:46: ResourceWarning: unclosed database in <sqlite3.Connection object at 0x72c30893a110>
  return compile(source, filename, mode, flags,
ResourceWarning: Enable tracemalloc to get the object allocation traceback
/usr/lib/python3.14/ast.py:46: ResourceWarning: unclosed database in <sqlite3.Connection object at 0x72c30893a020>
  return compile(source, filename, mode, flags,
ResourceWarning: Enable tracemalloc to get the object allocation traceback
/usr/lib/python3.14/ast.py:46: ResourceWarning: unclosed database in <sqlite3.Connection object at 0x72c30893a200>
  return compile(source, filename, mode, flags,
ResourceWarning: Enable tracemalloc to get the object allocation traceback
/usr/lib/python3.14/ast.py:46: ResourceWarning: unclosed database in <sqlite3.Connection object at 0x72c3086e0040>
  return compile(source, filename, mode, flags,
ResourceWarning: Enable tracemalloc to get the object allocation traceback
/usr/lib/python3.14/ast.py:46: ResourceWarning: unclosed database in <sqlite3.Connection object at 0x72c3086e0130>
  return compile(source, filename, mode, flags,
ResourceWarning: Enable tracemalloc to get the object allocation traceback
/usr/lib/python3.14/ast.py:46: ResourceWarning: unclosed database in <sqlite3.Connection object at 0x72c3086e0220>
  return compile(source, filename, mode, flags,
ResourceWarning: Enable tracemalloc to get the object allocation traceback
/usr/lib/python3.14/ast.py:46: ResourceWarning: unclosed database in <sqlite3.Connection object at 0x72c3086e0310>
  return compile(source, filename, mode, flags,
ResourceWarning: Enable tracemalloc to get the object allocation traceback
/usr/lib/python3.14/ast.py:46: ResourceWarning: unclosed database in <sqlite3.Connection object at 0x72c3086e04f0>
  return compile(source, filename, mode, flags,
ResourceWarning: Enable tracemalloc to get the object allocation traceback
/usr/lib/python3.14/ast.py:46: ResourceWarning: unclosed database in <sqlite3.Connection object at 0x72c3086e05e0>
  return compile(source, filename, mode, flags,
ResourceWarning: Enable tracemalloc to get the object allocation traceback
/usr/lib/python3.14/ast.py:46: ResourceWarning: unclosed database in <sqlite3.Connection object at 0x72c3086e06d0>
  return compile(source, filename, mode, flags,
ResourceWarning: Enable tracemalloc to get the object allocation traceback
/usr/lib/python3.14/ast.py:46: ResourceWarning: unclosed database in <sqlite3.Connection object at 0x72c3086e09a0>
  return compile(source, filename, mode, flags,
ResourceWarning: Enable tracemalloc to get the object allocation traceback
/usr/lib/python3.14/ast.py:46: ResourceWarning: unclosed database in <sqlite3.Connection object at 0x72c3086e08b0>
  return compile(source, filename, mode, flags,
ResourceWarning: Enable tracemalloc to get the object allocation traceback
/usr/lib/python3.14/ast.py:46: ResourceWarning: unclosed database in <sqlite3.Connection object at 0x72c3086e0b80>
  return compile(source, filename, mode, flags,
ResourceWarning: Enable tracemalloc to get the object allocation traceback
/usr/lib/python3.14/ast.py:46: ResourceWarning: unclosed database in <sqlite3.Connection object at 0x72c3086e0c70>
  return compile(source, filename, mode, flags,
ResourceWarning: Enable tracemalloc to get the object allocation traceback
/usr/lib/python3.14/ast.py:46: ResourceWarning: unclosed database in <sqlite3.Connection object at 0x72c3086e0d60>
  return compile(source, filename, mode, flags,
ResourceWarning: Enable tracemalloc to get the object allocation traceback
/usr/lib/python3.14/ast.py:46: ResourceWarning: unclosed database in <sqlite3.Connection object at 0x72c3086e0e50>
  return compile(source, filename, mode, flags,
ResourceWarning: Enable tracemalloc to get the object allocation traceback
/usr/lib/python3.14/ast.py:46: ResourceWarning: unclosed database in <sqlite3.Connection object at 0x72c3086e0f40>
  return compile(source, filename, mode, flags,
ResourceWarning: Enable tracemalloc to get the object allocation traceback
/usr/lib/python3.14/ast.py:46: ResourceWarning: unclosed database in <sqlite3.Connection object at 0x72c3086e1030>
  return compile(source, filename, mode, flags,
ResourceWarning: Enable tracemalloc to get the object allocation traceback
/usr/lib/python3.14/ast.py:46: ResourceWarning: unclosed database in <sqlite3.Connection object at 0x72c3086e1210>
  return compile(source, filename, mode, flags,
ResourceWarning: Enable tracemalloc to get the object allocation traceback
/usr/lib/python3.14/ast.py:46: ResourceWarning: unclosed database in <sqlite3.Connection object at 0x72c3086e1120>
  return compile(source, filename, mode, flags,
ResourceWarning: Enable tracemalloc to get the object allocation traceback
/usr/lib/python3.14/ast.py:46: ResourceWarning: unclosed database in <sqlite3.Connection object at 0x72c3086e13f0>
  return compile(source, filename, mode, flags,
ResourceWarning: Enable tracemalloc to get the object allocation traceback
/usr/lib/python3.14/ast.py:46: ResourceWarning: unclosed database in <sqlite3.Connection object at 0x72c3086e15d0>
  return compile(source, filename, mode, flags,
ResourceWarning: Enable tracemalloc to get the object allocation traceback
ok
test_every_repository_path_a_skill_cites_exists (test_maintenance_skills.MaintenanceSkillsTest.test_every_repository_path_a_skill_cites_exists) ... ok
test_every_skill_sends_the_reader_to_a_search_before_it_offers_an_option (test_maintenance_skills.MaintenanceSkillsTest.test_every_skill_sends_the_reader_to_a_search_before_it_offers_an_option)
An option list recalled from a skill is a stale option list, and it does not read as one. ... ok
test_every_test_a_skill_names_still_exists_under_that_name (test_maintenance_skills.MaintenanceSkillsTest.test_every_test_a_skill_names_still_exists_under_that_name) ... ok
test_the_generated_gate_a_skill_quotes_is_the_one_the_makefile_builds (test_maintenance_skills.MaintenanceSkillsTest.test_the_generated_gate_a_skill_quotes_is_the_one_the_makefile_builds)
add-language tells the reader which targets the generated `make verify` runs. It has to be true. ... ok
test_the_toolchain_choices_are_confirmed_with_the_user_not_only_searched (test_maintenance_skills.MaintenanceSkillsTest.test_the_toolchain_choices_are_confirmed_with_the_user_not_only_searched)
Searching a per-backend tool choice is half the job; the other half is asking. ... ok
test_add_service_refuses_and_changes_nothing (test_manifest_duplicates.AddServiceDescribeAndRefreshRefuseTheB1File.test_add_service_refuses_and_changes_nothing) ... created: /tmp/tmpf6fboptb/shop
ok
test_adopt_refresh_refuses_and_changes_nothing (test_manifest_duplicates.AddServiceDescribeAndRefreshRefuseTheB1File.test_adopt_refresh_refuses_and_changes_nothing) ... ok
test_describe_service_refuses_and_changes_nothing (test_manifest_duplicates.AddServiceDescribeAndRefreshRefuseTheB1File.test_describe_service_refuses_and_changes_nothing) ... created: /tmp/tmpmtvkkt32/shop
ok
test_a_duplicate_inside_a_deployable_is_refused_the_same_way (test_manifest_duplicates.EveryKeyAtEveryDepthIsCovered.test_a_duplicate_inside_a_deployable_is_refused_the_same_way) ... created: /tmp/tmplm1iq2i1/shop
ok
test_ci_branch_written_twice_is_refused_through_add_service (test_manifest_duplicates.EveryKeyAtEveryDepthIsCovered.test_ci_branch_written_twice_is_refused_through_add_service) ... created: /tmp/tmpx9u8vhtr/shop
ok
test_at_any_depth_and_names_the_path (test_manifest_duplicates.TheReaderRefusesAKeyWrittenTwice.test_at_any_depth_and_names_the_path) ... ok
test_a_file_that_already_writes_a_key_twice_is_refused_and_nothing_merges (test_manifest_duplicates_migrate.MigrateRefusesBeforeTheReplay.test_a_file_that_already_writes_a_key_twice_is_refused_and_nothing_merges) ... created: /tmp/tmp4vep4kck/shop
ok
test_a_mark_added_after_name (test_manifest_duplicates_migrate.MigrateSaysWhenItsMergeMadeAKeyTwice.test_a_mark_added_after_name) ... created: /tmp/tmpluv9d6lj/shop
ok
test_a_mark_added_after_target_is_one_key_and_no_line (test_manifest_duplicates_migrate.MigrateSaysWhenItsMergeMadeAKeyTwice.test_a_mark_added_after_target_is_one_key_and_no_line) ... created: /tmp/tmps2nbwm5z/shop
ok
test_a_mark_added_at_the_end (test_manifest_duplicates_migrate.MigrateSaysWhenItsMergeMadeAKeyTwice.test_a_mark_added_at_the_end) ... created: /tmp/tmpbq96bvpa/shop
ok
test_a_go_service_importing_a_workspace_module_is_mutation_tested (test_matrix.MatrixTest.test_a_go_service_importing_a_workspace_module_is_mutation_tested)
`make mutation` on the layout `docs/architecture.md` prescribes for shared Go code. ... created: /tmp/tmptwuxpvba/mutation-go
ok
test_every_distinct_variant_passes_its_native_repository_gate (test_matrix.MatrixTest.test_every_distinct_variant_passes_its_native_repository_gate) ... created: /tmp/tmpo_r09odc/verify-standard-typescript-none
npm ci

added 147 packages, and audited 149 packages in 2s

52 packages are looking for funding
  run `npm fund` for details

1 high severity vulnerability

To address all issues, run:
  npm audit fix --force

Run `npm audit` for details.
npm --workspace apps/service run lint

> verify-standard-typescript-none-service@0.1.0 lint
> biome check --error-on-warnings

Checked 12 files in 12ms. No fixes applied.
npm --workspace apps/service run typecheck

> verify-standard-typescript-none-service@0.1.0 typecheck
> tsc --noEmit

python3 scripts/check-imports.py
check-imports: inward dependency rule holds (25 directory entries read)
python3 scripts/check-migrations.py
check-migrations: every migration is additive, or a marked contraction of an earlier one; Go migrate images embed their .sql files (25 directory entries read)
python3 scripts/check-slice-scope.py
check-slice-scope: on `main`, not a `slice/<id>` branch — nothing to hold
python3 scripts/extensions/project.py --check
check-extensions: no extension elected; nothing to project
python3 scripts/agents/project.py --check
check-agents: not initialized; no projections expected yet
python3 scripts/agents/models.py --check && python3 scripts/agents/drive.py --check && python3 scripts/agents/cruise.py --check
check-models: .specify/models.json names 17 stage(s) and 6 harness(es)
check-drive: .specify/drive.json delegates per story and cycles per rule
check-cruise: .specify/cruise.json is well-formed; /cruise is not enabled
python3 scripts/check-speckit.py
check-speckit: not initialized; nothing managed yet, 1 preset(s) valid
python3 scripts/check-codegraph.py
check-codegraph: no .codegraph/ — this project carries no code index; nothing to check
python3 scripts/check-ux-gates.py
check-ux-gates: not adopted (./init --extension ux-gates); nothing to check
python3 scripts/check-constitution.py
check-constitution: no constitution ratified yet; run /speckit-constitution (scripts/check-constitution.py --requirements prints what it must cover)
python3 scripts/test_benchmark.py && python3 scripts/agents/benchmark.py check
check-benchmark: 2 boundary and rendering checks pass
check-benchmark: no record and no done slice yet — nothing to hold
python3 scripts/check-decisions.py
check-decisions: no decisions.md or demo-log.md under specs/ — nothing recorded yet
npm --workspace apps/service test

> verify-standard-typescript-none-service@0.1.0 test
> vitest run


 RUN  v4.1.11 /tmp/tmpo_r09odc/verify-standard-typescript-none/apps/service


 Test Files  3 passed (3)
      Tests  31 passed (31)
   Start at  02:23:33
   Duration  690ms (transform 148ms, setup 0ms, import 603ms, tests 395ms, environment 0ms)


verify: all gates passed
created: /tmp/tmpo_r09odc/verify-standard-python-none
./scripts/verify --install-only
./scripts/verify --lint-only --synced
All checks passed!
14 files already formatted
./scripts/verify --typecheck-only --synced
Success: no issues found in 12 source files
python3 scripts/check-imports.py
check-imports: inward dependency rule holds (43 directory entries read)
python3 scripts/check-migrations.py
check-migrations: every migration is additive, or a marked contraction of an earlier one; Go migrate images embed their .sql files (43 directory entries read)
python3 scripts/check-slice-scope.py
check-slice-scope: on `main`, not a `slice/<id>` branch — nothing to hold
python3 scripts/extensions/project.py --check
check-extensions: no extension elected; nothing to project
python3 scripts/agents/project.py --check
check-agents: not initialized; no projections expected yet
python3 scripts/agents/models.py --check && python3 scripts/agents/drive.py --check && python3 scripts/agents/cruise.py --check
check-models: .specify/models.json names 17 stage(s) and 6 harness(es)
check-drive: .specify/drive.json delegates per story and cycles per rule
check-cruise: .specify/cruise.json is well-formed; /cruise is not enabled
python3 scripts/check-speckit.py
check-speckit: not initialized; nothing managed yet, 1 preset(s) valid
python3 scripts/check-codegraph.py
check-codegraph: no .codegraph/ — this project carries no code index; nothing to check
python3 scripts/check-ux-gates.py
check-ux-gates: not adopted (./init --extension ux-gates); nothing to check
python3 scripts/check-constitution.py
check-constitution: no constitution ratified yet; run /speckit-constitution (scripts/check-constitution.py --requirements prints what it must cover)
python3 scripts/test_benchmark.py && python3 scripts/agents/benchmark.py check
check-benchmark: 2 boundary and rendering checks pass
check-benchmark: no record and no done slice yet — nothing to hold
python3 scripts/check-decisions.py
check-decisions: no decisions.md or demo-log.md under specs/ — nothing recorded yet
./scripts/verify --test-only --synced
============================= test session starts ==============================
platform linux -- Python 3.14.4, pytest-9.1.1, pluggy-1.6.0
rootdir: /tmp/tmpo_r09odc/verify-standard-python-none/apps/service
configfile: pyproject.toml
plugins: xdist-3.8.0, anyio-4.15.1
created: 4/4 workers
4 workers [32 items]

................................                                         [100%]
=============================== warnings summary ===============================
apps/service/.venv/lib/python3.14/site-packages/fastapi/testclient.py:1
apps/service/.venv/lib/python3.14/site-packages/fastapi/testclient.py:1
apps/service/.venv/lib/python3.14/site-packages/fastapi/testclient.py:1
apps/service/.venv/lib/python3.14/site-packages/fastapi/testclient.py:1
  /tmp/tmpo_r09odc/verify-standard-python-none/apps/service/.venv/lib/python3.14/site-packages/fastapi/testclient.py:1: StarletteDeprecationWarning: Using `httpx` with `starlette.testclient` is deprecated; install `httpx2` instead.
    from starlette.testclient import TestClient as TestClient  # noqa

apps/service/.venv/lib/python3.14/site-packages/starlette/testclient.py:53
apps/service/.venv/lib/python3.14/site-packages/starlette/testclient.py:53
apps/service/.venv/lib/python3.14/site-packages/starlette/testclient.py:53
apps/service/.venv/lib/python3.14/site-packages/starlette/testclient.py:53
  /tmp/tmpo_r09odc/verify-standard-python-none/apps/service/.venv/lib/python3.14/site-packages/starlette/testclient.py:53: DeprecationWarning: The anyio.abc.BlockingPortal alias is deprecated, use anyio.from_thread.BlockingPortal instead.
    _PortalFactoryType = Callable[[], AbstractContextManager[anyio.abc.BlockingPortal]]

-- Docs: https://docs.pytest.org/en/stable/how-to/capture-warnings.html
======================== 32 passed, 8 warnings in 1.26s ========================

verify: all gates passed
created: /tmp/tmpo_r09odc/verify-standard-go-none
test -z "$(gofmt -l apps/service)"
cd apps/service && go vet ./...
cd apps/service && go tool staticcheck ./...
cd apps/service && go test -run '^$' ./...
ok  	example.com/verify-standard-go-none/service/adapters/driving/http	0.002s [no tests to run]
?   	example.com/verify-standard-go-none/service/cmd/serve	[no test files]
ok  	example.com/verify-standard-go-none/service/config	0.002s [no tests to run]
ok  	example.com/verify-standard-go-none/service/health	0.001s [no tests to run]
ok  	example.com/verify-standard-go-none/service/observability	0.003s [no tests to run]
python3 scripts/check-imports.py
check-imports: inward dependency rule holds (30 directory entries read)
python3 scripts/check-migrations.py
check-migrations: every migration is additive, or a marked contraction of an earlier one; Go migrate images embed their .sql files (30 directory entries read)
python3 scripts/check-slice-scope.py
check-slice-scope: on `main`, not a `slice/<id>` branch — nothing to hold
python3 scripts/extensions/project.py --check
check-extensions: no extension elected; nothing to project
python3 scripts/agents/project.py --check
check-agents: not initialized; no projections expected yet
python3 scripts/agents/models.py --check && python3 scripts/agents/drive.py --check && python3 scripts/agents/cruise.py --check
check-models: .specify/models.json names 17 stage(s) and 6 harness(es)
check-drive: .specify/drive.json delegates per story and cycles per rule
check-cruise: .specify/cruise.json is well-formed; /cruise is not enabled
python3 scripts/check-speckit.py
check-speckit: not initialized; nothing managed yet, 1 preset(s) valid
python3 scripts/check-codegraph.py
check-codegraph: no .codegraph/ — this project carries no code index; nothing to check
python3 scripts/check-ux-gates.py
check-ux-gates: not adopted (./init --extension ux-gates); nothing to check
python3 scripts/check-constitution.py
check-constitution: no constitution ratified yet; run /speckit-constitution (scripts/check-constitution.py --requirements prints what it must cover)
python3 scripts/test_benchmark.py && python3 scripts/agents/benchmark.py check
check-benchmark: 2 boundary and rendering checks pass
check-benchmark: no record and no done slice yet — nothing to hold
python3 scripts/check-decisions.py
check-decisions: no decisions.md or demo-log.md under specs/ — nothing recorded yet
go tool covdata percent -i=. >/dev/null 2>&1 || true
cd apps/service && go test -coverpkg=./... -coverprofile=coverage.out ./...
ok  	example.com/verify-standard-go-none/service/adapters/driving/http	0.003s	coverage: 40.7% of statements in ./...
	example.com/verify-standard-go-none/service/cmd/serve		coverage: 0.0% of statements
ok  	example.com/verify-standard-go-none/service/config	0.002s	coverage: 14.1% of statements in ./...
ok  	example.com/verify-standard-go-none/service/health	0.002s	coverage: 0.5% of statements in ./...
ok  	example.com/verify-standard-go-none/service/observability	0.003s	coverage: 13.1% of statements in ./...
python3 scripts/go-coverage.py apps/service 70
  example.com/verify-standard-go-none/service/adapters/driving/http    94.2%  (81/86 statements)
  example.com/verify-standard-go-none/service/config                   96.6%  (28/29 statements)
  example.com/verify-standard-go-none/service/health                  100.0%  (1/1 statements)
  example.com/verify-standard-go-none/service/observability            89.7%  (26/29 statements)
  example.com/verify-standard-go-none/service/cmd/serve              not counted: entry point
coverage: 93.8% of 145 statements, at or above the 70% minimum

verify: all gates passed
created: /tmp/tmpo_r09odc/verify-standard-java-quarkus-none
cd apps/service && ./mvnw -B -q -DskipTests compile checkstyle:check pmd:check spotbugs:check
cd apps/service && ./mvnw -B -q -DskipTests test-compile
python3 scripts/check-imports.py
check-imports: inward dependency rule holds (45 directory entries read)
python3 scripts/check-migrations.py
check-migrations: every migration is additive, or a marked contraction of an earlier one; Go migrate images embed their .sql files (45 directory entries read)
python3 scripts/check-slice-scope.py
check-slice-scope: on `main`, not a `slice/<id>` branch — nothing to hold
python3 scripts/extensions/project.py --check
check-extensions: no extension elected; nothing to project
python3 scripts/agents/project.py --check
check-agents: not initialized; no projections expected yet
python3 scripts/agents/models.py --check && python3 scripts/agents/drive.py --check && python3 scripts/agents/cruise.py --check
check-models: .specify/models.json names 17 stage(s) and 6 harness(es)
check-drive: .specify/drive.json delegates per story and cycles per rule
check-cruise: .specify/cruise.json is well-formed; /cruise is not enabled
python3 scripts/check-speckit.py
check-speckit: not initialized; nothing managed yet, 1 preset(s) valid
python3 scripts/check-codegraph.py
check-codegraph: no .codegraph/ — this project carries no code index; nothing to check
python3 scripts/check-ux-gates.py
check-ux-gates: not adopted (./init --extension ux-gates); nothing to check
python3 scripts/check-constitution.py
check-constitution: no constitution ratified yet; run /speckit-constitution (scripts/check-constitution.py --requirements prints what it must cover)
python3 scripts/test_benchmark.py && python3 scripts/agents/benchmark.py check
check-benchmark: 2 boundary and rendering checks pass
check-benchmark: no record and no done slice yet — nothing to hold
python3 scripts/check-decisions.py
check-decisions: no decisions.md or demo-log.md under specs/ — nothing recorded yet
cd apps/service && ./mvnw -B -q test
2026-10-05 02:24:01,897 INFO  [io.quarkus.scheduler.runtime.SimpleScheduler] (main) No scheduled business methods found - Simple scheduler will not be started
2026-10-05 02:24:01,958 INFO  [io.quarkus] (main) verify-standard-java-quarkus-none-service 0.1.0-SNAPSHOT on JVM (powered by Quarkus 3.33.3) started in 1.824s. Listening on: http://0.0.0.0:45639
2026-10-05 02:24:01,958 INFO  [io.quarkus] (main) Profile test activated. 
2026-10-05 02:24:01,958 INFO  [io.quarkus] (main) Installed features: [cdi, jacoco, rest, rest-jackson, scheduler, smallrye-context-propagation, smallrye-health, vertx]
2026-10-05 02:24:02,997 INFO  [io.quarkus] (main) verify-standard-java-quarkus-none-service stopped in 0.020s

verify: all gates passed
created: /tmp/tmpo_r09odc/verify-standard-java-spring-none
cd apps/service && ./mvnw -B -q -DskipTests compile checkstyle:check pmd:check spotbugs:check
cd apps/service && ./mvnw -B -q -DskipTests test-compile
python3 scripts/check-imports.py
check-imports: inward dependency rule holds (46 directory entries read)
python3 scripts/check-migrations.py
check-migrations: every migration is additive, or a marked contraction of an earlier one; Go migrate images embed their .sql files (46 directory entries read)
python3 scripts/check-slice-scope.py
check-slice-scope: on `main`, not a `slice/<id>` branch — nothing to hold
python3 scripts/extensions/project.py --check
check-extensions: no extension elected; nothing to project
python3 scripts/agents/project.py --check
check-agents: not initialized; no projections expected yet
python3 scripts/agents/models.py --check && python3 scripts/agents/drive.py --check && python3 scripts/agents/cruise.py --check
check-models: .specify/models.json names 17 stage(s) and 6 harness(es)
check-drive: .specify/drive.json delegates per story and cycles per rule
check-cruise: .specify/cruise.json is well-formed; /cruise is not enabled
python3 scripts/check-speckit.py
check-speckit: not initialized; nothing managed yet, 1 preset(s) valid
python3 scripts/check-codegraph.py
check-codegraph: no .codegraph/ — this project carries no code index; nothing to check
python3 scripts/check-ux-gates.py
check-ux-gates: not adopted (./init --extension ux-gates); nothing to check
python3 scripts/check-constitution.py
check-constitution: no constitution ratified yet; run /speckit-constitution (scripts/check-constitution.py --requirements prints what it must cover)
python3 scripts/test_benchmark.py && python3 scripts/agents/benchmark.py check
check-benchmark: 2 boundary and rendering checks pass
check-benchmark: no record and no done slice yet — nothing to hold
python3 scripts/check-decisions.py
check-decisions: no decisions.md or demo-log.md under specs/ — nothing recorded yet
cd apps/service && ./mvnw -B -q test
02:24:15.540 [main] INFO org.springframework.test.context.support.AnnotationConfigContextLoaderUtils -- Could not detect default configuration classes for test class [com.example.verifystandardjavaspringnone.adapters.driving.http.HttpAppTest]: HttpAppTest does not declare any static, non-private, non-final, nested classes annotated with @Configuration.
02:24:15.654 [main] INFO org.springframework.boot.test.context.SpringBootTestContextBootstrapper -- Found @SpringBootConfiguration com.example.verifystandardjavaspringnone.ServiceApplication for test class com.example.verifystandardjavaspringnone.adapters.driving.http.HttpAppTest
02:24:15.750 [main] INFO org.springframework.test.context.support.AnnotationConfigContextLoaderUtils -- Could not detect default configuration classes for test class [com.example.verifystandardjavaspringnone.adapters.driving.http.HttpAppTest]: HttpAppTest does not declare any static, non-private, non-final, nested classes annotated with @Configuration.
02:24:15.753 [main] INFO org.springframework.boot.test.context.SpringBootTestContextBootstrapper -- Found @SpringBootConfiguration com.example.verifystandardjavaspringnone.ServiceApplication for test class com.example.verifystandardjavaspringnone.adapters.driving.http.HttpAppTest
2026-10-05T02:24:16.054-05:00  INFO 1468698 --- [verify-standard-java-spring-none-service] [           main] c.e.v.adapters.driving.http.HttpAppTest  : Starting HttpAppTest using Java 25.0.4.1 with PID 1468698 (started by noahc in /tmp/tmpo_r09odc/verify-standard-java-spring-none/apps/service)
2026-10-05T02:24:16.056-05:00  INFO 1468698 --- [verify-standard-java-spring-none-service] [           main] c.e.v.adapters.driving.http.HttpAppTest  : No active profile set, falling back to 1 default profile: "default"
2026-10-05T02:24:17.074-05:00  INFO 1468698 --- [verify-standard-java-spring-none-service] [           main] o.s.b.t.m.w.SpringBootMockServletContext : Initializing Spring TestDispatcherServlet ''
2026-10-05T02:24:17.074-05:00  INFO 1468698 --- [verify-standard-java-spring-none-service] [           main] o.s.t.web.servlet.TestDispatcherServlet  : Initializing Servlet ''
2026-10-05T02:24:17.080-05:00  INFO 1468698 --- [verify-standard-java-spring-none-service] [           main] o.s.b.a.e.web.EndpointLinksResolver      : Exposing 1 endpoint beneath base path ''
2026-10-05T02:24:17.085-05:00  INFO 1468698 --- [verify-standard-java-spring-none-service] [           main] o.s.t.web.servlet.TestDispatcherServlet  : Completed initialization in 11 ms
2026-10-05T02:24:17.124-05:00  INFO 1468698 --- [verify-standard-java-spring-none-service] [           main] c.e.v.adapters.driving.http.HttpAppTest  : Started HttpAppTest in 1.323 seconds (process running for 2.484)
Mockito is currently self-attaching to enable the inline-mock-maker. This will no longer work in future releases of the JDK. Please add Mockito as an agent to your build as described in Mockito's documentation: https://javadoc.io/doc/org.mockito/mockito-core/latest/org.mockito/org/mockito/Mockito.html#0.3
OpenJDK 64-Bit Server VM warning: Sharing is only supported for boot loader classes because bootstrap classpath has been appended
WARNING: A Java agent has been loaded dynamically (/home/noahc/.m2/repository/net/bytebuddy/byte-buddy-agent/1.18.11/byte-buddy-agent-1.18.11.jar)
WARNING: If a serviceability tool is in use, please run with -XX:+EnableDynamicAgentLoading to hide this warning
WARNING: If a serviceability tool is not in use, please run with -Djdk.instrument.traceUsage for more information
WARNING: Dynamic loading of agents will be disallowed by default in a future release
2026-10-05T02:24:17.704-05:00  WARN 1468698 --- [verify-standard-java-spring-none-service] [           main] o.s.web.servlet.PageNotFound             : No mapping for GET /orders/tok-live-abc123
2026-10-05T02:24:17.861-05:00  WARN 1468698 --- [verify-standard-java-spring-none-service] [           main] o.s.web.servlet.PageNotFound             : No mapping for POST /orders/tok-live-abc123

verify: all gates passed
created: /tmp/tmpo_r09odc/verify-event-modelling-typescript-react-vite
npm ci

added 276 packages, and audited 280 packages in 2s

74 packages are looking for funding
  run `npm fund` for details

7 high severity vulnerabilities

To address all issues (including breaking changes), run:
  npm audit fix --force

Run `npm audit` for details.

> @packages/api-client@0.1.0 build
> openapi-typescript ../../apps/service/openapi.json --output src/schema.ts

✨ openapi-typescript 6.7.6
🚀 ../../apps/service/openapi.json → file:///tmp/tmpo_r09odc/verify-event-modelling-typescript-react-vite/packages/api-client/src/schema.ts [11ms]
npm --workspace apps/service run lint

> verify-event-modelling-typescript-react-vite-service@0.1.0 lint
> biome check --error-on-warnings

Checked 33 files in 18ms. No fixes applied.
npm --workspace apps/web run lint

> verify-event-modelling-typescript-react-vite-web@0.1.0 lint
> biome check --error-on-warnings

Checked 14 files in 4ms. No fixes applied.
npm --workspace apps/service run typecheck

> verify-event-modelling-typescript-react-vite-service@0.1.0 typecheck
> tsc --noEmit

npm --workspace apps/web run typecheck

> verify-event-modelling-typescript-react-vite-web@0.1.0 typecheck
> tsc --noEmit -p tsconfig.json

python3 scripts/check-imports.py
check-imports: inward dependency rule holds (77 directory entries read)
python3 scripts/check-migrations.py
check-migrations: every migration is additive, or a marked contraction of an earlier one; Go migrate images embed their .sql files (77 directory entries read)
python3 scripts/check-slice-scope.py
check-slice-scope: on `main`, not a `slice/<id>` branch — nothing to hold
python3 scripts/extensions/project.py --check
check-extensions: no extension elected; nothing to project
python3 scripts/agents/project.py --check
check-agents: not initialized; no projections expected yet
python3 scripts/agents/models.py --check && python3 scripts/agents/drive.py --check && python3 scripts/agents/cruise.py --check
check-models: .specify/models.json names 17 stage(s) and 6 harness(es)
check-drive: .specify/drive.json delegates per story and cycles per rule
check-cruise: .specify/cruise.json is well-formed; /cruise is not enabled
python3 scripts/check-speckit.py
check-speckit: not initialized; nothing managed yet, 1 preset(s) valid
python3 scripts/check-codegraph.py
check-codegraph: no .codegraph/ — this project carries no code index; nothing to check
python3 scripts/check-ux-gates.py
check-ux-gates: not adopted (./init --extension ux-gates); nothing to check
python3 scripts/check-constitution.py
check-constitution: no constitution ratified yet; run /speckit-constitution (scripts/check-constitution.py --requirements prints what it must cover)
python3 scripts/test_benchmark.py && python3 scripts/agents/benchmark.py check
check-benchmark: 2 boundary and rendering checks pass
check-benchmark: no record and no done slice yet — nothing to hold
python3 scripts/check-decisions.py
check-decisions: no decisions.md or demo-log.md under specs/ — nothing recorded yet
npm --workspace apps/service test

> verify-event-modelling-typescript-react-vite-service@0.1.0 test
> vitest run


 RUN  v4.1.11 /tmp/tmpo_r09odc/verify-event-modelling-typescript-react-vite/apps/service


 Test Files  7 passed (7)
      Tests  86 passed (86)
   Start at  02:24:24
   Duration  751ms (transform 419ms, setup 0ms, import 1.08s, tests 524ms, environment 1ms)

npm --workspace apps/web test

> verify-event-modelling-typescript-react-vite-web@0.1.0 test
> vitest run


 RUN  v4.1.11 /tmp/tmpo_r09odc/verify-event-modelling-typescript-react-vite/apps/web


 Test Files  3 passed (3)
      Tests  11 passed (11)
   Start at  02:24:25
   Duration  942ms (transform 107ms, setup 265ms, import 129ms, tests 273ms, environment 1.52s)

python3 scripts/check-styles.py
check-styles: 1 web app(s), no :root custom property has two imported owners
python3 scripts/event-model/check.py
check-model: valid
npm --prefix scripts/event-model ci --no-audit --no-fund --loglevel=error

added 5 packages in 309ms
node scripts/event-model/node_modules/tsx/dist/cli.mjs scripts/event-model/render-drawio.ts --check
check-drawio: docs/event-model/model.yaml has no slices yet — nothing to check.

verify: all gates passed
created: /tmp/tmpo_r09odc/verify-event-modelling-python-react-vite
npm ci

added 154 packages, and audited 157 packages in 2s

33 packages are looking for funding
  run `npm fund` for details

6 high severity vulnerabilities

To address all issues (including breaking changes), run:
  npm audit fix --force

Run `npm audit` for details.

> @packages/api-client@0.1.0 build
> openapi-typescript ../../apps/service/openapi.json --output src/schema.ts

✨ openapi-typescript 6.7.6
🚀 ../../apps/service/openapi.json → file:///tmp/tmpo_r09odc/verify-event-modelling-python-react-vite/packages/api-client/src/schema.ts [12ms]
./scripts/verify --install-only
./scripts/verify --lint-only --synced
All checks passed!
31 files already formatted
npm --workspace apps/web run lint

> verify-event-modelling-python-react-vite-web@0.1.0 lint
> biome check --error-on-warnings

Checked 14 files in 4ms. No fixes applied.
./scripts/verify --typecheck-only --synced
Success: no issues found in 29 source files
npm --workspace apps/web run typecheck

> verify-event-modelling-python-react-vite-web@0.1.0 typecheck
> tsc --noEmit -p tsconfig.json

python3 scripts/check-imports.py
check-imports: inward dependency rule holds (103 directory entries read)
python3 scripts/check-migrations.py
check-migrations: every migration is additive, or a marked contraction of an earlier one; Go migrate images embed their .sql files (103 directory entries read)
python3 scripts/check-slice-scope.py
check-slice-scope: on `main`, not a `slice/<id>` branch — nothing to hold
python3 scripts/extensions/project.py --check
check-extensions: no extension elected; nothing to project
python3 scripts/agents/project.py --check
check-agents: not initialized; no projections expected yet
python3 scripts/agents/models.py --check && python3 scripts/agents/drive.py --check && python3 scripts/agents/cruise.py --check
check-models: .specify/models.json names 17 stage(s) and 6 harness(es)
check-drive: .specify/drive.json delegates per story and cycles per rule
check-cruise: .specify/cruise.json is well-formed; /cruise is not enabled
python3 scripts/check-speckit.py
check-speckit: not initialized; nothing managed yet, 1 preset(s) valid
python3 scripts/check-codegraph.py
check-codegraph: no .codegraph/ — this project carries no code index; nothing to check
python3 scripts/check-ux-gates.py
check-ux-gates: not adopted (./init --extension ux-gates); nothing to check
python3 scripts/check-constitution.py
check-constitution: no constitution ratified yet; run /speckit-constitution (scripts/check-constitution.py --requirements prints what it must cover)
python3 scripts/test_benchmark.py && python3 scripts/agents/benchmark.py check
check-benchmark: 2 boundary and rendering checks pass
check-benchmark: no record and no done slice yet — nothing to hold
python3 scripts/check-decisions.py
check-decisions: no decisions.md or demo-log.md under specs/ — nothing recorded yet
./scripts/verify --test-only --synced
============================= test session starts ==============================
platform linux -- Python 3.14.4, pytest-9.1.1, pluggy-1.6.0
rootdir: /tmp/tmpo_r09odc/verify-event-modelling-python-react-vite/apps/service
configfile: pyproject.toml
plugins: xdist-3.8.0, anyio-4.15.1
created: 4/4 workers
4 workers [87 items]

........................................................................ [ 82%]
...............                                                          [100%]
=============================== warnings summary ===============================
apps/service/.venv/lib/python3.14/site-packages/fastapi/testclient.py:1
apps/service/.venv/lib/python3.14/site-packages/fastapi/testclient.py:1
apps/service/.venv/lib/python3.14/site-packages/fastapi/testclient.py:1
apps/service/.venv/lib/python3.14/site-packages/fastapi/testclient.py:1
  /tmp/tmpo_r09odc/verify-event-modelling-python-react-vite/apps/service/.venv/lib/python3.14/site-packages/fastapi/testclient.py:1: StarletteDeprecationWarning: Using `httpx` with `starlette.testclient` is deprecated; install `httpx2` instead.
    from starlette.testclient import TestClient as TestClient  # noqa

apps/service/.venv/lib/python3.14/site-packages/starlette/testclient.py:53
apps/service/.venv/lib/python3.14/site-packages/starlette/testclient.py:53
apps/service/.venv/lib/python3.14/site-packages/starlette/testclient.py:53
apps/service/.venv/lib/python3.14/site-packages/starlette/testclient.py:53
  /tmp/tmpo_r09odc/verify-event-modelling-python-react-vite/apps/service/.venv/lib/python3.14/site-packages/starlette/testclient.py:53: DeprecationWarning: The anyio.abc.BlockingPortal alias is deprecated, use anyio.from_thread.BlockingPortal instead.
    _PortalFactoryType = Callable[[], AbstractContextManager[anyio.abc.BlockingPortal]]

-- Docs: https://docs.pytest.org/en/stable/how-to/capture-warnings.html
======================== 87 passed, 8 warnings in 1.42s ========================
npm --workspace apps/web test

> verify-event-modelling-python-react-vite-web@0.1.0 test
> vitest run


 RUN  v4.1.11 /tmp/tmpo_r09odc/verify-event-modelling-python-react-vite/apps/web


 Test Files  3 passed (3)
      Tests  11 passed (11)
   Start at  02:24:39
   Duration  914ms (transform 83ms, setup 266ms, import 117ms, tests 274ms, environment 1.47s)

python3 scripts/check-styles.py
check-styles: 1 web app(s), no :root custom property has two imported owners
python3 scripts/event-model/check.py
check-model: valid
npm --prefix scripts/event-model ci --no-audit --no-fund --loglevel=error

added 5 packages in 307ms
node scripts/event-model/node_modules/tsx/dist/cli.mjs scripts/event-model/render-drawio.ts --check
check-drawio: docs/event-model/model.yaml has no slices yet — nothing to check.

verify: all gates passed
created: /tmp/tmpo_r09odc/verify-event-modelling-go-react-vite
npm ci

added 154 packages, and audited 157 packages in 2s

33 packages are looking for funding
  run `npm fund` for details

6 high severity vulnerabilities

To address all issues (including breaking changes), run:
  npm audit fix --force

Run `npm audit` for details.

> @packages/api-client@0.1.0 build
> openapi-typescript ../../apps/service/openapi.yaml --output src/schema.ts

✨ openapi-typescript 6.7.6
🚀 ../../apps/service/openapi.yaml → file:///tmp/tmpo_r09odc/verify-event-modelling-go-react-vite/packages/api-client/src/schema.ts [16ms]
test -z "$(gofmt -l apps/service)"
cd apps/service && go vet ./...
cd apps/service && go tool staticcheck ./...
npm --workspace apps/web run lint

> verify-event-modelling-go-react-vite-web@0.1.0 lint
> biome check --error-on-warnings

Checked 14 files in 6ms. No fixes applied.
cd apps/service && go test -run '^$' ./...
ok  	example.com/verify-event-modelling-go-react-vite/service/adapters/driven/checkpointstorememory	0.002s [no tests to run]
?   	example.com/verify-event-modelling-go-react-vite/service/adapters/driven/checkpointstorepostgres	[no test files]
ok  	example.com/verify-event-modelling-go-react-vite/service/adapters/driven/eventstorememory	0.002s [no tests to run]
?   	example.com/verify-event-modelling-go-react-vite/service/adapters/driven/eventstorepostgres	[no test files]
ok  	example.com/verify-event-modelling-go-react-vite/service/adapters/driving/http	0.002s [no tests to run]
?   	example.com/verify-event-modelling-go-react-vite/service/application/ports/events	[no test files]
?   	example.com/verify-event-modelling-go-react-vite/service/application/ports/readmodels	[no test files]
?   	example.com/verify-event-modelling-go-react-vite/service/checkpointstorecontract	[no test files]
ok  	example.com/verify-event-modelling-go-react-vite/service/cmd/migrate	0.002s [no tests to run]
?   	example.com/verify-event-modelling-go-react-vite/service/cmd/serve	[no test files]
ok  	example.com/verify-event-modelling-go-react-vite/service/config	0.002s [no tests to run]
?   	example.com/verify-event-modelling-go-react-vite/service/eventstorecontract	[no test files]
ok  	example.com/verify-event-modelling-go-react-vite/service/health	0.001s [no tests to run]
?   	example.com/verify-event-modelling-go-react-vite/service/migrations	[no test files]
ok  	example.com/verify-event-modelling-go-react-vite/service/observability	0.002s [no tests to run]
ok  	example.com/verify-event-modelling-go-react-vite/service/projections	0.001s [no tests to run]
npm --workspace apps/web run typecheck

> verify-event-modelling-go-react-vite-web@0.1.0 typecheck
> tsc --noEmit -p tsconfig.json

python3 scripts/check-imports.py
check-imports: inward dependency rule holds (92 directory entries read)
python3 scripts/check-migrations.py
check-migrations: every migration is additive, or a marked contraction of an earlier one; Go migrate images embed their .sql files (92 directory entries read)
python3 scripts/check-slice-scope.py
check-slice-scope: on `main`, not a `slice/<id>` branch — nothing to hold
python3 scripts/extensions/project.py --check
check-extensions: no extension elected; nothing to project
python3 scripts/agents/project.py --check
check-agents: not initialized; no projections expected yet
python3 scripts/agents/models.py --check && python3 scripts/agents/drive.py --check && python3 scripts/agents/cruise.py --check
check-models: .specify/models.json names 17 stage(s) and 6 harness(es)
check-drive: .specify/drive.json delegates per story and cycles per rule
check-cruise: .specify/cruise.json is well-formed; /cruise is not enabled
python3 scripts/check-speckit.py
check-speckit: not initialized; nothing managed yet, 1 preset(s) valid
python3 scripts/check-codegraph.py
check-codegraph: no .codegraph/ — this project carries no code index; nothing to check
python3 scripts/check-ux-gates.py
check-ux-gates: not adopted (./init --extension ux-gates); nothing to check
python3 scripts/check-constitution.py
check-constitution: no constitution ratified yet; run /speckit-constitution (scripts/check-constitution.py --requirements prints what it must cover)
python3 scripts/test_benchmark.py && python3 scripts/agents/benchmark.py check
check-benchmark: 2 boundary and rendering checks pass
check-benchmark: no record and no done slice yet — nothing to hold
python3 scripts/check-decisions.py
check-decisions: no decisions.md or demo-log.md under specs/ — nothing recorded yet
go tool covdata percent -i=. >/dev/null 2>&1 || true
cd apps/service && go test -coverpkg=./... -coverprofile=coverage.out ./...
ok  	example.com/verify-event-modelling-go-react-vite/service/adapters/driven/checkpointstorememory	0.006s	coverage: 16.0% of statements in ./...
	example.com/verify-event-modelling-go-react-vite/service/adapters/driven/checkpointstorepostgres		coverage: 0.0% of statements
ok  	example.com/verify-event-modelling-go-react-vite/service/adapters/driven/eventstorememory	0.004s	coverage: 40.5% of statements in ./...
	example.com/verify-event-modelling-go-react-vite/service/adapters/driven/eventstorepostgres		coverage: 0.0% of statements
ok  	example.com/verify-event-modelling-go-react-vite/service/adapters/driving/http	0.009s	coverage: 4.6% of statements in ./...
	example.com/verify-event-modelling-go-react-vite/service/application/ports/events		coverage: 0.0% of statements
?   	example.com/verify-event-modelling-go-react-vite/service/application/ports/readmodels	[no test files]
	example.com/verify-event-modelling-go-react-vite/service/checkpointstorecontract		coverage: 0.0% of statements
ok  	example.com/verify-event-modelling-go-react-vite/service/cmd/migrate	0.010s	coverage: 0.5% of statements in ./...
	example.com/verify-event-modelling-go-react-vite/service/cmd/serve		coverage: 0.0% of statements
ok  	example.com/verify-event-modelling-go-react-vite/service/config	0.010s	coverage: 2.0% of statements in ./...
	example.com/verify-event-modelling-go-react-vite/service/eventstorecontract		coverage: 0.0% of statements
ok  	example.com/verify-event-modelling-go-react-vite/service/health	0.006s	coverage: 0.1% of statements in ./...
?   	example.com/verify-event-modelling-go-react-vite/service/migrations	[no test files]
ok  	example.com/verify-event-modelling-go-react-vite/service/observability	0.004s	coverage: 1.5% of statements in ./...
ok  	example.com/verify-event-modelling-go-react-vite/service/projections	0.964s	coverage: 10.9% of statements in ./...
python3 scripts/go-coverage.py apps/service 70
  example.com/verify-event-modelling-go-react-vite/service/adapters/driven/checkpointstorememory     100.0%  (11/11 statements)
  example.com/verify-event-modelling-go-react-vite/service/adapters/driven/eventstorememory           98.8%  (167/169 statements)
  example.com/verify-event-modelling-go-react-vite/service/adapters/driving/http                      94.2%  (81/86 statements)
  example.com/verify-event-modelling-go-react-vite/service/application/ports/events                   96.4%  (27/28 statements)
  example.com/verify-event-modelling-go-react-vite/service/checkpointstorecontract                    86.9%  (186/214 statements)
  example.com/verify-event-modelling-go-react-vite/service/config                                     94.6%  (35/37 statements)
  example.com/verify-event-modelling-go-react-vite/service/eventstorecontract                         86.3%  (536/621 statements)
  example.com/verify-event-modelling-go-react-vite/service/health                                    100.0%  (1/1 statements)
  example.com/verify-event-modelling-go-react-vite/service/observability                              89.7%  (26/29 statements)
  example.com/verify-event-modelling-go-react-vite/service/projections                                91.5%  (86/94 statements)
  example.com/verify-event-modelling-go-react-vite/service/adapters/driven/checkpointstorepostgres  not counted: tests run under make test-integration
  example.com/verify-event-modelling-go-react-vite/service/adapters/driven/eventstorepostgres       not counted: tests run under make test-integration
  example.com/verify-event-modelling-go-react-vite/service/cmd/migrate                              not counted: entry point
  example.com/verify-event-modelling-go-react-vite/service/cmd/serve                                not counted: entry point
coverage: 89.6% of 1290 statements, at or above the 70% minimum
npm --workspace apps/web test

> verify-event-modelling-go-react-vite-web@0.1.0 test
> vitest run


 RUN  v4.1.11 /tmp/tmpo_r09odc/verify-event-modelling-go-react-vite/apps/web


 Test Files  3 passed (3)
      Tests  11 passed (11)
   Start at  02:24:49
   Duration  915ms (transform 107ms, setup 267ms, import 117ms, tests 266ms, environment 1.46s)

python3 scripts/check-styles.py
check-styles: 1 web app(s), no :root custom property has two imported owners
python3 scripts/event-model/check.py
check-model: valid
npm --prefix scripts/event-model ci --no-audit --no-fund --loglevel=error

added 5 packages in 316ms
node scripts/event-model/node_modules/tsx/dist/cli.mjs scripts/event-model/render-drawio.ts --check
check-drawio: docs/event-model/model.yaml has no slices yet — nothing to check.

verify: all gates passed
created: /tmp/tmpo_r09odc/verify-event-modelling-java-quarkus-react-vite
npm ci

added 153 packages, and audited 155 packages in 2s

28 packages are looking for funding
  run `npm fund` for details

6 high severity vulnerabilities

To address all issues, run:
  npm audit fix

Run `npm audit` for details.
cd apps/service && ./mvnw -B -q -DskipTests compile checkstyle:check pmd:check spotbugs:check
npm --workspace apps/web run lint

> verify-event-modelling-java-quarkus-react-vite-web@0.1.0 lint
> biome check --error-on-warnings

Checked 14 files in 6ms. No fixes applied.
cd apps/service && ./mvnw -B -q -DskipTests test-compile
npm --workspace apps/web run typecheck

> verify-event-modelling-java-quarkus-react-vite-web@0.1.0 typecheck
> tsc --noEmit -p tsconfig.json

python3 scripts/check-imports.py
check-imports: inward dependency rule holds (131 directory entries read)
python3 scripts/check-migrations.py
check-migrations: every migration is additive, or a marked contraction of an earlier one; Go migrate images embed their .sql files (131 directory entries read)
python3 scripts/check-slice-scope.py
check-slice-scope: on `main`, not a `slice/<id>` branch — nothing to hold
python3 scripts/extensions/project.py --check
check-extensions: no extension elected; nothing to project
python3 scripts/agents/project.py --check
check-agents: not initialized; no projections expected yet
python3 scripts/agents/models.py --check && python3 scripts/agents/drive.py --check && python3 scripts/agents/cruise.py --check
check-models: .specify/models.json names 17 stage(s) and 6 harness(es)
check-drive: .specify/drive.json delegates per story and cycles per rule
check-cruise: .specify/cruise.json is well-formed; /cruise is not enabled
python3 scripts/check-speckit.py
check-speckit: not initialized; nothing managed yet, 1 preset(s) valid
python3 scripts/check-codegraph.py
check-codegraph: no .codegraph/ — this project carries no code index; nothing to check
python3 scripts/check-ux-gates.py
check-ux-gates: not adopted (./init --extension ux-gates); nothing to check
python3 scripts/check-constitution.py
check-constitution: no constitution ratified yet; run /speckit-constitution (scripts/check-constitution.py --requirements prints what it must cover)
python3 scripts/test_benchmark.py && python3 scripts/agents/benchmark.py check
check-benchmark: 2 boundary and rendering checks pass
check-benchmark: no record and no done slice yet — nothing to hold
python3 scripts/check-decisions.py
check-decisions: no decisions.md or demo-log.md under specs/ — nothing recorded yet
cd apps/service && ./mvnw -B -q test
2026-10-05 02:25:18,217 INFO  [io.quarkus] (main) verify-event-modelling-java-quarkus-react-vite-service 0.1.0-SNAPSHOT on JVM (powered by Quarkus 3.33.3) started in 2.399s. Listening on: http://0.0.0.0:41265
2026-10-05 02:25:18,217 INFO  [io.quarkus] (main) Profile test activated. 
2026-10-05 02:25:18,218 INFO  [io.quarkus] (main) Installed features: [agroal, cdi, flyway, jacoco, jdbc-postgresql, narayana-jta, rest, rest-jackson, scheduler, smallrye-context-propagation, smallrye-health, vertx]
2026-10-05 02:25:19,240 INFO  [io.quarkus] (main) verify-event-modelling-java-quarkus-react-vite-service stopped in 0.013s
npm --workspace apps/web test

> verify-event-modelling-java-quarkus-react-vite-web@0.1.0 test
> vitest run


 RUN  v4.1.11 /tmp/tmpo_r09odc/verify-event-modelling-java-quarkus-react-vite/apps/web


 Test Files  3 passed (3)
      Tests  12 passed (12)
   Start at  02:25:20
   Duration  929ms (transform 102ms, setup 282ms, import 133ms, tests 276ms, environment 1.47s)

python3 scripts/check-styles.py
check-styles: 1 web app(s), no :root custom property has two imported owners
python3 scripts/event-model/check.py
check-model: valid
npm --prefix scripts/event-model ci --no-audit --no-fund --loglevel=error

added 5 packages in 312ms
node scripts/event-model/node_modules/tsx/dist/cli.mjs scripts/event-model/render-drawio.ts --check
check-drawio: docs/event-model/model.yaml has no slices yet — nothing to check.

verify: all gates passed
created: /tmp/tmpo_r09odc/verify-event-modelling-java-spring-react-vite
npm ci

added 153 packages, and audited 155 packages in 2s

28 packages are looking for funding
  run `npm fund` for details

6 high severity vulnerabilities

To address all issues, run:
  npm audit fix

Run `npm audit` for details.
cd apps/service && ./mvnw -B -q -DskipTests compile checkstyle:check pmd:check spotbugs:check
npm --workspace apps/web run lint

> verify-event-modelling-java-spring-react-vite-web@0.1.0 lint
> biome check --error-on-warnings

Checked 14 files in 7ms. No fixes applied.
cd apps/service && ./mvnw -B -q -DskipTests test-compile
npm --workspace apps/web run typecheck

> verify-event-modelling-java-spring-react-vite-web@0.1.0 typecheck
> tsc --noEmit -p tsconfig.json

python3 scripts/check-imports.py
check-imports: inward dependency rule holds (133 directory entries read)
python3 scripts/check-migrations.py
check-migrations: every migration is additive, or a marked contraction of an earlier one; Go migrate images embed their .sql files (133 directory entries read)
python3 scripts/check-slice-scope.py
check-slice-scope: on `main`, not a `slice/<id>` branch — nothing to hold
python3 scripts/extensions/project.py --check
check-extensions: no extension elected; nothing to project
python3 scripts/agents/project.py --check
check-agents: not initialized; no projections expected yet
python3 scripts/agents/models.py --check && python3 scripts/agents/drive.py --check && python3 scripts/agents/cruise.py --check
check-models: .specify/models.json names 17 stage(s) and 6 harness(es)
check-drive: .specify/drive.json delegates per story and cycles per rule
check-cruise: .specify/cruise.json is well-formed; /cruise is not enabled
python3 scripts/check-speckit.py
check-speckit: not initialized; nothing managed yet, 1 preset(s) valid
python3 scripts/check-codegraph.py
check-codegraph: no .codegraph/ — this project carries no code index; nothing to check
python3 scripts/check-ux-gates.py
check-ux-gates: not adopted (./init --extension ux-gates); nothing to check
python3 scripts/check-constitution.py
check-constitution: no constitution ratified yet; run /speckit-constitution (scripts/check-constitution.py --requirements prints what it must cover)
python3 scripts/test_benchmark.py && python3 scripts/agents/benchmark.py check
check-benchmark: 2 boundary and rendering checks pass
check-benchmark: no record and no done slice yet — nothing to hold
python3 scripts/check-decisions.py
check-decisions: no decisions.md or demo-log.md under specs/ — nothing recorded yet
cd apps/service && ./mvnw -B -q test
02:25:49.250 [main] INFO org.springframework.test.context.support.AnnotationConfigContextLoaderUtils -- Could not detect default configuration classes for test class [com.example.verifyeventmodellingjavaspringreactvite.adapters.driving.http.HttpAppTest]: HttpAppTest does not declare any static, non-private, non-final, nested classes annotated with @Configuration.
02:25:49.364 [main] INFO org.springframework.boot.test.context.SpringBootTestContextBootstrapper -- Found @SpringBootConfiguration com.example.verifyeventmodellingjavaspringreactvite.ServiceApplication for test class com.example.verifyeventmodellingjavaspringreactvite.adapters.driving.http.HttpAppTest
02:25:49.451 [main] INFO org.springframework.test.context.support.AnnotationConfigContextLoaderUtils -- Could not detect default configuration classes for test class [com.example.verifyeventmodellingjavaspringreactvite.adapters.driving.http.HttpAppTest]: HttpAppTest does not declare any static, non-private, non-final, nested classes annotated with @Configuration.
02:25:49.453 [main] INFO org.springframework.boot.test.context.SpringBootTestContextBootstrapper -- Found @SpringBootConfiguration com.example.verifyeventmodellingjavaspringreactvite.ServiceApplication for test class com.example.verifyeventmodellingjavaspringreactvite.adapters.driving.http.HttpAppTest
2026-10-05T02:25:49.744-05:00  INFO 1475950 --- [verify-event-modelling-java-spring-react-vite-service] [           main] c.e.v.adapters.driving.http.HttpAppTest  : Starting HttpAppTest using Java 25.0.4.1 with PID 1475950 (started by noahc in /tmp/tmpo_r09odc/verify-event-modelling-java-spring-react-vite/apps/service)
2026-10-05T02:25:49.745-05:00  INFO 1475950 --- [verify-event-modelling-java-spring-react-vite-service] [           main] c.e.v.adapters.driving.http.HttpAppTest  : No active profile set, falling back to 1 default profile: "default"
2026-10-05T02:25:51.155-05:00  INFO 1475950 --- [verify-event-modelling-java-spring-react-vite-service] [           main] o.s.b.t.m.w.SpringBootMockServletContext : Initializing Spring TestDispatcherServlet ''
2026-10-05T02:25:51.156-05:00  INFO 1475950 --- [verify-event-modelling-java-spring-react-vite-service] [           main] o.s.t.web.servlet.TestDispatcherServlet  : Initializing Servlet ''
2026-10-05T02:25:51.163-05:00  INFO 1475950 --- [verify-event-modelling-java-spring-react-vite-service] [           main] o.s.b.a.e.web.EndpointLinksResolver      : Exposing 1 endpoint beneath base path ''
2026-10-05T02:25:51.170-05:00  INFO 1475950 --- [verify-event-modelling-java-spring-react-vite-service] [           main] o.s.t.web.servlet.TestDispatcherServlet  : Completed initialization in 14 ms
2026-10-05T02:25:51.218-05:00  INFO 1475950 --- [verify-event-modelling-java-spring-react-vite-service] [           main] c.e.v.adapters.driving.http.HttpAppTest  : Started HttpAppTest in 1.714 seconds (process running for 2.967)
Mockito is currently self-attaching to enable the inline-mock-maker. This will no longer work in future releases of the JDK. Please add Mockito as an agent to your build as described in Mockito's documentation: https://javadoc.io/doc/org.mockito/mockito-core/latest/org.mockito/org/mockito/Mockito.html#0.3
WARNING: A Java agent has been loaded dynamically (/home/noahc/.m2/repository/net/bytebuddy/byte-buddy-agent/1.18.11/byte-buddy-agent-1.18.11.jar)
WARNING: If a serviceability tool is in use, please run with -XX:+EnableDynamicAgentLoading to hide this warning
WARNING: If a serviceability tool is not in use, please run with -Djdk.instrument.traceUsage for more information
WARNING: Dynamic loading of agents will be disallowed by default in a future release
OpenJDK 64-Bit Server VM warning: Sharing is only supported for boot loader classes because bootstrap classpath has been appended
2026-10-05T02:25:51.773-05:00  WARN 1475950 --- [verify-event-modelling-java-spring-react-vite-service] [           main] o.s.web.servlet.PageNotFound             : No mapping for GET /orders/tok-live-abc123
2026-10-05T02:25:51.925-05:00  WARN 1475950 --- [verify-event-modelling-java-spring-react-vite-service] [           main] o.s.web.servlet.PageNotFound             : No mapping for POST /orders/tok-live-abc123
npm --workspace apps/web test

> verify-event-modelling-java-spring-react-vite-web@0.1.0 test
> vitest run


 RUN  v4.1.11 /tmp/tmpo_r09odc/verify-event-modelling-java-spring-react-vite/apps/web


 Test Files  3 passed (3)
      Tests  12 passed (12)
   Start at  02:25:52
   Duration  927ms (transform 121ms, setup 287ms, import 125ms, tests 281ms, environment 1.46s)

python3 scripts/check-styles.py
check-styles: 1 web app(s), no :root custom property has two imported owners
python3 scripts/event-model/check.py
check-model: valid
npm --prefix scripts/event-model ci --no-audit --no-fund --loglevel=error

added 5 packages in 311ms
node scripts/event-model/node_modules/tsx/dist/cli.mjs scripts/event-model/render-drawio.ts --check
check-drawio: docs/event-model/model.yaml has no slices yet — nothing to check.

verify: all gates passed
created: /tmp/tmpo_r09odc/verify-services-none
npm ci

added 180 packages, and audited 182 packages in 2s

60 packages are looking for funding
  run `npm fund` for details

1 high severity vulnerability

To address all issues, run:
  npm audit fix --force

Run `npm audit` for details.
npm --workspace apps/service run lint

> verify-services-none-service@0.1.0 lint
> biome check --error-on-warnings

Checked 37 files in 24ms. No fixes applied.
npm --workspace apps/service run typecheck

> verify-services-none-service@0.1.0 typecheck
> tsc --noEmit

python3 scripts/check-imports.py
check-imports: inward dependency rule holds (60 directory entries read)
python3 scripts/check-migrations.py
check-migrations: every migration is additive, or a marked contraction of an earlier one; Go migrate images embed their .sql files (60 directory entries read)
python3 scripts/check-slice-scope.py
check-slice-scope: on `main`, not a `slice/<id>` branch — nothing to hold
python3 scripts/extensions/project.py --check
check-extensions: no extension elected; nothing to project
python3 scripts/agents/project.py --check
check-agents: not initialized; no projections expected yet
python3 scripts/agents/models.py --check && python3 scripts/agents/drive.py --check && python3 scripts/agents/cruise.py --check
check-models: .specify/models.json names 17 stage(s) and 6 harness(es)
check-drive: .specify/drive.json delegates per story and cycles per rule
check-cruise: .specify/cruise.json is well-formed; /cruise is not enabled
python3 scripts/check-speckit.py
check-speckit: not initialized; nothing managed yet, 1 preset(s) valid
python3 scripts/check-codegraph.py
check-codegraph: no .codegraph/ — this project carries no code index; nothing to check
python3 scripts/check-ux-gates.py
check-ux-gates: not adopted (./init --extension ux-gates); nothing to check
python3 scripts/check-constitution.py
check-constitution: no constitution ratified yet; run /speckit-constitution (scripts/check-constitution.py --requirements prints what it must cover)
python3 scripts/test_benchmark.py && python3 scripts/agents/benchmark.py check
check-benchmark: 2 boundary and rendering checks pass
check-benchmark: no record and no done slice yet — nothing to hold
python3 scripts/check-decisions.py
check-decisions: no decisions.md or demo-log.md under specs/ — nothing recorded yet
npm --workspace apps/service test

> verify-services-none-service@0.1.0 test
> vitest run


 RUN  v4.1.11 /tmp/tmpo_r09odc/verify-services-none/apps/service


 Test Files  9 passed (9)
      Tests  97 passed (97)
   Start at  02:25:59
   Duration  768ms (transform 478ms, setup 0ms, import 1.24s, tests 565ms, environment 1ms)

python3 scripts/event-model/check.py
check-model: valid
npm --prefix scripts/event-model ci --no-audit --no-fund --loglevel=error

added 5 packages in 309ms
node scripts/event-model/node_modules/tsx/dist/cli.mjs scripts/event-model/render-drawio.ts --check
check-drawio: docs/event-model/model.yaml has no slices yet — nothing to check.

verify: all gates passed
created: /tmp/tmpo_r09odc/verify-services-react-vite
npm ci

added 279 packages, and audited 283 packages in 2s

74 packages are looking for funding
  run `npm fund` for details

7 high severity vulnerabilities

To address all issues (including breaking changes), run:
  npm audit fix --force

Run `npm audit` for details.

> @packages/api-client@0.1.0 build
> openapi-typescript ../../apps/service/openapi.json --output src/schema.ts

✨ openapi-typescript 6.7.6
🚀 ../../apps/service/openapi.json → file:///tmp/tmpo_r09odc/verify-services-react-vite/packages/api-client/src/schema.ts [11ms]
npm --workspace apps/service run lint

> verify-services-react-vite-service@0.1.0 lint
> biome check --error-on-warnings

Checked 37 files in 21ms. No fixes applied.
npm --workspace apps/web run lint

> verify-services-react-vite-web@0.1.0 lint
> biome check --error-on-warnings

Checked 18 files in 5ms. No fixes applied.
npm --workspace apps/service run typecheck

> verify-services-react-vite-service@0.1.0 typecheck
> tsc --noEmit

npm --workspace apps/web run typecheck

> verify-services-react-vite-web@0.1.0 typecheck
> tsc --noEmit -p tsconfig.json

python3 scripts/check-imports.py
check-imports: inward dependency rule holds (91 directory entries read)
python3 scripts/check-migrations.py
check-migrations: every migration is additive, or a marked contraction of an earlier one; Go migrate images embed their .sql files (91 directory entries read)
python3 scripts/check-slice-scope.py
check-slice-scope: on `main`, not a `slice/<id>` branch — nothing to hold
python3 scripts/extensions/project.py --check
check-extensions: no extension elected; nothing to project
python3 scripts/agents/project.py --check
check-agents: not initialized; no projections expected yet
python3 scripts/agents/models.py --check && python3 scripts/agents/drive.py --check && python3 scripts/agents/cruise.py --check
check-models: .specify/models.json names 17 stage(s) and 6 harness(es)
check-drive: .specify/drive.json delegates per story and cycles per rule
check-cruise: .specify/cruise.json is well-formed; /cruise is not enabled
python3 scripts/check-speckit.py
check-speckit: not initialized; nothing managed yet, 1 preset(s) valid
python3 scripts/check-codegraph.py
check-codegraph: no .codegraph/ — this project carries no code index; nothing to check
python3 scripts/check-ux-gates.py
check-ux-gates: not adopted (./init --extension ux-gates); nothing to check
python3 scripts/check-constitution.py
check-constitution: no constitution ratified yet; run /speckit-constitution (scripts/check-constitution.py --requirements prints what it must cover)
python3 scripts/test_benchmark.py && python3 scripts/agents/benchmark.py check
check-benchmark: 2 boundary and rendering checks pass
check-benchmark: no record and no done slice yet — nothing to hold
python3 scripts/check-decisions.py
check-decisions: no decisions.md or demo-log.md under specs/ — nothing recorded yet
npm --workspace apps/service test

> verify-services-react-vite-service@0.1.0 test
> vitest run


 RUN  v4.1.11 /tmp/tmpo_r09odc/verify-services-react-vite/apps/service


 Test Files  9 passed (9)
      Tests  97 passed (97)
   Start at  02:26:08
   Duration  781ms (transform 479ms, setup 0ms, import 1.16s, tests 546ms, environment 1ms)

npm --workspace apps/web test

> verify-services-react-vite-web@0.1.0 test
> vitest run


 RUN  v4.1.11 /tmp/tmpo_r09odc/verify-services-react-vite/apps/web


 Test Files  5 passed (5)
      Tests  23 passed (23)
   Start at  02:26:09
   Duration  1.07s (transform 160ms, setup 521ms, import 228ms, tests 473ms, environment 2.90s)

python3 scripts/check-styles.py
check-styles: 1 web app(s), no :root custom property has two imported owners
python3 scripts/event-model/check.py
check-model: valid
npm --prefix scripts/event-model ci --no-audit --no-fund --loglevel=error

added 5 packages in 304ms
node scripts/event-model/node_modules/tsx/dist/cli.mjs scripts/event-model/render-drawio.ts --check
check-drawio: docs/event-model/model.yaml has no slices yet — nothing to check.

verify: all gates passed
created: /tmp/tmpo_r09odc/verify-typescript-sqlite
npm ci

added 147 packages, and audited 149 packages in 2s

52 packages are looking for funding
  run `npm fund` for details

1 high severity vulnerability

To address all issues, run:
  npm audit fix --force

Run `npm audit` for details.
npm --workspace apps/service run lint

> verify-typescript-sqlite-service@0.1.0 lint
> biome check --error-on-warnings

Checked 32 files in 22ms. No fixes applied.
npm --workspace apps/service run typecheck

> verify-typescript-sqlite-service@0.1.0 typecheck
> tsc --noEmit

python3 scripts/check-imports.py
check-imports: inward dependency rule holds (52 directory entries read)
python3 scripts/check-migrations.py
check-migrations: every migration is additive, or a marked contraction of an earlier one; Go migrate images embed their .sql files (52 directory entries read)
python3 scripts/check-slice-scope.py
check-slice-scope: on `main`, not a `slice/<id>` branch — nothing to hold
python3 scripts/extensions/project.py --check
check-extensions: no extension elected; nothing to project
python3 scripts/agents/project.py --check
check-agents: not initialized; no projections expected yet
python3 scripts/agents/models.py --check && python3 scripts/agents/drive.py --check && python3 scripts/agents/cruise.py --check
check-models: .specify/models.json names 17 stage(s) and 6 harness(es)
check-drive: .specify/drive.json delegates per story and cycles per rule
check-cruise: .specify/cruise.json is well-formed; /cruise is not enabled
python3 scripts/check-speckit.py
check-speckit: not initialized; nothing managed yet, 1 preset(s) valid
python3 scripts/check-codegraph.py
check-codegraph: no .codegraph/ — this project carries no code index; nothing to check
python3 scripts/check-ux-gates.py
check-ux-gates: not adopted (./init --extension ux-gates); nothing to check
python3 scripts/check-constitution.py
check-constitution: no constitution ratified yet; run /speckit-constitution (scripts/check-constitution.py --requirements prints what it must cover)
python3 scripts/test_benchmark.py && python3 scripts/agents/benchmark.py check
check-benchmark: 2 boundary and rendering checks pass
check-benchmark: no record and no done slice yet — nothing to hold
python3 scripts/check-decisions.py
check-decisions: no decisions.md or demo-log.md under specs/ — nothing recorded yet
npm --workspace apps/service test

> verify-typescript-sqlite-service@0.1.0 test
> vitest run


 RUN  v4.1.11 /tmp/tmpo_r09odc/verify-typescript-sqlite/apps/service

(node:1477683) ExperimentalWarning: SQLite is an experimental feature and might change at any time
(Use `node --trace-warnings ...` to show where the warning was created)
(node:1477688) ExperimentalWarning: SQLite is an experimental feature and might change at any time
(Use `node --trace-warnings ...` to show where the warning was created)

 Test Files  11 passed (11)
      Tests  140 passed (140)
   Start at  02:26:16
   Duration  864ms (transform 662ms, setup 0ms, import 1.58s, tests 643ms, environment 1ms)

python3 scripts/event-model/check.py
check-model: valid
npm --prefix scripts/event-model ci --no-audit --no-fund --loglevel=error

added 5 packages in 307ms
node scripts/event-model/node_modules/tsx/dist/cli.mjs scripts/event-model/render-drawio.ts --check
check-drawio: docs/event-model/model.yaml has no slices yet — nothing to check.

verify: all gates passed
created: /tmp/tmpo_r09odc/verify-typescript-postgres
npm ci

added 180 packages, and audited 182 packages in 2s

60 packages are looking for funding
  run `npm fund` for details

1 high severity vulnerability

To address all issues, run:
  npm audit fix --force

Run `npm audit` for details.
npm --workspace apps/service run lint

> verify-typescript-postgres-service@0.1.0 lint
> biome check --error-on-warnings

Checked 37 files in 19ms. No fixes applied.
npm --workspace apps/service run typecheck

> verify-typescript-postgres-service@0.1.0 typecheck
> tsc --noEmit

python3 scripts/check-imports.py
check-imports: inward dependency rule holds (60 directory entries read)
python3 scripts/check-migrations.py
check-migrations: every migration is additive, or a marked contraction of an earlier one; Go migrate images embed their .sql files (60 directory entries read)
python3 scripts/check-slice-scope.py
check-slice-scope: on `main`, not a `slice/<id>` branch — nothing to hold
python3 scripts/extensions/project.py --check
check-extensions: no extension elected; nothing to project
python3 scripts/agents/project.py --check
check-agents: not initialized; no projections expected yet
python3 scripts/agents/models.py --check && python3 scripts/agents/drive.py --check && python3 scripts/agents/cruise.py --check
check-models: .specify/models.json names 17 stage(s) and 6 harness(es)
check-drive: .specify/drive.json delegates per story and cycles per rule
check-cruise: .specify/cruise.json is well-formed; /cruise is not enabled
python3 scripts/check-speckit.py
check-speckit: not initialized; nothing managed yet, 1 preset(s) valid
python3 scripts/check-codegraph.py
check-codegraph: no .codegraph/ — this project carries no code index; nothing to check
python3 scripts/check-ux-gates.py
check-ux-gates: not adopted (./init --extension ux-gates); nothing to check
python3 scripts/check-constitution.py
check-constitution: no constitution ratified yet; run /speckit-constitution (scripts/check-constitution.py --requirements prints what it must cover)
python3 scripts/test_benchmark.py && python3 scripts/agents/benchmark.py check
check-benchmark: 2 boundary and rendering checks pass
check-benchmark: no record and no done slice yet — nothing to hold
python3 scripts/check-decisions.py
check-decisions: no decisions.md or demo-log.md under specs/ — nothing recorded yet
npm --workspace apps/service test

> verify-typescript-postgres-service@0.1.0 test
> vitest run


 RUN  v4.1.11 /tmp/tmpo_r09odc/verify-typescript-postgres/apps/service


 Test Files  9 passed (9)
      Tests  97 passed (97)
   Start at  02:26:24
   Duration  781ms (transform 334ms, setup 0ms, import 1.06s, tests 563ms, environment 1ms)

python3 scripts/event-model/check.py
check-model: valid
npm --prefix scripts/event-model ci --no-audit --no-fund --loglevel=error

added 5 packages in 306ms
node scripts/event-model/node_modules/tsx/dist/cli.mjs scripts/event-model/render-drawio.ts --check
check-drawio: docs/event-model/model.yaml has no slices yet — nothing to check.

verify: all gates passed
created: /tmp/tmpo_r09odc/verify-python-sqlite
./scripts/verify --install-only
./scripts/verify --lint-only --synced
All checks passed!
35 files already formatted
./scripts/verify --typecheck-only --synced
Success: no issues found in 33 source files
python3 scripts/check-imports.py
check-imports: inward dependency rule holds (85 directory entries read)
python3 scripts/check-migrations.py
check-migrations: every migration is additive, or a marked contraction of an earlier one; Go migrate images embed their .sql files (85 directory entries read)
python3 scripts/check-slice-scope.py
check-slice-scope: on `main`, not a `slice/<id>` branch — nothing to hold
python3 scripts/extensions/project.py --check
check-extensions: no extension elected; nothing to project
python3 scripts/agents/project.py --check
check-agents: not initialized; no projections expected yet
python3 scripts/agents/models.py --check && python3 scripts/agents/drive.py --check && python3 scripts/agents/cruise.py --check
check-models: .specify/models.json names 17 stage(s) and 6 harness(es)
check-drive: .specify/drive.json delegates per story and cycles per rule
check-cruise: .specify/cruise.json is well-formed; /cruise is not enabled
python3 scripts/check-speckit.py
check-speckit: not initialized; nothing managed yet, 1 preset(s) valid
python3 scripts/check-codegraph.py
check-codegraph: no .codegraph/ — this project carries no code index; nothing to check
python3 scripts/check-ux-gates.py
check-ux-gates: not adopted (./init --extension ux-gates); nothing to check
python3 scripts/check-constitution.py
check-constitution: no constitution ratified yet; run /speckit-constitution (scripts/check-constitution.py --requirements prints what it must cover)
python3 scripts/test_benchmark.py && python3 scripts/agents/benchmark.py check
check-benchmark: 2 boundary and rendering checks pass
check-benchmark: no record and no done slice yet — nothing to hold
python3 scripts/check-decisions.py
check-decisions: no decisions.md or demo-log.md under specs/ — nothing recorded yet
./scripts/verify --test-only --synced
============================= test session starts ==============================
platform linux -- Python 3.14.4, pytest-9.1.1, pluggy-1.6.0
rootdir: /tmp/tmpo_r09odc/verify-python-sqlite/apps/service
configfile: pyproject.toml
plugins: xdist-3.8.0, anyio-4.15.1
created: 4/4 workers
4 workers [142 items]

........................................................................ [ 50%]
......................................................................   [100%]
=============================== warnings summary ===============================
apps/service/.venv/lib/python3.14/site-packages/fastapi/testclient.py:1
apps/service/.venv/lib/python3.14/site-packages/fastapi/testclient.py:1
apps/service/.venv/lib/python3.14/site-packages/fastapi/testclient.py:1
apps/service/.venv/lib/python3.14/site-packages/fastapi/testclient.py:1
  /tmp/tmpo_r09odc/verify-python-sqlite/apps/service/.venv/lib/python3.14/site-packages/fastapi/testclient.py:1: StarletteDeprecationWarning: Using `httpx` with `starlette.testclient` is deprecated; install `httpx2` instead.
    from starlette.testclient import TestClient as TestClient  # noqa

apps/service/.venv/lib/python3.14/site-packages/starlette/testclient.py:53
apps/service/.venv/lib/python3.14/site-packages/starlette/testclient.py:53
apps/service/.venv/lib/python3.14/site-packages/starlette/testclient.py:53
apps/service/.venv/lib/python3.14/site-packages/starlette/testclient.py:53
  /tmp/tmpo_r09odc/verify-python-sqlite/apps/service/.venv/lib/python3.14/site-packages/starlette/testclient.py:53: DeprecationWarning: The anyio.abc.BlockingPortal alias is deprecated, use anyio.from_thread.BlockingPortal instead.
    _PortalFactoryType = Callable[[], AbstractContextManager[anyio.abc.BlockingPortal]]

-- Docs: https://docs.pytest.org/en/stable/how-to/capture-warnings.html
======================= 142 passed, 8 warnings in 1.46s ========================
python3 scripts/event-model/check.py
check-model: valid
npm --prefix scripts/event-model ci --no-audit --no-fund --loglevel=error

added 5 packages in 311ms
node scripts/event-model/node_modules/tsx/dist/cli.mjs scripts/event-model/render-drawio.ts --check
check-drawio: docs/event-model/model.yaml has no slices yet — nothing to check.

verify: all gates passed
created: /tmp/tmpo_r09odc/verify-python-postgres
./scripts/verify --install-only
./scripts/verify --lint-only --synced
All checks passed!
35 files already formatted
./scripts/verify --typecheck-only --synced
Success: no issues found in 33 source files
python3 scripts/check-imports.py
check-imports: inward dependency rule holds (94 directory entries read)
python3 scripts/check-migrations.py
check-migrations: every migration is additive, or a marked contraction of an earlier one; Go migrate images embed their .sql files (94 directory entries read)
python3 scripts/check-slice-scope.py
check-slice-scope: on `main`, not a `slice/<id>` branch — nothing to hold
python3 scripts/extensions/project.py --check
check-extensions: no extension elected; nothing to project
python3 scripts/agents/project.py --check
check-agents: not initialized; no projections expected yet
python3 scripts/agents/models.py --check && python3 scripts/agents/drive.py --check && python3 scripts/agents/cruise.py --check
check-models: .specify/models.json names 17 stage(s) and 6 harness(es)
check-drive: .specify/drive.json delegates per story and cycles per rule
check-cruise: .specify/cruise.json is well-formed; /cruise is not enabled
python3 scripts/check-speckit.py
check-speckit: not initialized; nothing managed yet, 1 preset(s) valid
python3 scripts/check-codegraph.py
check-codegraph: no .codegraph/ — this project carries no code index; nothing to check
python3 scripts/check-ux-gates.py
check-ux-gates: not adopted (./init --extension ux-gates); nothing to check
python3 scripts/check-constitution.py
check-constitution: no constitution ratified yet; run /speckit-constitution (scripts/check-constitution.py --requirements prints what it must cover)
python3 scripts/test_benchmark.py && python3 scripts/agents/benchmark.py check
check-benchmark: 2 boundary and rendering checks pass
check-benchmark: no record and no done slice yet — nothing to hold
python3 scripts/check-decisions.py
check-decisions: no decisions.md or demo-log.md under specs/ — nothing recorded yet
./scripts/verify --test-only --synced
============================= test session starts ==============================
platform linux -- Python 3.14.4, pytest-9.1.1, pluggy-1.6.0
rootdir: /tmp/tmpo_r09odc/verify-python-postgres/apps/service
configfile: pyproject.toml
plugins: xdist-3.8.0, anyio-4.15.1
created: 4/4 workers
4 workers [99 items]

........................................................................ [ 72%]
...........................                                              [100%]
=============================== warnings summary ===============================
apps/service/.venv/lib/python3.14/site-packages/fastapi/testclient.py:1
apps/service/.venv/lib/python3.14/site-packages/fastapi/testclient.py:1
apps/service/.venv/lib/python3.14/site-packages/fastapi/testclient.py:1
apps/service/.venv/lib/python3.14/site-packages/fastapi/testclient.py:1
  /tmp/tmpo_r09odc/verify-python-postgres/apps/service/.venv/lib/python3.14/site-packages/fastapi/testclient.py:1: StarletteDeprecationWarning: Using `httpx` with `starlette.testclient` is deprecated; install `httpx2` instead.
    from starlette.testclient import TestClient as TestClient  # noqa

apps/service/.venv/lib/python3.14/site-packages/starlette/testclient.py:53
apps/service/.venv/lib/python3.14/site-packages/starlette/testclient.py:53
apps/service/.venv/lib/python3.14/site-packages/starlette/testclient.py:53
apps/service/.venv/lib/python3.14/site-packages/starlette/testclient.py:53
  /tmp/tmpo_r09odc/verify-python-postgres/apps/service/.venv/lib/python3.14/site-packages/starlette/testclient.py:53: DeprecationWarning: The anyio.abc.BlockingPortal alias is deprecated, use anyio.from_thread.BlockingPortal instead.
    _PortalFactoryType = Callable[[], AbstractContextManager[anyio.abc.BlockingPortal]]

-- Docs: https://docs.pytest.org/en/stable/how-to/capture-warnings.html
======================== 99 passed, 8 warnings in 1.44s ========================
python3 scripts/event-model/check.py
check-model: valid
npm --prefix scripts/event-model ci --no-audit --no-fund --loglevel=error

added 5 packages in 306ms
node scripts/event-model/node_modules/tsx/dist/cli.mjs scripts/event-model/render-drawio.ts --check
check-drawio: docs/event-model/model.yaml has no slices yet — nothing to check.

verify: all gates passed
created: /tmp/tmpo_r09odc/verify-go-sqlite
test -z "$(gofmt -l apps/service)"
cd apps/service && go vet ./...
cd apps/service && go tool staticcheck ./...
cd apps/service && go test -run '^$' ./...
ok  	example.com/verify-go-sqlite/service/adapters/driven/checkpointstorememory	0.002s [no tests to run]
ok  	example.com/verify-go-sqlite/service/adapters/driven/checkpointstoresqlite	0.003s [no tests to run]
ok  	example.com/verify-go-sqlite/service/adapters/driven/eventstorememory	0.002s [no tests to run]
ok  	example.com/verify-go-sqlite/service/adapters/driven/eventstoresqlite	0.003s [no tests to run]
ok  	example.com/verify-go-sqlite/service/adapters/driving/http	0.003s [no tests to run]
ok  	example.com/verify-go-sqlite/service/adapters/driving/http/auth/oidckeycloak	0.003s [no tests to run]
ok  	example.com/verify-go-sqlite/service/adapters/driving/http/users/userskeycloak	0.002s [no tests to run]
?   	example.com/verify-go-sqlite/service/application/ports/events	[no test files]
?   	example.com/verify-go-sqlite/service/application/ports/readmodels	[no test files]
?   	example.com/verify-go-sqlite/service/checkpointstorecontract	[no test files]
?   	example.com/verify-go-sqlite/service/cmd/serve	[no test files]
ok  	example.com/verify-go-sqlite/service/config	0.003s [no tests to run]
?   	example.com/verify-go-sqlite/service/eventstorecontract	[no test files]
ok  	example.com/verify-go-sqlite/service/health	0.002s [no tests to run]
ok  	example.com/verify-go-sqlite/service/observability	0.002s [no tests to run]
ok  	example.com/verify-go-sqlite/service/projections	0.001s [no tests to run]
python3 scripts/check-imports.py
check-imports: inward dependency rule holds (65 directory entries read)
python3 scripts/check-migrations.py
check-migrations: every migration is additive, or a marked contraction of an earlier one; Go migrate images embed their .sql files (65 directory entries read)
python3 scripts/check-slice-scope.py
check-slice-scope: on `main`, not a `slice/<id>` branch — nothing to hold
python3 scripts/extensions/project.py --check
check-extensions: no extension elected; nothing to project
python3 scripts/agents/project.py --check
check-agents: not initialized; no projections expected yet
python3 scripts/agents/models.py --check && python3 scripts/agents/drive.py --check && python3 scripts/agents/cruise.py --check
check-models: .specify/models.json names 17 stage(s) and 6 harness(es)
check-drive: .specify/drive.json delegates per story and cycles per rule
check-cruise: .specify/cruise.json is well-formed; /cruise is not enabled
python3 scripts/check-speckit.py
check-speckit: not initialized; nothing managed yet, 1 preset(s) valid
python3 scripts/check-codegraph.py
check-codegraph: no .codegraph/ — this project carries no code index; nothing to check
python3 scripts/check-ux-gates.py
check-ux-gates: not adopted (./init --extension ux-gates); nothing to check
python3 scripts/check-constitution.py
check-constitution: no constitution ratified yet; run /speckit-constitution (scripts/check-constitution.py --requirements prints what it must cover)
python3 scripts/test_benchmark.py && python3 scripts/agents/benchmark.py check
check-benchmark: 2 boundary and rendering checks pass
check-benchmark: no record and no done slice yet — nothing to hold
python3 scripts/check-decisions.py
check-decisions: no decisions.md or demo-log.md under specs/ — nothing recorded yet
go tool covdata percent -i=. >/dev/null 2>&1 || true
cd apps/service && go test -coverpkg=./... -coverprofile=coverage.out ./...
ok  	example.com/verify-go-sqlite/service/adapters/driven/checkpointstorememory	0.004s	coverage: 16.4% of statements in ./...
ok  	example.com/verify-go-sqlite/service/adapters/driven/checkpointstoresqlite	0.016s	coverage: 17.0% of statements in ./...
ok  	example.com/verify-go-sqlite/service/adapters/driven/eventstorememory	0.003s	coverage: 41.6% of statements in ./...
ok  	example.com/verify-go-sqlite/service/adapters/driven/eventstoresqlite	0.044s	coverage: 45.7% of statements in ./...
ok  	example.com/verify-go-sqlite/service/adapters/driving/http	0.007s	coverage: 4.8% of statements in ./...
ok  	example.com/verify-go-sqlite/service/adapters/driving/http/auth/oidckeycloak	0.006s	coverage: 1.2% of statements in ./...
ok  	example.com/verify-go-sqlite/service/adapters/driving/http/users/userskeycloak	0.004s	coverage: 0.6% of statements in ./...
	example.com/verify-go-sqlite/service/application/ports/events		coverage: 0.0% of statements
?   	example.com/verify-go-sqlite/service/application/ports/readmodels	[no test files]
	example.com/verify-go-sqlite/service/checkpointstorecontract		coverage: 0.0% of statements
	example.com/verify-go-sqlite/service/cmd/serve		coverage: 0.0% of statements
ok  	example.com/verify-go-sqlite/service/config	0.005s	coverage: 2.0% of statements in ./...
	example.com/verify-go-sqlite/service/eventstorecontract		coverage: 0.0% of statements
ok  	example.com/verify-go-sqlite/service/health	0.004s	coverage: 0.1% of statements in ./...
ok  	example.com/verify-go-sqlite/service/observability	0.004s	coverage: 1.5% of statements in ./...
ok  	example.com/verify-go-sqlite/service/projections	0.961s	coverage: 11.3% of statements in ./...
python3 scripts/go-coverage.py apps/service 70
  example.com/verify-go-sqlite/service/adapters/driven/checkpointstorememory       100.0%  (11/11 statements)
  example.com/verify-go-sqlite/service/adapters/driven/checkpointstoresqlite        84.4%  (27/32 statements)
  example.com/verify-go-sqlite/service/adapters/driven/eventstorememory             98.8%  (167/169 statements)
  example.com/verify-go-sqlite/service/adapters/driven/eventstoresqlite             80.6%  (229/284 statements)
  example.com/verify-go-sqlite/service/adapters/driving/http                        94.2%  (81/86 statements)
  example.com/verify-go-sqlite/service/adapters/driving/http/auth/oidckeycloak     100.0%  (20/20 statements)
  example.com/verify-go-sqlite/service/adapters/driving/http/users/userskeycloak   100.0%  (11/11 statements)
  example.com/verify-go-sqlite/service/application/ports/events                     96.4%  (27/28 statements)
  example.com/verify-go-sqlite/service/checkpointstorecontract                      86.9%  (186/214 statements)
  example.com/verify-go-sqlite/service/config                                       97.1%  (34/35 statements)
  example.com/verify-go-sqlite/service/eventstorecontract                           86.3%  (536/621 statements)
  example.com/verify-go-sqlite/service/health                                      100.0%  (1/1 statements)
  example.com/verify-go-sqlite/service/observability                                89.7%  (26/29 statements)
  example.com/verify-go-sqlite/service/projections                                  91.5%  (86/94 statements)
  example.com/verify-go-sqlite/service/cmd/serve                                  not counted: entry point
coverage: 88.2% of 1635 statements, at or above the 70% minimum
python3 scripts/event-model/check.py
check-model: valid
npm --prefix scripts/event-model ci --no-audit --no-fund --loglevel=error

added 5 packages in 308ms
node scripts/event-model/node_modules/tsx/dist/cli.mjs scripts/event-model/render-drawio.ts --check
check-drawio: docs/event-model/model.yaml has no slices yet — nothing to check.

verify: all gates passed
created: /tmp/tmpo_r09odc/verify-go-postgres
test -z "$(gofmt -l apps/service)"
cd apps/service && go vet ./...
cd apps/service && go tool staticcheck ./...
cd apps/service && go test -run '^$' ./...
ok  	example.com/verify-go-postgres/service/adapters/driven/checkpointstorememory	0.002s [no tests to run]
?   	example.com/verify-go-postgres/service/adapters/driven/checkpointstorepostgres	[no test files]
ok  	example.com/verify-go-postgres/service/adapters/driven/eventstorememory	0.002s [no tests to run]
?   	example.com/verify-go-postgres/service/adapters/driven/eventstorepostgres	[no test files]
ok  	example.com/verify-go-postgres/service/adapters/driving/http	0.002s [no tests to run]
ok  	example.com/verify-go-postgres/service/adapters/driving/http/auth/oidckeycloak	0.002s [no tests to run]
ok  	example.com/verify-go-postgres/service/adapters/driving/http/users/userskeycloak	0.001s [no tests to run]
?   	example.com/verify-go-postgres/service/application/ports/events	[no test files]
?   	example.com/verify-go-postgres/service/application/ports/readmodels	[no test files]
?   	example.com/verify-go-postgres/service/checkpointstorecontract	[no test files]
ok  	example.com/verify-go-postgres/service/cmd/migrate	0.002s [no tests to run]
?   	example.com/verify-go-postgres/service/cmd/serve	[no test files]
ok  	example.com/verify-go-postgres/service/config	0.002s [no tests to run]
?   	example.com/verify-go-postgres/service/eventstorecontract	[no test files]
ok  	example.com/verify-go-postgres/service/health	0.001s [no tests to run]
?   	example.com/verify-go-postgres/service/migrations	[no test files]
ok  	example.com/verify-go-postgres/service/observability	0.003s [no tests to run]
ok  	example.com/verify-go-postgres/service/projections	0.001s [no tests to run]
python3 scripts/check-imports.py
check-imports: inward dependency rule holds (75 directory entries read)
python3 scripts/check-migrations.py
check-migrations: every migration is additive, or a marked contraction of an earlier one; Go migrate images embed their .sql files (75 directory entries read)
python3 scripts/check-slice-scope.py
check-slice-scope: on `main`, not a `slice/<id>` branch — nothing to hold
python3 scripts/extensions/project.py --check
check-extensions: no extension elected; nothing to project
python3 scripts/agents/project.py --check
check-agents: not initialized; no projections expected yet
python3 scripts/agents/models.py --check && python3 scripts/agents/drive.py --check && python3 scripts/agents/cruise.py --check
check-models: .specify/models.json names 17 stage(s) and 6 harness(es)
check-drive: .specify/drive.json delegates per story and cycles per rule
check-cruise: .specify/cruise.json is well-formed; /cruise is not enabled
python3 scripts/check-speckit.py
check-speckit: not initialized; nothing managed yet, 1 preset(s) valid
python3 scripts/check-codegraph.py
check-codegraph: no .codegraph/ — this project carries no code index; nothing to check
python3 scripts/check-ux-gates.py
check-ux-gates: not adopted (./init --extension ux-gates); nothing to check
python3 scripts/check-constitution.py
check-constitution: no constitution ratified yet; run /speckit-constitution (scripts/check-constitution.py --requirements prints what it must cover)
python3 scripts/test_benchmark.py && python3 scripts/agents/benchmark.py check
check-benchmark: 2 boundary and rendering checks pass
check-benchmark: no record and no done slice yet — nothing to hold
python3 scripts/check-decisions.py
check-decisions: no decisions.md or demo-log.md under specs/ — nothing recorded yet
go tool covdata percent -i=. >/dev/null 2>&1 || true
cd apps/service && go test -coverpkg=./... -coverprofile=coverage.out ./...
ok  	example.com/verify-go-postgres/service/adapters/driven/checkpointstorememory	0.005s	coverage: 15.7% of statements in ./...
	example.com/verify-go-postgres/service/adapters/driven/checkpointstorepostgres		coverage: 0.0% of statements
ok  	example.com/verify-go-postgres/service/adapters/driven/eventstorememory	0.003s	coverage: 39.8% of statements in ./...
	example.com/verify-go-postgres/service/adapters/driven/eventstorepostgres		coverage: 0.0% of statements
ok  	example.com/verify-go-postgres/service/adapters/driving/http	0.008s	coverage: 4.5% of statements in ./...
ok  	example.com/verify-go-postgres/service/adapters/driving/http/auth/oidckeycloak	0.005s	coverage: 1.1% of statements in ./...
ok  	example.com/verify-go-postgres/service/adapters/driving/http/users/userskeycloak	0.005s	coverage: 0.6% of statements in ./...
	example.com/verify-go-postgres/service/application/ports/events		coverage: 0.0% of statements
?   	example.com/verify-go-postgres/service/application/ports/readmodels	[no test files]
	example.com/verify-go-postgres/service/checkpointstorecontract		coverage: 0.0% of statements
ok  	example.com/verify-go-postgres/service/cmd/migrate	0.007s	coverage: 0.5% of statements in ./...
	example.com/verify-go-postgres/service/cmd/serve		coverage: 0.0% of statements
ok  	example.com/verify-go-postgres/service/config	0.004s	coverage: 2.0% of statements in ./...
	example.com/verify-go-postgres/service/eventstorecontract		coverage: 0.0% of statements
ok  	example.com/verify-go-postgres/service/health	0.012s	coverage: 0.1% of statements in ./...
?   	example.com/verify-go-postgres/service/migrations	[no test files]
ok  	example.com/verify-go-postgres/service/observability	0.004s	coverage: 1.5% of statements in ./...
ok  	example.com/verify-go-postgres/service/projections	0.965s	coverage: 10.8% of statements in ./...
python3 scripts/go-coverage.py apps/service 70
  example.com/verify-go-postgres/service/adapters/driven/checkpointstorememory       100.0%  (11/11 statements)
  example.com/verify-go-postgres/service/adapters/driven/eventstorememory             98.8%  (167/169 statements)
  example.com/verify-go-postgres/service/adapters/driving/http                        94.2%  (81/86 statements)
  example.com/verify-go-postgres/service/adapters/driving/http/auth/oidckeycloak     100.0%  (20/20 statements)
  example.com/verify-go-postgres/service/adapters/driving/http/users/userskeycloak   100.0%  (11/11 statements)
  example.com/verify-go-postgres/service/application/ports/events                     96.4%  (27/28 statements)
  example.com/verify-go-postgres/service/checkpointstorecontract                      86.9%  (186/214 statements)
  example.com/verify-go-postgres/service/config                                       94.6%  (35/37 statements)
  example.com/verify-go-postgres/service/eventstorecontract                           86.3%  (536/621 statements)
  example.com/verify-go-postgres/service/health                                      100.0%  (1/1 statements)
  example.com/verify-go-postgres/service/observability                                89.7%  (26/29 statements)
  example.com/verify-go-postgres/service/projections                                  91.5%  (86/94 statements)
  example.com/verify-go-postgres/service/adapters/driven/checkpointstorepostgres    not counted: tests run under make test-integration
  example.com/verify-go-postgres/service/adapters/driven/eventstorepostgres         not counted: tests run under make test-integration
  example.com/verify-go-postgres/service/cmd/migrate                                not counted: entry point
  example.com/verify-go-postgres/service/cmd/serve                                  not counted: entry point
coverage: 89.9% of 1321 statements, at or above the 70% minimum
python3 scripts/event-model/check.py
check-model: valid
npm --prefix scripts/event-model ci --no-audit --no-fund --loglevel=error

added 5 packages in 309ms
node scripts/event-model/node_modules/tsx/dist/cli.mjs scripts/event-model/render-drawio.ts --check
check-drawio: docs/event-model/model.yaml has no slices yet — nothing to check.

verify: all gates passed
created: /tmp/tmpo_r09odc/verify-java-quarkus-sqlite
cd apps/service && ./mvnw -B -q -DskipTests compile checkstyle:check pmd:check spotbugs:check
cd apps/service && ./mvnw -B -q -DskipTests test-compile
python3 scripts/check-imports.py
check-imports: inward dependency rule holds (102 directory entries read)
python3 scripts/check-migrations.py
check-migrations: every migration is additive, or a marked contraction of an earlier one; Go migrate images embed their .sql files (102 directory entries read)
python3 scripts/check-slice-scope.py
check-slice-scope: on `main`, not a `slice/<id>` branch — nothing to hold
python3 scripts/extensions/project.py --check
check-extensions: no extension elected; nothing to project
python3 scripts/agents/project.py --check
check-agents: not initialized; no projections expected yet
python3 scripts/agents/models.py --check && python3 scripts/agents/drive.py --check && python3 scripts/agents/cruise.py --check
check-models: .specify/models.json names 17 stage(s) and 6 harness(es)
check-drive: .specify/drive.json delegates per story and cycles per rule
check-cruise: .specify/cruise.json is well-formed; /cruise is not enabled
python3 scripts/check-speckit.py
check-speckit: not initialized; nothing managed yet, 1 preset(s) valid
python3 scripts/check-codegraph.py
check-codegraph: no .codegraph/ — this project carries no code index; nothing to check
python3 scripts/check-ux-gates.py
check-ux-gates: not adopted (./init --extension ux-gates); nothing to check
python3 scripts/check-constitution.py
check-constitution: no constitution ratified yet; run /speckit-constitution (scripts/check-constitution.py --requirements prints what it must cover)
python3 scripts/test_benchmark.py && python3 scripts/agents/benchmark.py check
check-benchmark: 2 boundary and rendering checks pass
check-benchmark: no record and no done slice yet — nothing to hold
python3 scripts/check-decisions.py
check-decisions: no decisions.md or demo-log.md under specs/ — nothing recorded yet
cd apps/service && ./mvnw -B -q test
2026-10-05 02:27:17,297 INFO  [io.quarkus] (main) verify-java-quarkus-sqlite-service 0.1.0-SNAPSHOT on JVM (powered by Quarkus 3.33.3) started in 2.343s. Listening on: http://0.0.0.0:38615
2026-10-05 02:27:17,297 INFO  [io.quarkus] (main) Profile test activated. 
2026-10-05 02:27:17,298 INFO  [io.quarkus] (main) Installed features: [cdi, jacoco, oidc, rest, rest-jackson, scheduler, security, smallrye-context-propagation, smallrye-health, vertx]
WARNING: A restricted method in java.lang.System has been called
WARNING: java.lang.System::load has been called by org.sqlite.SQLiteJDBCLoader in an unnamed module (file:/home/noahc/.m2/repository/org/xerial/sqlite-jdbc/3.53.2.1/sqlite-jdbc-3.53.2.1.jar)
WARNING: Use --enable-native-access=ALL-UNNAMED to avoid a warning for callers in this module
WARNING: Restricted methods will be blocked in a future release unless native access is enabled

2026-10-05 02:27:18,658 INFO  [io.quarkus] (main) verify-java-quarkus-sqlite-service stopped in 0.009s
python3 scripts/event-model/check.py
check-model: valid
npm --prefix scripts/event-model ci --no-audit --no-fund --loglevel=error

added 5 packages in 305ms
node scripts/event-model/node_modules/tsx/dist/cli.mjs scripts/event-model/render-drawio.ts --check
check-drawio: docs/event-model/model.yaml has no slices yet — nothing to check.

verify: all gates passed
created: /tmp/tmpo_r09odc/verify-java-quarkus-postgres
cd apps/service && ./mvnw -B -q -DskipTests compile checkstyle:check pmd:check spotbugs:check
cd apps/service && ./mvnw -B -q -DskipTests test-compile
python3 scripts/check-imports.py
check-imports: inward dependency rule holds (121 directory entries read)
python3 scripts/check-migrations.py
check-migrations: every migration is additive, or a marked contraction of an earlier one; Go migrate images embed their .sql files (121 directory entries read)
python3 scripts/check-slice-scope.py
check-slice-scope: on `main`, not a `slice/<id>` branch — nothing to hold
python3 scripts/extensions/project.py --check
check-extensions: no extension elected; nothing to project
python3 scripts/agents/project.py --check
check-agents: not initialized; no projections expected yet
python3 scripts/agents/models.py --check && python3 scripts/agents/drive.py --check && python3 scripts/agents/cruise.py --check
check-models: .specify/models.json names 17 stage(s) and 6 harness(es)
check-drive: .specify/drive.json delegates per story and cycles per rule
check-cruise: .specify/cruise.json is well-formed; /cruise is not enabled
python3 scripts/check-speckit.py
check-speckit: not initialized; nothing managed yet, 1 preset(s) valid
python3 scripts/check-codegraph.py
check-codegraph: no .codegraph/ — this project carries no code index; nothing to check
python3 scripts/check-ux-gates.py
check-ux-gates: not adopted (./init --extension ux-gates); nothing to check
python3 scripts/check-constitution.py
check-constitution: no constitution ratified yet; run /speckit-constitution (scripts/check-constitution.py --requirements prints what it must cover)
python3 scripts/test_benchmark.py && python3 scripts/agents/benchmark.py check
check-benchmark: 2 boundary and rendering checks pass
check-benchmark: no record and no done slice yet — nothing to hold
python3 scripts/check-decisions.py
check-decisions: no decisions.md or demo-log.md under specs/ — nothing recorded yet
cd apps/service && ./mvnw -B -q test
2026-10-05 02:27:44,165 INFO  [io.quarkus] (main) verify-java-quarkus-postgres-service 0.1.0-SNAPSHOT on JVM (powered by Quarkus 3.33.3) started in 2.585s. Listening on: http://0.0.0.0:37733
2026-10-05 02:27:44,166 INFO  [io.quarkus] (main) Profile test activated. 
2026-10-05 02:27:44,166 INFO  [io.quarkus] (main) Installed features: [agroal, cdi, flyway, jacoco, jdbc-postgresql, narayana-jta, oidc, rest, rest-jackson, scheduler, security, smallrye-context-propagation, smallrye-health, vertx]
2026-10-05 02:27:45,221 INFO  [io.quarkus] (main) verify-java-quarkus-postgres-service stopped in 0.012s
python3 scripts/event-model/check.py
check-model: valid
npm --prefix scripts/event-model ci --no-audit --no-fund --loglevel=error

added 5 packages in 321ms
node scripts/event-model/node_modules/tsx/dist/cli.mjs scripts/event-model/render-drawio.ts --check
check-drawio: docs/event-model/model.yaml has no slices yet — nothing to check.

verify: all gates passed
created: /tmp/tmpo_r09odc/verify-java-spring-sqlite
cd apps/service && ./mvnw -B -q -DskipTests compile checkstyle:check pmd:check spotbugs:check
cd apps/service && ./mvnw -B -q -DskipTests test-compile
python3 scripts/check-imports.py
check-imports: inward dependency rule holds (104 directory entries read)
python3 scripts/check-migrations.py
check-migrations: every migration is additive, or a marked contraction of an earlier one; Go migrate images embed their .sql files (104 directory entries read)
python3 scripts/check-slice-scope.py
check-slice-scope: on `main`, not a `slice/<id>` branch — nothing to hold
python3 scripts/extensions/project.py --check
check-extensions: no extension elected; nothing to project
python3 scripts/agents/project.py --check
check-agents: not initialized; no projections expected yet
python3 scripts/agents/models.py --check && python3 scripts/agents/drive.py --check && python3 scripts/agents/cruise.py --check
check-models: .specify/models.json names 17 stage(s) and 6 harness(es)
check-drive: .specify/drive.json delegates per story and cycles per rule
check-cruise: .specify/cruise.json is well-formed; /cruise is not enabled
python3 scripts/check-speckit.py
check-speckit: not initialized; nothing managed yet, 1 preset(s) valid
python3 scripts/check-codegraph.py
check-codegraph: no .codegraph/ — this project carries no code index; nothing to check
python3 scripts/check-ux-gates.py
check-ux-gates: not adopted (./init --extension ux-gates); nothing to check
python3 scripts/check-constitution.py
check-constitution: no constitution ratified yet; run /speckit-constitution (scripts/check-constitution.py --requirements prints what it must cover)
python3 scripts/test_benchmark.py && python3 scripts/agents/benchmark.py check
check-benchmark: 2 boundary and rendering checks pass
check-benchmark: no record and no done slice yet — nothing to hold
python3 scripts/check-decisions.py
check-decisions: no decisions.md or demo-log.md under specs/ — nothing recorded yet
cd apps/service && ./mvnw -B -q test
02:28:10.468 [main] INFO org.springframework.test.context.support.AnnotationConfigContextLoaderUtils -- Could not detect default configuration classes for test class [com.example.verifyjavaspringsqlite.adapters.driving.http.HttpAppTest]: HttpAppTest does not declare any static, non-private, non-final, nested classes annotated with @Configuration.
02:28:10.580 [main] INFO org.springframework.boot.test.context.SpringBootTestContextBootstrapper -- Found @SpringBootConfiguration com.example.verifyjavaspringsqlite.ServiceApplication for test class com.example.verifyjavaspringsqlite.adapters.driving.http.HttpAppTest
02:28:10.673 [main] INFO org.springframework.test.context.support.AnnotationConfigContextLoaderUtils -- Could not detect default configuration classes for test class [com.example.verifyjavaspringsqlite.adapters.driving.http.HttpAppTest]: HttpAppTest does not declare any static, non-private, non-final, nested classes annotated with @Configuration.
02:28:10.675 [main] INFO org.springframework.boot.test.context.SpringBootTestContextBootstrapper -- Found @SpringBootConfiguration com.example.verifyjavaspringsqlite.ServiceApplication for test class com.example.verifyjavaspringsqlite.adapters.driving.http.HttpAppTest
2026-10-05T02:28:10.993-05:00  INFO 1488707 --- [verify-java-spring-sqlite-service] [           main] c.e.v.adapters.driving.http.HttpAppTest  : Starting HttpAppTest using Java 25.0.4.1 with PID 1488707 (started by noahc in /tmp/tmpo_r09odc/verify-java-spring-sqlite/apps/service)
2026-10-05T02:28:10.994-05:00  INFO 1488707 --- [verify-java-spring-sqlite-service] [           main] c.e.v.adapters.driving.http.HttpAppTest  : No active profile set, falling back to 1 default profile: "default"
2026-10-05T02:28:12.411-05:00  INFO 1488707 --- [verify-java-spring-sqlite-service] [           main] o.s.b.t.m.w.SpringBootMockServletContext : Initializing Spring TestDispatcherServlet ''
2026-10-05T02:28:12.411-05:00  INFO 1488707 --- [verify-java-spring-sqlite-service] [           main] o.s.t.web.servlet.TestDispatcherServlet  : Initializing Servlet ''
2026-10-05T02:28:12.422-05:00  INFO 1488707 --- [verify-java-spring-sqlite-service] [           main] o.s.b.a.e.web.EndpointLinksResolver      : Exposing 1 endpoint beneath base path ''
2026-10-05T02:28:12.427-05:00  INFO 1488707 --- [verify-java-spring-sqlite-service] [           main] o.s.t.web.servlet.TestDispatcherServlet  : Completed initialization in 16 ms
2026-10-05T02:28:12.527-05:00  INFO 1488707 --- [verify-java-spring-sqlite-service] [           main] c.e.v.adapters.driving.http.HttpAppTest  : Started HttpAppTest in 1.804 seconds (process running for 3.083)
Mockito is currently self-attaching to enable the inline-mock-maker. This will no longer work in future releases of the JDK. Please add Mockito as an agent to your build as described in Mockito's documentation: https://javadoc.io/doc/org.mockito/mockito-core/latest/org.mockito/org/mockito/Mockito.html#0.3
OpenJDK 64-Bit Server VM warning: Sharing is only supported for boot loader classes because bootstrap classpath has been appended
WARNING: A Java agent has been loaded dynamically (/home/noahc/.m2/repository/net/bytebuddy/byte-buddy-agent/1.18.11/byte-buddy-agent-1.18.11.jar)
WARNING: If a serviceability tool is in use, please run with -XX:+EnableDynamicAgentLoading to hide this warning
WARNING: If a serviceability tool is not in use, please run with -Djdk.instrument.traceUsage for more information
WARNING: Dynamic loading of agents will be disallowed by default in a future release
2026-10-05T02:28:13.089-05:00  WARN 1488707 --- [verify-java-spring-sqlite-service] [           main] o.s.web.servlet.PageNotFound             : No mapping for GET /orders/tok-live-abc123
2026-10-05T02:28:13.236-05:00  WARN 1488707 --- [verify-java-spring-sqlite-service] [           main] o.s.web.servlet.PageNotFound             : No mapping for POST /orders/tok-live-abc123
WARNING: A restricted method in java.lang.System has been called
WARNING: java.lang.System::load has been called by org.sqlite.SQLiteJDBCLoader in an unnamed module (file:/home/noahc/.m2/repository/org/xerial/sqlite-jdbc/3.53.2.1/sqlite-jdbc-3.53.2.1.jar)
WARNING: Use --enable-native-access=ALL-UNNAMED to avoid a warning for callers in this module
WARNING: Restricted methods will be blocked in a future release unless native access is enabled

python3 scripts/event-model/check.py
check-model: valid
npm --prefix scripts/event-model ci --no-audit --no-fund --loglevel=error

added 5 packages in 308ms
node scripts/event-model/node_modules/tsx/dist/cli.mjs scripts/event-model/render-drawio.ts --check
check-drawio: docs/event-model/model.yaml has no slices yet — nothing to check.

verify: all gates passed
created: /tmp/tmpo_r09odc/verify-java-spring-postgres
cd apps/service && ./mvnw -B -q -DskipTests compile checkstyle:check pmd:check spotbugs:check
cd apps/service && ./mvnw -B -q -DskipTests test-compile
python3 scripts/check-imports.py
check-imports: inward dependency rule holds (123 directory entries read)
python3 scripts/check-migrations.py
check-migrations: every migration is additive, or a marked contraction of an earlier one; Go migrate images embed their .sql files (123 directory entries read)
python3 scripts/check-slice-scope.py
check-slice-scope: on `main`, not a `slice/<id>` branch — nothing to hold
python3 scripts/extensions/project.py --check
check-extensions: no extension elected; nothing to project
python3 scripts/agents/project.py --check
check-agents: not initialized; no projections expected yet
python3 scripts/agents/models.py --check && python3 scripts/agents/drive.py --check && python3 scripts/agents/cruise.py --check
check-models: .specify/models.json names 17 stage(s) and 6 harness(es)
check-drive: .specify/drive.json delegates per story and cycles per rule
check-cruise: .specify/cruise.json is well-formed; /cruise is not enabled
python3 scripts/check-speckit.py
check-speckit: not initialized; nothing managed yet, 1 preset(s) valid
python3 scripts/check-codegraph.py
check-codegraph: no .codegraph/ — this project carries no code index; nothing to check
python3 scripts/check-ux-gates.py
check-ux-gates: not adopted (./init --extension ux-gates); nothing to check
python3 scripts/check-constitution.py
check-constitution: no constitution ratified yet; run /speckit-constitution (scripts/check-constitution.py --requirements prints what it must cover)
python3 scripts/test_benchmark.py && python3 scripts/agents/benchmark.py check
check-benchmark: 2 boundary and rendering checks pass
check-benchmark: no record and no done slice yet — nothing to hold
python3 scripts/check-decisions.py
check-decisions: no decisions.md or demo-log.md under specs/ — nothing recorded yet
cd apps/service && ./mvnw -B -q test
02:28:39.530 [main] INFO org.springframework.test.context.support.AnnotationConfigContextLoaderUtils -- Could not detect default configuration classes for test class [com.example.verifyjavaspringpostgres.adapters.driving.http.HttpAppTest]: HttpAppTest does not declare any static, non-private, non-final, nested classes annotated with @Configuration.
02:28:39.663 [main] INFO org.springframework.boot.test.context.SpringBootTestContextBootstrapper -- Found @SpringBootConfiguration com.example.verifyjavaspringpostgres.ServiceApplication for test class com.example.verifyjavaspringpostgres.adapters.driving.http.HttpAppTest
02:28:39.748 [main] INFO org.springframework.test.context.support.AnnotationConfigContextLoaderUtils -- Could not detect default configuration classes for test class [com.example.verifyjavaspringpostgres.adapters.driving.http.HttpAppTest]: HttpAppTest does not declare any static, non-private, non-final, nested classes annotated with @Configuration.
02:28:39.750 [main] INFO org.springframework.boot.test.context.SpringBootTestContextBootstrapper -- Found @SpringBootConfiguration com.example.verifyjavaspringpostgres.ServiceApplication for test class com.example.verifyjavaspringpostgres.adapters.driving.http.HttpAppTest
2026-10-05T02:28:40.020-05:00  INFO 1490165 --- [verify-java-spring-postgres-service] [           main] c.e.v.adapters.driving.http.HttpAppTest  : Starting HttpAppTest using Java 25.0.4.1 with PID 1490165 (started by noahc in /tmp/tmpo_r09odc/verify-java-spring-postgres/apps/service)
2026-10-05T02:28:40.021-05:00  INFO 1490165 --- [verify-java-spring-postgres-service] [           main] c.e.v.adapters.driving.http.HttpAppTest  : No active profile set, falling back to 1 default profile: "default"
2026-10-05T02:28:41.606-05:00  INFO 1490165 --- [verify-java-spring-postgres-service] [           main] o.s.b.t.m.w.SpringBootMockServletContext : Initializing Spring TestDispatcherServlet ''
2026-10-05T02:28:41.606-05:00  INFO 1490165 --- [verify-java-spring-postgres-service] [           main] o.s.t.web.servlet.TestDispatcherServlet  : Initializing Servlet ''
2026-10-05T02:28:41.617-05:00  INFO 1490165 --- [verify-java-spring-postgres-service] [           main] o.s.b.a.e.web.EndpointLinksResolver      : Exposing 1 endpoint beneath base path ''
2026-10-05T02:28:41.623-05:00  INFO 1490165 --- [verify-java-spring-postgres-service] [           main] o.s.t.web.servlet.TestDispatcherServlet  : Completed initialization in 17 ms
2026-10-05T02:28:41.746-05:00  INFO 1490165 --- [verify-java-spring-postgres-service] [           main] c.e.v.adapters.driving.http.HttpAppTest  : Started HttpAppTest in 1.949 seconds (process running for 3.279)
Mockito is currently self-attaching to enable the inline-mock-maker. This will no longer work in future releases of the JDK. Please add Mockito as an agent to your build as described in Mockito's documentation: https://javadoc.io/doc/org.mockito/mockito-core/latest/org.mockito/org/mockito/Mockito.html#0.3
WARNING: A Java agent has been loaded dynamically (/home/noahc/.m2/repository/net/bytebuddy/byte-buddy-agent/1.18.11/byte-buddy-agent-1.18.11.jar)
WARNING: If a serviceability tool is in use, please run with -XX:+EnableDynamicAgentLoading to hide this warning
WARNING: If a serviceability tool is not in use, please run with -Djdk.instrument.traceUsage for more information
WARNING: Dynamic loading of agents will be disallowed by default in a future release
OpenJDK 64-Bit Server VM warning: Sharing is only supported for boot loader classes because bootstrap classpath has been appended
2026-10-05T02:28:42.376-05:00  WARN 1490165 --- [verify-java-spring-postgres-service] [           main] o.s.web.servlet.PageNotFound             : No mapping for GET /orders/tok-live-abc123
2026-10-05T02:28:42.523-05:00  WARN 1490165 --- [verify-java-spring-postgres-service] [           main] o.s.web.servlet.PageNotFound             : No mapping for POST /orders/tok-live-abc123
python3 scripts/event-model/check.py
check-model: valid
npm --prefix scripts/event-model ci --no-audit --no-fund --loglevel=error

added 5 packages in 314ms
node scripts/event-model/node_modules/tsx/dist/cli.mjs scripts/event-model/render-drawio.ts --check
check-drawio: docs/event-model/model.yaml has no slices yet — nothing to check.

verify: all gates passed
created: /tmp/tmpo_r09odc/verify-production-event-modelling-typescript
npm ci

added 180 packages, and audited 182 packages in 2s

60 packages are looking for funding
  run `npm fund` for details

1 high severity vulnerability

To address all issues, run:
  npm audit fix --force

Run `npm audit` for details.
npm --workspace apps/service run lint

> verify-production-event-modelling-typescript-service@0.1.0 lint
> biome check --error-on-warnings

Checked 37 files in 19ms. No fixes applied.
npm --workspace apps/service run typecheck

> verify-production-event-modelling-typescript-service@0.1.0 typecheck
> tsc --noEmit

python3 scripts/check-imports.py
check-imports: inward dependency rule holds (58 directory entries read)
python3 scripts/check-migrations.py
check-migrations: every migration is additive, or a marked contraction of an earlier one; Go migrate images embed their .sql files (58 directory entries read)
python3 scripts/check-slice-scope.py
check-slice-scope: on `main`, not a `slice/<id>` branch — nothing to hold
python3 scripts/extensions/project.py --check
check-extensions: no extension elected; nothing to project
python3 scripts/agents/project.py --check
check-agents: not initialized; no projections expected yet
python3 scripts/agents/models.py --check && python3 scripts/agents/drive.py --check && python3 scripts/agents/cruise.py --check
check-models: .specify/models.json names 17 stage(s) and 6 harness(es)
check-drive: .specify/drive.json delegates per story and cycles per rule
check-cruise: .specify/cruise.json is well-formed; /cruise is not enabled
python3 scripts/check-speckit.py
check-speckit: not initialized; nothing managed yet, 1 preset(s) valid
python3 scripts/check-codegraph.py
check-codegraph: no .codegraph/ — this project carries no code index; nothing to check
python3 scripts/check-ux-gates.py
check-ux-gates: not adopted (./init --extension ux-gates); nothing to check
python3 scripts/check-constitution.py
check-constitution: no constitution ratified yet; run /speckit-constitution (scripts/check-constitution.py --requirements prints what it must cover)
python3 scripts/test_benchmark.py && python3 scripts/agents/benchmark.py check
check-benchmark: 2 boundary and rendering checks pass
check-benchmark: no record and no done slice yet — nothing to hold
python3 scripts/check-decisions.py
check-decisions: no decisions.md or demo-log.md under specs/ — nothing recorded yet
npm --workspace apps/service test

> verify-production-event-modelling-typescript-service@0.1.0 test
> vitest run


 RUN  v4.1.11 /tmp/tmpo_r09odc/verify-production-event-modelling-typescript/apps/service


 Test Files  9 passed (9)
      Tests  108 passed (108)
   Start at  02:28:48
   Duration  794ms (transform 443ms, setup 0ms, import 1.21s, tests 611ms, environment 1ms)

python3 scripts/event-model/check.py
check-model: valid
npm --prefix scripts/event-model ci --no-audit --no-fund --loglevel=error

added 5 packages in 302ms
node scripts/event-model/node_modules/tsx/dist/cli.mjs scripts/event-model/render-drawio.ts --check
check-drawio: docs/event-model/model.yaml has no slices yet — nothing to check.
python3 scripts/check-flags.py
check-flags: no flag is declared yet (infra/service/flags.auto.tfvars is where the first one goes)
python3 scripts/check-deploy-role.py
check-deploy-role: 8 IAM resource(s) in infra/service/, each within the deploy role's grants

verify: all gates passed
created: /tmp/tmpo_r09odc/verify-production-event-modelling-python
./scripts/verify --install-only
./scripts/verify --lint-only --synced
All checks passed!
35 files already formatted
./scripts/verify --typecheck-only --synced
Success: no issues found in 33 source files
python3 scripts/check-imports.py
check-imports: inward dependency rule holds (90 directory entries read)
python3 scripts/check-migrations.py
check-migrations: every migration is additive, or a marked contraction of an earlier one; Go migrate images embed their .sql files (90 directory entries read)
python3 scripts/check-slice-scope.py
check-slice-scope: on `main`, not a `slice/<id>` branch — nothing to hold
python3 scripts/extensions/project.py --check
check-extensions: no extension elected; nothing to project
python3 scripts/agents/project.py --check
check-agents: not initialized; no projections expected yet
python3 scripts/agents/models.py --check && python3 scripts/agents/drive.py --check && python3 scripts/agents/cruise.py --check
check-models: .specify/models.json names 17 stage(s) and 6 harness(es)
check-drive: .specify/drive.json delegates per story and cycles per rule
check-cruise: .specify/cruise.json is well-formed; /cruise is not enabled
python3 scripts/check-speckit.py
check-speckit: not initialized; nothing managed yet, 1 preset(s) valid
python3 scripts/check-codegraph.py
check-codegraph: no .codegraph/ — this project carries no code index; nothing to check
python3 scripts/check-ux-gates.py
check-ux-gates: not adopted (./init --extension ux-gates); nothing to check
python3 scripts/check-constitution.py
check-constitution: no constitution ratified yet; run /speckit-constitution (scripts/check-constitution.py --requirements prints what it must cover)
python3 scripts/test_benchmark.py && python3 scripts/agents/benchmark.py check
check-benchmark: 2 boundary and rendering checks pass
check-benchmark: no record and no done slice yet — nothing to hold
python3 scripts/check-decisions.py
check-decisions: no decisions.md or demo-log.md under specs/ — nothing recorded yet
./scripts/verify --test-only --synced
============================= test session starts ==============================
platform linux -- Python 3.14.4, pytest-9.1.1, pluggy-1.6.0
rootdir: /tmp/tmpo_r09odc/verify-production-event-modelling-python/apps/service
configfile: pyproject.toml
plugins: xdist-3.8.0, anyio-4.15.1
created: 4/4 workers
4 workers [105 items]

........................................................................ [ 68%]
.................................                                        [100%]
=============================== warnings summary ===============================
apps/service/.venv/lib/python3.14/site-packages/fastapi/testclient.py:1
apps/service/.venv/lib/python3.14/site-packages/fastapi/testclient.py:1
apps/service/.venv/lib/python3.14/site-packages/fastapi/testclient.py:1
apps/service/.venv/lib/python3.14/site-packages/fastapi/testclient.py:1
  /tmp/tmpo_r09odc/verify-production-event-modelling-python/apps/service/.venv/lib/python3.14/site-packages/fastapi/testclient.py:1: StarletteDeprecationWarning: Using `httpx` with `starlette.testclient` is deprecated; install `httpx2` instead.
    from starlette.testclient import TestClient as TestClient  # noqa

apps/service/.venv/lib/python3.14/site-packages/starlette/testclient.py:53
apps/service/.venv/lib/python3.14/site-packages/starlette/testclient.py:53
apps/service/.venv/lib/python3.14/site-packages/starlette/testclient.py:53
apps/service/.venv/lib/python3.14/site-packages/starlette/testclient.py:53
  /tmp/tmpo_r09odc/verify-production-event-modelling-python/apps/service/.venv/lib/python3.14/site-packages/starlette/testclient.py:53: DeprecationWarning: The anyio.abc.BlockingPortal alias is deprecated, use anyio.from_thread.BlockingPortal instead.
    _PortalFactoryType = Callable[[], AbstractContextManager[anyio.abc.BlockingPortal]]

-- Docs: https://docs.pytest.org/en/stable/how-to/capture-warnings.html
======================= 105 passed, 8 warnings in 1.45s ========================
python3 scripts/event-model/check.py
check-model: valid
npm --prefix scripts/event-model ci --no-audit --no-fund --loglevel=error

added 5 packages in 308ms
node scripts/event-model/node_modules/tsx/dist/cli.mjs scripts/event-model/render-drawio.ts --check
check-drawio: docs/event-model/model.yaml has no slices yet — nothing to check.
python3 scripts/check-flags.py
check-flags: no flag is declared yet (infra/service/flags.auto.tfvars is where the first one goes)
python3 scripts/check-deploy-role.py
check-deploy-role: 8 IAM resource(s) in infra/service/, each within the deploy role's grants

verify: all gates passed
created: /tmp/tmpo_r09odc/verify-production-event-modelling-go
test -z "$(gofmt -l apps/service)"
cd apps/service && go vet ./...
cd apps/service && go tool staticcheck ./...
cd apps/service && go test -run '^$' ./...
ok  	example.com/verify-production-event-modelling-go/service/adapters/driven/checkpointstorememory	0.002s [no tests to run]
?   	example.com/verify-production-event-modelling-go/service/adapters/driven/checkpointstorepostgres	[no test files]
ok  	example.com/verify-production-event-modelling-go/service/adapters/driven/eventstorememory	0.002s [no tests to run]
?   	example.com/verify-production-event-modelling-go/service/adapters/driven/eventstorepostgres	[no test files]
ok  	example.com/verify-production-event-modelling-go/service/adapters/driving/http	0.002s [no tests to run]
ok  	example.com/verify-production-event-modelling-go/service/adapters/driving/http/auth/oidckeycloak	0.001s [no tests to run]
?   	example.com/verify-production-event-modelling-go/service/application/ports/events	[no test files]
?   	example.com/verify-production-event-modelling-go/service/application/ports/readmodels	[no test files]
?   	example.com/verify-production-event-modelling-go/service/checkpointstorecontract	[no test files]
ok  	example.com/verify-production-event-modelling-go/service/cmd/migrate	0.002s [no tests to run]
?   	example.com/verify-production-event-modelling-go/service/cmd/serve	[no test files]
ok  	example.com/verify-production-event-modelling-go/service/config	0.002s [no tests to run]
?   	example.com/verify-production-event-modelling-go/service/eventstorecontract	[no test files]
ok  	example.com/verify-production-event-modelling-go/service/flags	0.002s [no tests to run]
ok  	example.com/verify-production-event-modelling-go/service/health	0.002s [no tests to run]
?   	example.com/verify-production-event-modelling-go/service/migrations	[no test files]
ok  	example.com/verify-production-event-modelling-go/service/observability	0.003s [no tests to run]
ok  	example.com/verify-production-event-modelling-go/service/projections	0.001s [no tests to run]
python3 scripts/check-imports.py
check-imports: inward dependency rule holds (74 directory entries read)
python3 scripts/check-migrations.py
check-migrations: every migration is additive, or a marked contraction of an earlier one; Go migrate images embed their .sql files (74 directory entries read)
python3 scripts/check-slice-scope.py
check-slice-scope: on `main`, not a `slice/<id>` branch — nothing to hold
python3 scripts/extensions/project.py --check
check-extensions: no extension elected; nothing to project
python3 scripts/agents/project.py --check
check-agents: not initialized; no projections expected yet
python3 scripts/agents/models.py --check && python3 scripts/agents/drive.py --check && python3 scripts/agents/cruise.py --check
check-models: .specify/models.json names 17 stage(s) and 6 harness(es)
check-drive: .specify/drive.json delegates per story and cycles per rule
check-cruise: .specify/cruise.json is well-formed; /cruise is not enabled
python3 scripts/check-speckit.py
check-speckit: not initialized; nothing managed yet, 1 preset(s) valid
python3 scripts/check-codegraph.py
check-codegraph: no .codegraph/ — this project carries no code index; nothing to check
python3 scripts/check-ux-gates.py
check-ux-gates: not adopted (./init --extension ux-gates); nothing to check
python3 scripts/check-constitution.py
check-constitution: no constitution ratified yet; run /speckit-constitution (scripts/check-constitution.py --requirements prints what it must cover)
python3 scripts/test_benchmark.py && python3 scripts/agents/benchmark.py check
check-benchmark: 2 boundary and rendering checks pass
check-benchmark: no record and no done slice yet — nothing to hold
python3 scripts/check-decisions.py
check-decisions: no decisions.md or demo-log.md under specs/ — nothing recorded yet
go tool covdata percent -i=. >/dev/null 2>&1 || true
cd apps/service && go test -coverpkg=./... -coverprofile=coverage.out ./...
ok  	example.com/verify-production-event-modelling-go/service/adapters/driven/checkpointstorememory	0.005s	coverage: 15.5% of statements in ./...
	example.com/verify-production-event-modelling-go/service/adapters/driven/checkpointstorepostgres		coverage: 0.0% of statements
ok  	example.com/verify-production-event-modelling-go/service/adapters/driven/eventstorememory	0.004s	coverage: 39.3% of statements in ./...
	example.com/verify-production-event-modelling-go/service/adapters/driven/eventstorepostgres		coverage: 0.0% of statements
ok  	example.com/verify-production-event-modelling-go/service/adapters/driving/http	0.010s	coverage: 4.5% of statements in ./...
ok  	example.com/verify-production-event-modelling-go/service/adapters/driving/http/auth/oidckeycloak	0.010s	coverage: 1.1% of statements in ./...
	example.com/verify-production-event-modelling-go/service/application/ports/events		coverage: 0.0% of statements
?   	example.com/verify-production-event-modelling-go/service/application/ports/readmodels	[no test files]
	example.com/verify-production-event-modelling-go/service/checkpointstorecontract		coverage: 0.0% of statements
ok  	example.com/verify-production-event-modelling-go/service/cmd/migrate	0.010s	coverage: 0.5% of statements in ./...
	example.com/verify-production-event-modelling-go/service/cmd/serve		coverage: 0.0% of statements
ok  	example.com/verify-production-event-modelling-go/service/config	0.016s	coverage: 1.9% of statements in ./...
	example.com/verify-production-event-modelling-go/service/eventstorecontract		coverage: 0.0% of statements
ok  	example.com/verify-production-event-modelling-go/service/flags	0.016s	coverage: 1.7% of statements in ./...
ok  	example.com/verify-production-event-modelling-go/service/health	0.015s	coverage: 0.1% of statements in ./...
?   	example.com/verify-production-event-modelling-go/service/migrations	[no test files]
ok  	example.com/verify-production-event-modelling-go/service/observability	0.004s	coverage: 1.4% of statements in ./...
ok  	example.com/verify-production-event-modelling-go/service/projections	0.960s	coverage: 10.6% of statements in ./...
python3 scripts/go-coverage.py apps/service 70
  example.com/verify-production-event-modelling-go/service/adapters/driven/checkpointstorememory     100.0%  (11/11 statements)
  example.com/verify-production-event-modelling-go/service/adapters/driven/eventstorememory           98.8%  (167/169 statements)
  example.com/verify-production-event-modelling-go/service/adapters/driving/http                      94.2%  (81/86 statements)
  example.com/verify-production-event-modelling-go/service/adapters/driving/http/auth/oidckeycloak   100.0%  (20/20 statements)
  example.com/verify-production-event-modelling-go/service/application/ports/events                   96.4%  (27/28 statements)
  example.com/verify-production-event-modelling-go/service/checkpointstorecontract                    86.9%  (186/214 statements)
  example.com/verify-production-event-modelling-go/service/config                                     94.6%  (35/37 statements)
  example.com/verify-production-event-modelling-go/service/eventstorecontract                         86.3%  (536/621 statements)
  example.com/verify-production-event-modelling-go/service/flags                                      96.8%  (30/31 statements)
  example.com/verify-production-event-modelling-go/service/health                                    100.0%  (1/1 statements)
  example.com/verify-production-event-modelling-go/service/observability                              89.7%  (26/29 statements)
  example.com/verify-production-event-modelling-go/service/projections                                91.5%  (86/94 statements)
  example.com/verify-production-event-modelling-go/service/adapters/driven/checkpointstorepostgres  not counted: tests run under make test-integration
  example.com/verify-production-event-modelling-go/service/adapters/driven/eventstorepostgres       not counted: tests run under make test-integration
  example.com/verify-production-event-modelling-go/service/cmd/migrate                              not counted: entry point
  example.com/verify-production-event-modelling-go/service/cmd/serve                                not counted: entry point
coverage: 89.9% of 1341 statements, at or above the 70% minimum
python3 scripts/event-model/check.py
check-model: valid
npm --prefix scripts/event-model ci --no-audit --no-fund --loglevel=error

added 5 packages in 311ms
node scripts/event-model/node_modules/tsx/dist/cli.mjs scripts/event-model/render-drawio.ts --check
check-drawio: docs/event-model/model.yaml has no slices yet — nothing to check.
python3 scripts/check-flags.py
check-flags: no flag is declared yet (infra/service/flags.auto.tfvars is where the first one goes)
python3 scripts/check-deploy-role.py
check-deploy-role: 8 IAM resource(s) in infra/service/, each within the deploy role's grants

verify: all gates passed
created: /tmp/tmpo_r09odc/verify-production-event-modelling-java-quarkus
cd apps/service && ./mvnw -B -q -DskipTests compile checkstyle:check pmd:check spotbugs:check
cd apps/service && ./mvnw -B -q -DskipTests test-compile
python3 scripts/check-imports.py
check-imports: inward dependency rule holds (121 directory entries read)
python3 scripts/check-migrations.py
check-migrations: every migration is additive, or a marked contraction of an earlier one; Go migrate images embed their .sql files (121 directory entries read)
python3 scripts/check-slice-scope.py
check-slice-scope: on `main`, not a `slice/<id>` branch — nothing to hold
python3 scripts/extensions/project.py --check
check-extensions: no extension elected; nothing to project
python3 scripts/agents/project.py --check
check-agents: not initialized; no projections expected yet
python3 scripts/agents/models.py --check && python3 scripts/agents/drive.py --check && python3 scripts/agents/cruise.py --check
check-models: .specify/models.json names 17 stage(s) and 6 harness(es)
check-drive: .specify/drive.json delegates per story and cycles per rule
check-cruise: .specify/cruise.json is well-formed; /cruise is not enabled
python3 scripts/check-speckit.py
check-speckit: not initialized; nothing managed yet, 1 preset(s) valid
python3 scripts/check-codegraph.py
check-codegraph: no .codegraph/ — this project carries no code index; nothing to check
python3 scripts/check-ux-gates.py
check-ux-gates: not adopted (./init --extension ux-gates); nothing to check
python3 scripts/check-constitution.py
check-constitution: no constitution ratified yet; run /speckit-constitution (scripts/check-constitution.py --requirements prints what it must cover)
python3 scripts/test_benchmark.py && python3 scripts/agents/benchmark.py check
check-benchmark: 2 boundary and rendering checks pass
check-benchmark: no record and no done slice yet — nothing to hold
python3 scripts/check-decisions.py
check-decisions: no decisions.md or demo-log.md under specs/ — nothing recorded yet
cd apps/service && ./mvnw -B -q test
2026-10-05 02:29:29,226 INFO  [io.quarkus] (main) verify-production-event-modelling-java-quarkus-service 0.1.0-SNAPSHOT on JVM (powered by Quarkus 3.33.3) started in 2.642s. Listening on: http://0.0.0.0:39937
2026-10-05 02:29:29,227 INFO  [io.quarkus] (main) Profile test activated. 
2026-10-05 02:29:29,227 INFO  [io.quarkus] (main) Installed features: [agroal, cdi, flyway, jacoco, jdbc-postgresql, narayana-jta, oidc, rest, rest-jackson, scheduler, security, smallrye-context-propagation, smallrye-health, vertx]
2026-10-05 02:29:30,292 INFO  [io.quarkus] (main) verify-production-event-modelling-java-quarkus-service stopped in 0.013s
python3 scripts/event-model/check.py
check-model: valid
npm --prefix scripts/event-model ci --no-audit --no-fund --loglevel=error

added 5 packages in 312ms
node scripts/event-model/node_modules/tsx/dist/cli.mjs scripts/event-model/render-drawio.ts --check
check-drawio: docs/event-model/model.yaml has no slices yet — nothing to check.
python3 scripts/check-flags.py
check-flags: no flag is declared yet (infra/service/flags.auto.tfvars is where the first one goes)
python3 scripts/check-deploy-role.py
check-deploy-role: 8 IAM resource(s) in infra/service/, each within the deploy role's grants

verify: all gates passed
created: /tmp/tmpo_r09odc/verify-production-event-modelling-java-spring
cd apps/service && ./mvnw -B -q -DskipTests compile checkstyle:check pmd:check spotbugs:check
cd apps/service && ./mvnw -B -q -DskipTests test-compile
python3 scripts/check-imports.py
check-imports: inward dependency rule holds (123 directory entries read)
python3 scripts/check-migrations.py
check-migrations: every migration is additive, or a marked contraction of an earlier one; Go migrate images embed their .sql files (123 directory entries read)
python3 scripts/check-slice-scope.py
check-slice-scope: on `main`, not a `slice/<id>` branch — nothing to hold
python3 scripts/extensions/project.py --check
check-extensions: no extension elected; nothing to project
python3 scripts/agents/project.py --check
check-agents: not initialized; no projections expected yet
python3 scripts/agents/models.py --check && python3 scripts/agents/drive.py --check && python3 scripts/agents/cruise.py --check
check-models: .specify/models.json names 17 stage(s) and 6 harness(es)
check-drive: .specify/drive.json delegates per story and cycles per rule
check-cruise: .specify/cruise.json is well-formed; /cruise is not enabled
python3 scripts/check-speckit.py
check-speckit: not initialized; nothing managed yet, 1 preset(s) valid
python3 scripts/check-codegraph.py
check-codegraph: no .codegraph/ — this project carries no code index; nothing to check
python3 scripts/check-ux-gates.py
check-ux-gates: not adopted (./init --extension ux-gates); nothing to check
python3 scripts/check-constitution.py
check-constitution: no constitution ratified yet; run /speckit-constitution (scripts/check-constitution.py --requirements prints what it must cover)
python3 scripts/test_benchmark.py && python3 scripts/agents/benchmark.py check
check-benchmark: 2 boundary and rendering checks pass
check-benchmark: no record and no done slice yet — nothing to hold
python3 scripts/check-decisions.py
check-decisions: no decisions.md or demo-log.md under specs/ — nothing recorded yet
cd apps/service && ./mvnw -B -q test
02:29:56.755 [main] INFO org.springframework.test.context.support.AnnotationConfigContextLoaderUtils -- Could not detect default configuration classes for test class [com.example.verifyproductioneventmodellingjavaspring.adapters.driving.http.HttpAppTest]: HttpAppTest does not declare any static, non-private, non-final, nested classes annotated with @Configuration.
02:29:56.886 [main] INFO org.springframework.boot.test.context.SpringBootTestContextBootstrapper -- Found @SpringBootConfiguration com.example.verifyproductioneventmodellingjavaspring.ServiceApplication for test class com.example.verifyproductioneventmodellingjavaspring.adapters.driving.http.HttpAppTest
02:29:56.979 [main] INFO org.springframework.test.context.support.AnnotationConfigContextLoaderUtils -- Could not detect default configuration classes for test class [com.example.verifyproductioneventmodellingjavaspring.adapters.driving.http.HttpAppTest]: HttpAppTest does not declare any static, non-private, non-final, nested classes annotated with @Configuration.
02:29:56.982 [main] INFO org.springframework.boot.test.context.SpringBootTestContextBootstrapper -- Found @SpringBootConfiguration com.example.verifyproductioneventmodellingjavaspring.ServiceApplication for test class com.example.verifyproductioneventmodellingjavaspring.adapters.driving.http.HttpAppTest
2026-10-05T02:29:57.289-05:00  INFO 1496689 --- [verify-production-event-modelling-java-spring-service] [           main] c.e.v.adapters.driving.http.HttpAppTest  : Starting HttpAppTest using Java 25.0.4.1 with PID 1496689 (started by noahc in /tmp/tmpo_r09odc/verify-production-event-modelling-java-spring/apps/service)
2026-10-05T02:29:57.290-05:00  INFO 1496689 --- [verify-production-event-modelling-java-spring-service] [           main] c.e.v.adapters.driving.http.HttpAppTest  : No active profile set, falling back to 1 default profile: "default"
2026-10-05T02:29:58.882-05:00  INFO 1496689 --- [verify-production-event-modelling-java-spring-service] [           main] o.s.b.t.m.w.SpringBootMockServletContext : Initializing Spring TestDispatcherServlet ''
2026-10-05T02:29:58.882-05:00  INFO 1496689 --- [verify-production-event-modelling-java-spring-service] [           main] o.s.t.web.servlet.TestDispatcherServlet  : Initializing Servlet ''
2026-10-05T02:29:58.893-05:00  INFO 1496689 --- [verify-production-event-modelling-java-spring-service] [           main] o.s.b.a.e.web.EndpointLinksResolver      : Exposing 1 endpoint beneath base path ''
2026-10-05T02:29:58.899-05:00  INFO 1496689 --- [verify-production-event-modelling-java-spring-service] [           main] o.s.t.web.servlet.TestDispatcherServlet  : Completed initialization in 17 ms
2026-10-05T02:29:59.003-05:00  INFO 1496689 --- [verify-production-event-modelling-java-spring-service] [           main] c.e.v.adapters.driving.http.HttpAppTest  : Started HttpAppTest in 1.967 seconds (process running for 3.325)
Mockito is currently self-attaching to enable the inline-mock-maker. This will no longer work in future releases of the JDK. Please add Mockito as an agent to your build as described in Mockito's documentation: https://javadoc.io/doc/org.mockito/mockito-core/latest/org.mockito/org/mockito/Mockito.html#0.3
OpenJDK 64-Bit Server VM warning: Sharing is only supported for boot loader classes because bootstrap classpath has been appended
WARNING: A Java agent has been loaded dynamically (/home/noahc/.m2/repository/net/bytebuddy/byte-buddy-agent/1.18.11/byte-buddy-agent-1.18.11.jar)
WARNING: If a serviceability tool is in use, please run with -XX:+EnableDynamicAgentLoading to hide this warning
WARNING: If a serviceability tool is not in use, please run with -Djdk.instrument.traceUsage for more information
WARNING: Dynamic loading of agents will be disallowed by default in a future release
2026-10-05T02:29:59.629-05:00  WARN 1496689 --- [verify-production-event-modelling-java-spring-service] [           main] o.s.web.servlet.PageNotFound             : No mapping for GET /orders/tok-live-abc123
2026-10-05T02:29:59.763-05:00  WARN 1496689 --- [verify-production-event-modelling-java-spring-service] [           main] o.s.web.servlet.PageNotFound             : No mapping for POST /orders/tok-live-abc123
python3 scripts/event-model/check.py
check-model: valid
npm --prefix scripts/event-model ci --no-audit --no-fund --loglevel=error

added 5 packages in 304ms
node scripts/event-model/node_modules/tsx/dist/cli.mjs scripts/event-model/render-drawio.ts --check
check-drawio: docs/event-model/model.yaml has no slices yet — nothing to check.
python3 scripts/check-flags.py
check-flags: no flag is declared yet (infra/service/flags.auto.tfvars is where the first one goes)
python3 scripts/check-deploy-role.py
check-deploy-role: 8 IAM resource(s) in infra/service/, each within the deploy role's grants

verify: all gates passed
ok
test_a_clean_migration_is_one_commit_the_project_can_undo (test_migrate.MigrateTest.test_a_clean_migration_is_one_commit_the_project_can_undo) ... created: /tmp/tmpn_5jxs_1/product
ok
test_a_conflict_is_left_in_progress_with_the_files_named (test_migrate.MigrateTest.test_a_conflict_is_left_in_progress_with_the_files_named) ... created: /tmp/tmpsdwu_5m3/product
ok
test_a_migration_infers_a_legacy_extension_election_and_refreshes_its_block (test_migrate.MigrateTest.test_a_migration_infers_a_legacy_extension_election_and_refreshes_its_block)
Projects adopted before extension elections were recorded carry only the marker. Migration uses ... created: /tmp/tmpysbiglkh/legacy-extension
ok
test_a_migration_re_derives_the_projections_the_merge_cannot_touch (test_migrate.MigrateTest.test_a_migration_re_derives_the_projections_the_merge_cannot_touch)
The failure this closes, and it was not subtle: the factory writes `skills/` and `commands/`, a ... created: /tmp/tmp0c51j7rt/projected
ok
test_a_project_with_nothing_of_its_own_fast_forwards (test_migrate.MigrateTest.test_a_project_with_nothing_of_its_own_fast_forwards) ... created: /tmp/tmptzw1x9iy/fresh
ok
test_migrate_refuses_a_dirty_tree_and_a_directory_that_is_not_a_project (test_migrate.MigrateTest.test_migrate_refuses_a_dirty_tree_and_a_directory_that_is_not_a_project) ... created: /tmp/tmpn1jxhgvs/dirty
ok
test_migrate_warns_when_a_newer_slipwai_is_published_and_goes_ahead (test_migrate.MigrateTest.test_migrate_warns_when_a_newer_slipwai_is_published_and_goes_ahead) ... created: /tmp/tmptto3vmj7/behind
ok
test_the_catch_up_for_the_ignored_projections_leaves_a_clone_green (test_migrate.MigrateTest.test_the_catch_up_for_the_ignored_projections_leaves_a_clone_green)
The 1.13.0 catch-up tells a project that committed its projections to `git rm -r --cached` the harness ... created: /tmp/tmp29yzry_d/green
ok
test_the_re_derived_projections_stay_out_of_the_commit_the_factory_authored (test_migrate.MigrateTest.test_the_re_derived_projections_stay_out_of_the_commit_the_factory_authored)
The reason the refresh is a separate commit rather than an amend. `replay` finds the base for the ... created: /tmp/tmpfetv_zlz/unamended
ok
test_a_snapshot_generates_from_the_newest_release (test_migration_script.SourceRevisionTest.test_a_snapshot_generates_from_the_newest_release) ... ok
test_no_tags_is_a_mistake_not_a_skip (test_migration_script.SourceRevisionTest.test_no_tags_is_a_mistake_not_a_skip) ... ok
test_the_first_public_snapshot_has_nothing_older_to_migrate_from (test_migration_script.SourceRevisionTest.test_the_first_public_snapshot_has_nothing_older_to_migrate_from) ... ok
test_the_first_release_has_nothing_older_to_migrate_from (test_migration_script.SourceRevisionTest.test_the_first_release_has_nothing_older_to_migrate_from) ... ok
test_the_tagged_commit_generates_from_the_release_before_it (test_migration_script.SourceRevisionTest.test_the_tagged_commit_generates_from_the_release_before_it) ... ok
test_e3_check_drawio_on_a_fresh_clone_runs_npm_ci_and_leaves_the_tree_clean (test_model_install.FreshCloneTest.test_e3_check_drawio_on_a_fresh_clone_runs_npm_ci_and_leaves_the_tree_clean)
AC-S04-47: `npm --prefix scripts/event-model ci …` is the install, and nothing tracked or new remains. ... ok
test_e11_make_install_installs_the_model_tooling_once_and_a_later_gate_does_not (test_model_install.InstallTest.test_e11_make_install_installs_the_model_tooling_once_and_a_later_gate_does_not)
AC-S04-65, -54 (stand-ins): `make install` runs the one `npm ci`; `check-drawio` after it runs none. ... ok
test_e11_a_moved_layout_names_the_moved_marker_for_install (test_model_install.OneRuleTest.test_e11_a_moved_layout_names_the_moved_marker_for_install)
AC-S04-65: under `delivery/` the prerequisite spells the same moved path as the file target. ... ok
test_e11_install_names_the_marker_in_an_event_profile_project_and_only_there (test_model_install.OneRuleTest.test_e11_install_names_the_marker_in_an_event_profile_project_and_only_there)
AC-S04-65: `install` takes the model tooling's marker as a prerequisite; a standard project has none. ... ok
test_e9_a_moved_layout_holds_the_file_target_its_prerequisites_and_the_prefix_together (test_model_install.OneRuleTest.test_e9_a_moved_layout_holds_the_file_target_its_prerequisites_and_the_prefix_together)
AC-S04-53: under `delivery/` the target, both prerequisites and `--prefix` all spell the moved path. ... ok
test_e9_the_makefile_spells_npm_for_the_model_tooling_once_and_it_is_ci (test_model_install.OneRuleTest.test_e9_the_makefile_spells_npm_for_the_model_tooling_once_and_it_is_ci)
AC-S04-53: one recipe names `npm` with `scripts/event-model`, and it is `npm ci`. ... ok
test_e6_a_manifest_that_disagrees_with_the_lock_is_refused_and_no_tracked_file_changes (test_model_install.RealNpmTest.test_e6_a_manifest_that_disagrees_with_the_lock_is_refused_and_no_tracked_file_changes)
AC-S04-50: npm's own `ci` refuses before it fetches; the lock is byte for byte as it was. ... ok
test_e10_after_make_install_the_first_gate_installs_nothing_and_is_recorded (test_model_install_first.FirstGateTest.test_e10_after_make_install_the_first_gate_installs_nothing_and_is_recorded)
AC-S04-54. ... ok
test_e13_with_nothing_installed_the_first_pass_is_unrecorded_the_second_is_and_the_third_reuses (test_model_install_first.FirstGateTest.test_e13_with_nothing_installed_the_first_pass_is_unrecorded_the_second_is_and_the_third_reuses)
AC-S04-64: the stamp's rule stands — a pass during which a covered input moved is not recorded. ... ok
test_e10_after_make_install_the_first_gate_installs_nothing_and_is_recorded (test_model_install_first.TypeScriptFirstGateTest.test_e10_after_make_install_the_first_gate_installs_nothing_and_is_recorded)
AC-S04-54. ... created: /tmp/model-install-typescript-2oj4263z/project
ok
test_e13_with_nothing_installed_the_first_pass_is_unrecorded_the_second_is_and_the_third_reuses (test_model_install_first.TypeScriptFirstGateTest.test_e13_with_nothing_installed_the_first_pass_is_unrecorded_the_second_is_and_the_third_reuses)
AC-S04-64: the stamp's rule stands — a pass during which a covered input moved is not recorded. ... ok
test_e15_an_install_that_does_not_complete_leaves_no_marker_and_the_next_gate_installs (test_model_install_regenerate.InterruptedTest.test_e15_an_install_that_does_not_complete_leaves_no_marker_and_the_next_gate_installs)
AC-S04-78: `npm ci` empties the tree first; with no cache and no network it fails, and nothing vouches. ... ok
test_e14_a_lock_regenerated_on_an_installed_tree_is_installed_from_and_then_matches (test_model_install_regenerate.RegenerateTest.test_e14_a_lock_regenerated_on_an_installed_tree_is_installed_from_and_then_matches)
AC-S04-77: `npm install --package-lock-only` installs nothing, so the next gate must, once. ... ok
test_e12_the_marker_is_newer_than_both_manifests_after_an_install_that_wrote_it_old (test_model_install_skip.MarkerDatedTest.test_e12_the_marker_is_newer_than_both_manifests_after_an_install_that_wrote_it_old)
D91 part 2: the recipe writes the marker, so the next run sees a match. ... ok
test_e8_the_skip_line_is_said_under_j_once_the_tree_is_installed (test_model_install_skip.ParallelTest.test_e8_the_skip_line_is_said_under_j_once_the_tree_is_installed)
AC-S04-55: the line is decided inside the one make invocation, parallel or not. ... ok
test_e8_two_targets_in_parallel_on_a_fresh_clone_install_once_before_either_starts (test_model_install_skip.ParallelTest.test_e8_two_targets_in_parallel_on_a_fresh_clone_install_once_before_either_starts)
AC-S04-52: the stand-in `npm` holds, bounded, for a second call or a `node`; `met` would show either. ... ok
test_e4_an_installed_tree_newer_than_both_manifests_is_not_reinstalled_and_check_drawio_says_so (test_model_install_skip.SkipTest.test_e4_an_installed_tree_newer_than_both_manifests_is_not_reinstalled_and_check_drawio_says_so)
AC-S04-48 and -55, over every starter. ... created: /tmp/model-install-go-b4pl9neq/project
ok
test_e5_touching_either_manifest_installs_again_and_says_no_skip_line (test_model_install_skip.SkipTest.test_e5_touching_either_manifest_installs_again_and_says_no_skip_line)
AC-S04-49, over every starter, both manifests and all four targets. ... ok
test_e7_every_target_installs_on_a_fresh_clone_with_one_ci_and_no_skip_line (test_model_install_skip.SkipTest.test_e7_every_target_installs_on_a_fresh_clone_with_one_ci_and_no_skip_line)
AC-S04-47, -51: the install is the same one whichever target is first. ... ok
test_e7_the_other_three_targets_install_nothing_on_a_matching_tree_and_say_nothing (test_model_install_skip.SkipTest.test_e7_the_other_three_targets_install_nothing_on_a_matching_tree_and_say_nothing)
AC-S04-51, over every starter. ... ok
test_e17_npm_ci_accepts_the_shipped_lock_and_a_regenerated_lock_is_the_shipped_one (test_model_lock.DescriptionLeavesTheLockTest.test_e17_npm_ci_accepts_the_shipped_lock_and_a_regenerated_lock_is_the_shipped_one)
AC-S04-79: the description is not in the lock, so changing it changes nothing npm checks (real npm). ... ok
test_e1_a_standard_profile_project_has_no_lock (test_model_lock.ModelLockTest.test_e1_a_standard_profile_project_has_no_lock)
AC-S04-45: the `scripts/event-model/` rule excludes the standard profile, so its lock goes too. ... ok
test_e1_an_event_profile_project_tracks_a_lock_that_names_the_manifests_pins (test_model_lock.ModelLockTest.test_e1_an_event_profile_project_tracks_a_lock_that_names_the_manifests_pins)
AC-S04-45: the lock is a tracked file, and its root entry is exactly the manifest's two groups. ... ok
test_e2_the_shipped_lock_is_version_3_from_the_public_registry_for_every_esbuild_platform (test_model_lock.ModelLockTest.test_e2_the_shipped_lock_is_version_3_from_the_public_registry_for_every_esbuild_platform)
AC-S04-46: lockfileVersion 3; every `resolved` from registry.npmjs.org; esbuild's own platforms all in. ... ok
test_e16_neither_the_readme_nor_the_manifest_says_the_gate_runs_npm_install_or_that_make_model_installs (test_model_lock.WhatTheTextsSayTest.test_e16_neither_the_readme_nor_the_manifest_says_the_gate_runs_npm_install_or_that_make_model_installs)
AC-S04-79 (D96, G13): both say the tooling installs from its committed lock. ... ok
test_e18_the_readme_gives_the_way_out_of_a_broken_or_date_kept_install (test_model_lock.WhatTheTextsSayTest.test_e18_the_readme_gives_the_way_out_of_a_broken_or_date_kept_install)
AC-S04-84 (D97 items 6, 7): delete the installed tree and run the gate again. ... ok
test_scaffolds_complete_matrix_as_independent_monorepos (test_monorepos.MonorepoTest.test_scaffolds_complete_matrix_as_independent_monorepos) ... created: /tmp/tmp_a9gve5x/product-standard-typescript
created: /tmp/tmp_a9gve5x/product-standard-python
created: /tmp/tmp_a9gve5x/product-standard-go
created: /tmp/tmp_a9gve5x/product-standard-java-quarkus
created: /tmp/tmp_a9gve5x/product-standard-java-spring
created: /tmp/tmp_a9gve5x/product-event-modelling-typescript
created: /tmp/tmp_a9gve5x/product-event-modelling-python
created: /tmp/tmp_a9gve5x/product-event-modelling-go
created: /tmp/tmp_a9gve5x/product-event-modelling-java-quarkus
created: /tmp/tmp_a9gve5x/product-event-modelling-java-spring
ok
test_the_sliced_suites_read_their_slice_and_nothing_wider (test_monorepos.MonorepoTest.test_the_sliced_suites_read_their_slice_and_nothing_wider)
The two suites the matrix jobs run take their backends from `backends_under_test()` and nowhere ... ok
test_a_block_counts_once_and_is_covered_if_any_test_reached_it (test_mutation.CoverageGateTest.test_a_block_counts_once_and_is_covered_if_any_test_reached_it) ... ok
test_entry_points_and_integration_only_suites_are_left_out (test_mutation.CoverageGateTest.test_entry_points_and_integration_only_suites_are_left_out) ... ok
test_the_gate_fails_below_the_minimum_and_on_nothing_measured (test_mutation.CoverageGateTest.test_the_gate_fails_below_the_minimum_and_on_nothing_measured) ... ok
test_a_go_projects_mutation_report_is_not_committed (test_mutation.GitignoreTest.test_a_go_projects_mutation_report_is_not_committed) ... ok
test_the_go_command_says_how_to_scope_and_where_the_report_is (test_mutation.MutationCommandTest.test_the_go_command_says_how_to_scope_and_where_the_report_is) ... ok
test_each_backend_names_its_own_files (test_mutation.MutationNoteTest.test_each_backend_names_its_own_files) ... ok
test_go_note_names_every_go_services_gate_file (test_mutation.MutationNoteTest.test_go_note_names_every_go_services_gate_file) ... ok
test_gremlins_is_pinned_to_a_release (test_mutation.MutationNoteTest.test_gremlins_is_pinned_to_a_release) ... ok
test_the_go_note_names_the_wrapper_and_the_coverage_gate (test_mutation.MutationNoteTest.test_the_go_note_names_the_wrapper_and_the_coverage_gate) ... ok
test_the_note_says_how_to_scope_a_run_and_where_the_report_lands (test_mutation.MutationNoteTest.test_the_note_says_how_to_scope_a_run_and_where_the_report_lands) ... ok
test_the_wrapper_asset_carries_the_pin_as_a_token (test_mutation.MutationNoteTest.test_the_wrapper_asset_carries_the_pin_as_a_token) ... ok
test_a_change_confined_to_an_excluded_tree_scopes_to_nothing_rather_than_red (test_mutation.MutationWrapperTest.test_a_change_confined_to_an_excluded_tree_scopes_to_nothing_rather_than_red) ... ok
test_a_module_already_required_is_not_required_twice (test_mutation.MutationWrapperTest.test_a_module_already_required_is_not_required_twice) ... ok
test_a_scope_is_the_complement_of_what_changed (test_mutation.MutationWrapperTest.test_a_scope_is_the_complement_of_what_changed)
Gremlins has no include list, so scoping to a file means excluding every other one by name. ... ok
test_an_unreadable_exclusion_list_is_loud (test_mutation.MutationWrapperTest.test_an_unreadable_exclusion_list_is_loud) ... ok
test_nothing_mutated_and_a_timeout_are_red (test_mutation.MutationWrapperTest.test_nothing_mutated_and_a_timeout_are_red) ... ok
test_the_command_line_is_the_service_and_an_optional_ref (test_mutation.MutationWrapperTest.test_the_command_line_is_the_service_and_an_optional_ref) ... ok
test_the_projects_own_exclusions_are_read_back_out_of_the_yaml (test_mutation.MutationWrapperTest.test_the_projects_own_exclusions_are_read_back_out_of_the_yaml)
A scoped run passes `--exclude-files`, which replaces the file's list rather than adding to it, ... ok
test_the_report_is_copied_out_before_the_staging_tree_goes (test_mutation.MutationWrapperTest.test_the_report_is_copied_out_before_the_staging_tree_goes)
The defect this fixes: Gremlins writes the report inside the tree the wrapper deletes, so the ... ok
test_the_workspace_is_read_in_both_spellings (test_mutation.MutationWrapperTest.test_the_workspace_is_read_in_both_spellings) ... ok
test_a_project_named_otherwise_passes_its_own_gate_and_grows (test_named_apps.NamedAppsTest.test_a_project_named_otherwise_passes_its_own_gate_and_grows) ... created: /tmp/tmpqd5b71u3/acme
ok
test_the_defaults_are_the_names_every_project_had (test_named_apps.NamedAppsTest.test_the_defaults_are_the_names_every_project_had) ... ok
test_the_names_are_refused_where_they_cannot_be_applications (test_named_apps.NamedAppsTest.test_the_names_are_refused_where_they_cannot_be_applications) ... ok
test_no_generated_test_file_reaches_for_a_mocking_framework (test_no_mocking_frameworks.NoMockingFrameworkTest.test_no_generated_test_file_reaches_for_a_mocking_framework) ... created: /tmp/tmpr_i5lfh_/mocks-standard-typescript-none
created: /tmp/tmpr_i5lfh_/mocks-standard-typescript-react-vite
created: /tmp/tmpr_i5lfh_/mocks-event-modelling-typescript-none
created: /tmp/tmpr_i5lfh_/mocks-event-modelling-typescript-react-vite
created: /tmp/tmpr_i5lfh_/mocks-standard-python-none
created: /tmp/tmpr_i5lfh_/mocks-standard-python-react-vite
created: /tmp/tmpr_i5lfh_/mocks-event-modelling-python-none
created: /tmp/tmpr_i5lfh_/mocks-event-modelling-python-react-vite
created: /tmp/tmpr_i5lfh_/mocks-standard-go-none
created: /tmp/tmpr_i5lfh_/mocks-standard-go-react-vite
created: /tmp/tmpr_i5lfh_/mocks-event-modelling-go-none
created: /tmp/tmpr_i5lfh_/mocks-event-modelling-go-react-vite
created: /tmp/tmpr_i5lfh_/mocks-standard-java-quarkus-none
created: /tmp/tmpr_i5lfh_/mocks-standard-java-quarkus-react-vite
created: /tmp/tmpr_i5lfh_/mocks-event-modelling-java-quarkus-none
created: /tmp/tmpr_i5lfh_/mocks-event-modelling-java-quarkus-react-vite
created: /tmp/tmpr_i5lfh_/mocks-standard-java-spring-none
created: /tmp/tmpr_i5lfh_/mocks-standard-java-spring-react-vite
created: /tmp/tmpr_i5lfh_/mocks-event-modelling-java-spring-none
created: /tmp/tmpr_i5lfh_/mocks-event-modelling-java-spring-react-vite
ok
test_the_rule_would_notice_a_mock_reintroduced (test_no_mocking_frameworks.NoMockingFrameworkTest.test_the_rule_would_notice_a_mock_reintroduced)
The scan itself, held to a file it must catch and two it must not. ... ok
test_a_project_with_no_npm_workspace_is_given_no_install_target (test_npm_install.NpmInstallTest.test_a_project_with_no_npm_workspace_is_given_no_install_target)
There is no root manifest for `npm ci` to read, so a target naming one could only fail. ... created: /tmp/tmpbipp8cxv/native
ok
test_a_tree_that_is_already_installed_is_not_installed_again (test_npm_install.NpmInstallTest.test_a_tree_that_is_already_installed_is_not_installed_again)
The marker npm writes at the end of a successful install is newer than the manifests it was ... created: /tmp/tmpfi4z4ph3/installed
ok
test_every_entry_point_installs_the_workspace_exactly_once (test_npm_install.NpmInstallTest.test_every_entry_point_installs_the_workspace_exactly_once)
Once, not never: a target that lost the prerequisite would run `npm --workspace` against a tree ... created: /tmp/tmpk_9wb6g_/installed
ok
test_no_recipe_installs_the_workspace_itself (test_npm_install.NpmInstallTest.test_no_recipe_installs_the_workspace_itself)
One target runs `npm ci`, and `make install` — the deliberate one a person types — runs it too. ... created: /tmp/tmpcmpk7iqe/installed
ok
test_a_browser_is_told_what_to_enforce_and_asked_which_origins_may_read (test_observability.ObservabilityTest.test_a_browser_is_told_what_to_enforce_and_asked_which_origins_may_read) ... created: /tmp/tmpj5poqt_m/exposed-typescript
created: /tmp/tmpj5poqt_m/exposed-python
created: /tmp/tmpj5poqt_m/exposed-go
ok
test_a_trace_id_reaches_every_log_line_and_the_events_it_correlates (test_observability.ObservabilityTest.test_a_trace_id_reaches_every_log_line_and_the_events_it_correlates) ... created: /tmp/tmpvlquu1wr/correlated-typescript
created: /tmp/tmpvlquu1wr/correlated-python
created: /tmp/tmpvlquu1wr/correlated-go
ok
test_every_backend_wires_the_sdk_and_leaves_the_exporter_to_the_environment (test_observability.ObservabilityTest.test_every_backend_wires_the_sdk_and_leaves_the_exporter_to_the_environment) ... created: /tmp/tmp35p5pbpb/traced-typescript
created: /tmp/tmp35p5pbpb/traced-python
created: /tmp/tmp35p5pbpb/traced-go
ok
test_the_environment_template_offers_the_endpoint_unset (test_observability.ObservabilityTest.test_the_environment_template_offers_the_endpoint_unset) ... created: /tmp/tmpez_czi28/traced-template
ok
test_the_skill_says_what_is_not_wired_and_how_java_would_be (test_observability.ObservabilityTest.test_the_skill_says_what_is_not_wired_and_how_java_would_be)
Java is documented rather than instrumented, and the page a reader lands on has to say so. ... created: /tmp/tmpt20dqi12/documented-java
ok
test_a_generated_project_carries_none_whatever_its_backends (test_parallel_gate_adopted.AdoptedMakefileTest.test_a_generated_project_carries_none_whatever_its_backends)
Hold: `stamped()` answers yes for every generated project, so none carries the line ... ok
test_a_go_and_a_java_starter_carry_none_either (test_parallel_gate_adopted.AdoptedMakefileTest.test_a_go_and_a_java_starter_carry_none_either)
HOLD (AC-S04-25, G8): the same for a Go and a Java project (teeth: emit the line always). ... ok
test_a_moved_layout_with_a_generated_service_beside_it_carries_it (test_parallel_gate_adopted.AdoptedMakefileTest.test_a_moved_layout_with_a_generated_service_beside_it_carries_it) ... ok
test_a_wrapped_application_carries_the_bare_directive_and_one_comment (test_parallel_gate_adopted.AdoptedMakefileTest.test_a_wrapped_application_carries_the_bare_directive_and_one_comment) ... ok
test_the_refusal_carries_it_too (test_parallel_gate_adopted.AdoptedMakefileTest.test_the_refusal_carries_it_too)
Nothing confirmed is not stamped either: the rule is `not stamped, so serial`. ... ok
test_a_first_run_under_j_records_the_baseline_a_serial_one_does (test_parallel_gate_adopted.AdoptedRunTest.test_a_first_run_under_j_records_the_baseline_a_serial_one_does) ... ok
test_ratchet_tighten_runs_its_three_targets_one_after_another (test_parallel_gate_adopted.AdoptedRunTest.test_ratchet_tighten_runs_its_three_targets_one_after_another)
`ratchet-tighten`'s sub-make reads the same Makefile, so `-j` does not make its three targets overlap. ... ok
test_recorded_checks_do_not_overlap_under_j (test_parallel_gate_adopted.AdoptedRunTest.test_recorded_checks_do_not_overlap_under_j) ... ok
test_the_three_spellings_of_the_delivery_makefile_are_each_serial_under_j (test_parallel_gate_adopted.AdoptedRunTest.test_the_three_spellings_of_the_delivery_makefile_are_each_serial_under_j)
HOLD (AC-S04-26, G5): `delivery/Makefile`, `./delivery/Makefile` and the absolute path each start the gate ... ok
test_a_clean_project_gains_the_lock_and_is_asked_nothing_else (test_parallel_gate_carry.AProjectMadeBeforeTheSliceMigratesTest.test_a_clean_project_gains_the_lock_and_is_asked_nothing_else)
e1. Hold-like: the shipped tree has the lock, so the removed one comes back through the merge. ... created: /tmp/tmp75bb4h0a/old-typescript
created: /tmp/tmp1ogwcs3l/old-python
created: /tmp/tmpoiy9o0r2/old-go
ok
test_hold_a_committed_lock_equal_to_the_shipped_one_raises_no_conflict (test_parallel_gate_carry.AProjectMadeBeforeTheSliceMigratesTest.test_hold_a_committed_lock_equal_to_the_shipped_one_raises_no_conflict)
e3's teeth: with the two locks equal the merge does not stop. ... created: /tmp/tmpr3banhxe/old-typescript
ok
test_hold_a_lock_the_project_committed_stops_the_merge_on_that_file_and_the_catch_up_gets_through (test_parallel_gate_carry.AProjectMadeBeforeTheSliceMigratesTest.test_hold_a_lock_the_project_committed_stops_the_merge_on_that_file_and_the_catch_up_gets_through)
e3. Hold: both sides added the file, so git stops on it. The catch-up's own commands finish the merge. ... created: /tmp/tmpqypg_ivw/old-typescript
created: /tmp/tmp1esduqlb/old-python
created: /tmp/tmp3tu8ly60/old-go
ok
test_hold_an_ignored_lock_is_replaced_without_a_refusal (test_parallel_gate_carry.AProjectMadeBeforeTheSliceMigratesTest.test_hold_an_ignored_lock_is_replaced_without_a_refusal)
AC-S04-85 (D97 B4), a hold so the question parked for `migrate` starts from a test it must change: the same ... created: /tmp/tmpxlcppogx/old-typescript
ok
test_hold_an_untracked_lock_is_refused_as_any_uncommitted_change_is_and_left_as_it_was (test_parallel_gate_carry.AProjectMadeBeforeTheSliceMigratesTest.test_hold_an_untracked_lock_is_refused_as_any_uncommitted_change_is_and_left_as_it_was)
e2. A hold on `migrate.py`'s refusal; deleting the file, as the catch-up says, is the way through. ... created: /tmp/tmptnw4jp7t/old-typescript
created: /tmp/tmplkr6un9u/old-python
created: /tmp/tmpzqv26vl3/old-go
ok
test_its_check_drawio_passes_on_the_lock_the_merge_brought (test_parallel_gate_carry.AProjectMadeBeforeTheSliceMigratesTest.test_its_check_drawio_passes_on_the_lock_the_merge_brought)
e1, with the real npm, as `test_drawio_canvas` runs it; where there is none the example cannot run. ... created: /tmp/tmph3vobleb/old-typescript
ok
test_a_manifest_edit_with_a_committed_lock_is_finished_by_the_catch_ups_commands_with_real_npm (test_parallel_gate_carry.TheCatchUpsRegenerateBranchRunsTest.test_a_manifest_edit_with_a_committed_lock_is_finished_by_the_catch_ups_commands_with_real_npm)
AC-S04-80 (G14): regenerate, `git add`, commit — as the catch-up words them — and `check-drawio` passes. ... created: /tmp/tmpw14lw8mw/old-typescript
ok
test_it_claims_minor_on_its_first_line (test_parallel_gate_carry.TheFragmentIsTrueAndStandsAloneTest.test_it_claims_minor_on_its_first_line) ... ok
test_the_body_says_make_install_installs_the_model_tooling_and_that_the_catch_up_asks_nothing_more_for_it (test_parallel_gate_carry.TheFragmentIsTrueAndStandsAloneTest.test_the_body_says_make_install_installs_the_model_tooling_and_that_the_catch_up_asks_nothing_more_for_it) ... ok
test_the_body_says_the_migration_of_projects_made_before_the_slice_was_run_by_hand_and_the_catch_up_does_not (test_parallel_gate_carry.TheFragmentIsTrueAndStandsAloneTest.test_the_body_says_the_migration_of_projects_made_before_the_slice_was_run_by_hand_and_the_catch_up_does_not)
AC-S04-56, -59 (D96, G15, G16): the sentence is in the run-and-read paragraph, never the catch-up. ... ok
test_the_body_says_what_the_serial_run_is_except_under_k_and_the_catch_up_says_what_an_ignored_lock_gets (test_parallel_gate_carry.TheFragmentIsTrueAndStandsAloneTest.test_the_body_says_what_the_serial_run_is_except_under_k_and_the_catch_up_says_what_an_ignored_lock_gets)
AC-S04-83, -60 (D97 items 3, 9). ... ok
test_the_body_says_which_toolchains_ran_and_carries_the_measurement_the_demo_took (test_parallel_gate_carry.TheFragmentIsTrueAndStandsAloneTest.test_the_body_says_which_toolchains_ran_and_carries_the_measurement_the_demo_took)
AC-S04-23: both medians, the command, the machine and its core count, as the demo measured them. ... ok
test_the_catch_up_adds_before_it_commits_in_the_regenerate_branch_and_names_both_layouts_paths (test_parallel_gate_carry.TheFragmentIsTrueAndStandsAloneTest.test_the_catch_up_adds_before_it_commits_in_the_regenerate_branch_and_names_both_layouts_paths)
AC-S04-60 (D96, G10 to G12): `git add` follows the regenerate command, one clause names the adopted paths, ... ok
test_the_catch_up_names_the_three_cases_and_what_each_does (test_parallel_gate_carry.TheFragmentIsTrueAndStandsAloneTest.test_the_catch_up_names_the_three_cases_and_what_each_does) ... ok
test_the_catch_up_stands_alone_and_says_what_an_edited_manifest_and_an_adopted_gate_now_need (test_parallel_gate_carry.TheFragmentIsTrueAndStandsAloneTest.test_the_catch_up_stands_alone_and_says_what_an_edited_manifest_and_an_adopted_gate_now_need) ... ok
test_a_stamped_projects_page_says_what_parallel_gives_and_does_not_promise (test_parallel_gate_carry.TheGatesPageIsTrueTest.test_a_stamped_projects_page_says_what_parallel_gives_and_does_not_promise) ... ok
test_hold_a_moved_layouts_page_claims_nothing_of_parallel_because_its_gate_is_serial (test_parallel_gate_carry.TheGatesPageIsTrueTest.test_hold_a_moved_layouts_page_claims_nothing_of_parallel_because_its_gate_is_serial) ... ok
test_hold_the_ci_workflow_and_the_ladders_commands_type_make_verify_and_never_a_job_count (test_parallel_gate_carry.TheGatesPageIsTrueTest.test_hold_the_ci_workflow_and_the_ladders_commands_type_make_verify_and_never_a_job_count) ... ok
test_it_says_in_one_sentence_what_an_install_during_the_run_does_to_the_record (test_parallel_gate_carry.TheGatesPageIsTrueTest.test_it_says_in_one_sentence_what_an_install_during_the_run_does_to_the_record) ... ok
test_it_says_what_k_leaves_unrun_what_synced_in_a_recipe_is_and_that_one_make_runs_at_a_time (test_parallel_gate_carry.TheGatesPageIsTrueTest.test_it_says_what_k_leaves_unrun_what_synced_in_a_recipe_is_and_that_one_make_runs_at_a_time)
AC-S04-83, -84 (D97 items 3, 5, 6): three sentences, each said once, on a stamped project's page. ... ok
test_the_sentence_a_failed_run_ends_on_is_the_codes_own_and_the_page_quotes_it (test_parallel_gate_carry.TheGatesPageIsTrueTest.test_the_sentence_a_failed_run_ends_on_is_the_codes_own_and_the_page_quotes_it) ... ok
test_t014_each_target_that_names_sync_passes_synced_and_only_those_do (test_parallel_gate_converge.EveryPythonModeNamesSyncTest.test_t014_each_target_that_names_sync_passes_synced_and_only_those_do)
Both directions over every shape: a target naming `sync` has `--synced` on each call of the script, and a ... ok
test_t014_format_alone_and_beside_lint_syncs_once (test_parallel_gate_converge.FormatSyncsOnceTest.test_t014_format_alone_and_beside_lint_syncs_once)
`make format` and `make -j format lint` leave one sync line for the one service. ... ok
test_t017_applied_to_its_own_output_it_gives_the_same_text (test_parallel_gate_converge.InRecipeIsIdempotentTest.test_t017_applied_to_its_own_output_it_gives_the_same_text)
For each mode the script has and each spelling of its path (`verify`, `verify-python`), alone, with ... ok
test_t015_a_failed_sync_is_said_for_what_it_stops_not_for_the_whole_run (test_parallel_gate_converge.OrderSentencesAreTrueOfAParallelRunTest.test_t015_a_failed_sync_is_said_for_what_it_stops_not_for_the_whole_run)
AC-S04-38 holds no run line after a failed sync; under `-j` the checks that do not run a Python service's ... ok
test_both_families_take_the_java_chain (test_parallel_gate_families.GoChainTest.test_both_families_take_the_java_chain)
A project with a Java and a Go service: no two native calls overlap at all. ... ok
test_lint_ends_before_the_others_start_and_those_two_run_together_under_j (test_parallel_gate_families.GoChainTest.test_lint_ends_before_the_others_start_and_those_two_run_together_under_j)
AC-S04-71, G1: every `go` command of `lint` has ended before `typecheck` or `test` starts (lint leads, as in ... ok
test_gate_targets_reach_npm_ci_only_through_the_file_target (test_parallel_gate_families.InstallFreeTest.test_gate_targets_reach_npm_ci_only_through_the_file_target)
e4, a hold (AC-S04-42): of the gate's targets only the file target runs `npm ci`, and every one that runs ... ok
test_native_checks_carry_no_install_step (test_parallel_gate_families.InstallFreeTest.test_native_checks_carry_no_install_step)
e5, a hold (AC-S04-43): Go's and Java's `lint`, `typecheck` and `test` recipes install nothing. Teeth: add ... ok
test_maven_checks_do_not_overlap_under_j (test_parallel_gate_families.JavaChainTest.test_maven_checks_do_not_overlap_under_j)
e1: no two Maven runs overlap, they run lint, typecheck, test, and the verdict is the serial run's. ... ok
test_the_serial_gate_ran_the_same_chain (test_parallel_gate_families.JavaChainTest.test_the_serial_gate_ran_the_same_chain)
The serial run's order, for the comparison above: lint, typecheck, test, one at a time. ... ok
test_k_leaves_typecheck_and_test_unrun_after_a_failed_lint_and_the_named_command_runs_all_three (test_parallel_gate_families.KeepGoingTest.test_k_leaves_typecheck_and_test_unrun_after_a_failed_lint_and_the_named_command_runs_all_three) ... ok
test_the_orders_are_prerequisites (test_parallel_gate_families.OrderIsPrerequisiteTest.test_the_orders_are_prerequisites) ... ok
test_a_missing_family_would_be_seen (test_parallel_gate_families.SerialOrderTest.test_a_missing_family_would_be_seen)
The comparison's teeth: a log whose first call is `typecheck`'s reads `typecheck` first. ... ok
test_every_family_starts_lint_then_typecheck_then_test (test_parallel_gate_families.SerialOrderTest.test_every_family_starts_lint_then_typecheck_then_test) ... ok
test_a_target_typed_alone_starts_only_its_own_commands (test_parallel_gate_families.StandaloneTest.test_a_target_typed_alone_starts_only_its_own_commands)
e3, a hold: `make test` starts no `lint` command and `make lint` no `typecheck`, in every family; read from ... ok
test_the_order_is_read_only_from_make_s_command_line (test_parallel_gate_families.StandaloneTest.test_the_order_is_read_only_from_make_s_command_line)
T016: `VERIFY_ORDER` exported in a developer's shell leaves every target typed alone what it was; only the ... ok
test_every_prerequisite_of_the_gate_names_check_python_directly_or_through_the_sync (test_parallel_gate_first.EveryCheckWaitsTest.test_every_prerequisite_of_the_gate_names_check_python_directly_or_through_the_sync)
The sweep that closes the class (AC-S04-13): derived from the Makefile's own rules, for each shape. ... ok
test_e5_an_older_python_starts_no_build_on_an_installed_tree (test_parallel_gate_first.InstallWaitsTest.test_e5_an_older_python_starts_no_build_on_an_installed_tree)
AC-S04-72, installed: `build-packages` is a phony target and would start beside `check-python`. ... ok
test_e5_an_older_python_starts_no_npm_beside_check_python_on_a_fresh_tree (test_parallel_gate_first.InstallWaitsTest.test_e5_an_older_python_starts_no_npm_beside_check_python_on_a_fresh_tree)
AC-S04-72 (fails before G2): the root's `npm ci`, the model tooling's and `build-packages` wait for it. ... ok
test_e6_a_newer_python_on_an_installed_tree_runs_no_npm_ci (test_parallel_gate_first.InstallWaitsTest.test_e6_a_newer_python_on_an_installed_tree_runs_no_npm_ci)
HOLD (AC-S04-73): the order-only prerequisite does not make the markers out of date, serial or `-j`. ... ok
test_e6_a_target_typed_alone_does_not_run_check_python (test_parallel_gate_first.InstallWaitsTest.test_e6_a_target_typed_alone_does_not_run_check_python)
HOLD (AC-S04-73): `make build-packages` and `make dev-web` name no `check-python`. Teeth: put the line ... ok
test_e1_serial_names_check_python_and_starts_nothing (test_parallel_gate_first.OlderPythonTest.test_e1_serial_names_check_python_and_starts_nothing)
HOLD (AC-S04-13, serial): `check-python` is first in the list and make stops there. ... ok
test_e2_a_newer_python_is_not_stopped (test_parallel_gate_first.OlderPythonTest.test_e2_a_newer_python_is_not_stopped)
HOLD: the same `-j` run on the real interpreter passes, and `check-python` is among what ran first. ... ok
test_e2_parallel_names_check_python_and_starts_nothing (test_parallel_gate_first.OlderPythonTest.test_e2_parallel_names_check_python_and_starts_nothing)
AC-S04-13, `-j`: every other check, and the sync, waits for `check-python` (fails before R2). ... ok
test_e3_a_serial_run_starts_the_checks_in_the_order_they_had_one_at_a_time (test_parallel_gate_first.SerialOrderTest.test_e3_a_serial_run_starts_the_checks_in_the_order_they_had_one_at_a_time)
HOLD (AC-S04-1): `check-python`, then the sync, then the checks in the gate's list, never two at once. ... ok
test_e4_a_parallel_run_leaves_every_byte_under_specify_as_it_was (test_parallel_gate_first.SpecifyTest.test_e4_a_parallel_run_leaves_every_byte_under_specify_as_it_was)
HOLD (AC-S04-18): no gate target writes there. The gate may fail on this shape's stand-ins; what it ... ok
test_e4_a_write_under_specify_would_be_seen (test_parallel_gate_first.SpecifyTest.test_e4_a_write_under_specify_would_be_seen)
The teeth of e4: a `uv run` that writes under `.specify/` makes the same comparison fail. ... ok
test_an_own_target_beside_ratchet_tighten_is_not_made_to_wait_for_its_three (test_parallel_gate_include.IncludingRootTest.test_an_own_target_beside_ratchet_tighten_is_not_made_to_wait_for_its_three)
AC-S04-69: the own target sees a stand-in in flight; the three still do not overlap each other. ... ok
test_ratchet_tighten_at_the_root_runs_its_three_one_after_another (test_parallel_gate_include.IncludingRootTest.test_ratchet_tighten_at_the_root_runs_its_three_one_after_another)
AC-S04-68: the sub-make starts on the delivery Makefile, so it is held from this door. ... ok
test_the_roots_own_targets_overlap_under_j_with_the_include_and_without_it (test_parallel_gate_include.IncludingRootTest.test_the_roots_own_targets_overlap_under_j_with_the_include_and_without_it)
AC-S04-67: both meet each other, and with the include line taken out the log is the same. ... ok
test_what_adopt_writes_never_says_whatever_j_says_without_naming_the_held_command (test_parallel_gate_include.WordsAreRightTest.test_what_adopt_writes_never_says_whatever_j_says_without_naming_the_held_command)
AC-S04-70: the step on the adoption page and the root Makefile block say what the include does. ... ok
test_e1_each_checks_lines_are_contiguous_under_j (test_parallel_gate_output.GroupedOutputTest.test_e1_each_checks_lines_are_contiguous_under_j)
AC-S04-10: two checks, three lines each with a barrier between, stay contiguous. ... ok
test_e3_a_serial_run_shows_a_checks_first_line_before_its_last_is_written (test_parallel_gate_output.GroupedOutputTest.test_e3_a_serial_run_shows_a_checks_first_line_before_its_last_is_written)
HOLD (AC-S04-12): the stand-in prints line one, then waits, bounded, for this test to have read it from the ... /usr/lib/python3.14/unittest/case.py:615: ResourceWarning: unclosed file <_io.TextIOWrapper name=6 encoding='UTF-8'>
  result = method()
ResourceWarning: Enable tracemalloc to get the object allocation traceback
ok
test_e5_a_red_tree_stays_red_whatever_the_variable_says (test_parallel_gate_output.GroupingVariableIsTheMakefilesOwnTest.test_e5_a_red_tree_stays_red_whatever_the_variable_says)
AC-S04-82: `-i` handed to the sub-make through `VERIFY_GROUP` would make it ignore the failures; each way ... ok
test_e6_a_green_tree_passes_both_ways_and_groups_as_without_the_variable (test_parallel_gate_output.GroupingVariableIsTheMakefilesOwnTest.test_e6_a_green_tree_passes_both_ways_and_groups_as_without_the_variable)
AC-S04-82, green half (a hold; teeth: `override` taken off the variable, which the red test also sees). ... ok
test_e2_the_option_is_named_only_behind_a_test_of_the_makes_features (test_parallel_gate_output.MakefileTextTest.test_e2_the_option_is_named_only_behind_a_test_of_the_makes_features)
AC-S04-11: the one guarded expression, read from the generated text (3.81 is read, not run). ... created: /tmp/tmpd1f5ll6i/one
ok
test_e4_every_starter_names_nothing_newer_than_the_guarded_grouping (test_parallel_gate_output.MakefileTextTest.test_e4_every_starter_names_nothing_newer_than_the_guarded_grouping)
HOLD (AC-S04-16; teeth: `.WAIT` added to the generated text): every backend x http x frontend x profile. ... created: /tmp/tmp2gzpf5aj/typescript-with-none-standard
created: /tmp/tmp2gzpf5aj/typescript-with-none-event-modelling
created: /tmp/tmp2gzpf5aj/typescript-with-react-vite-standard
created: /tmp/tmp2gzpf5aj/typescript-with-react-vite-event-modelling
created: /tmp/tmp2gzpf5aj/typescript-none-none-standard
created: /tmp/tmp2gzpf5aj/typescript-none-none-event-modelling
created: /tmp/tmp2gzpf5aj/typescript-none-react-vite-standard
created: /tmp/tmp2gzpf5aj/typescript-none-react-vite-event-modelling
created: /tmp/tmp2gzpf5aj/python-with-none-standard
created: /tmp/tmp2gzpf5aj/python-with-none-event-modelling
created: /tmp/tmp2gzpf5aj/python-with-react-vite-standard
created: /tmp/tmp2gzpf5aj/python-with-react-vite-event-modelling
created: /tmp/tmp2gzpf5aj/python-none-none-standard
created: /tmp/tmp2gzpf5aj/python-none-none-event-modelling
created: /tmp/tmp2gzpf5aj/python-none-react-vite-standard
created: /tmp/tmp2gzpf5aj/python-none-react-vite-event-modelling
created: /tmp/tmp2gzpf5aj/go-with-none-standard
created: /tmp/tmp2gzpf5aj/go-with-none-event-modelling
created: /tmp/tmp2gzpf5aj/go-with-react-vite-standard
created: /tmp/tmp2gzpf5aj/go-with-react-vite-event-modelling
created: /tmp/tmp2gzpf5aj/go-none-none-standard
created: /tmp/tmp2gzpf5aj/go-none-none-event-modelling
created: /tmp/tmp2gzpf5aj/go-none-react-vite-standard
created: /tmp/tmp2gzpf5aj/go-none-react-vite-event-modelling
created: /tmp/tmp2gzpf5aj/java-quarkus-with-none-standard
created: /tmp/tmp2gzpf5aj/java-quarkus-with-none-event-modelling
created: /tmp/tmp2gzpf5aj/java-quarkus-with-react-vite-standard
created: /tmp/tmp2gzpf5aj/java-quarkus-with-react-vite-event-modelling
created: /tmp/tmp2gzpf5aj/java-quarkus-none-none-standard
created: /tmp/tmp2gzpf5aj/java-quarkus-none-none-event-modelling
created: /tmp/tmp2gzpf5aj/java-quarkus-none-react-vite-standard
created: /tmp/tmp2gzpf5aj/java-quarkus-none-react-vite-event-modelling
created: /tmp/tmp2gzpf5aj/java-spring-with-none-standard
created: /tmp/tmp2gzpf5aj/java-spring-with-none-event-modelling
created: /tmp/tmp2gzpf5aj/java-spring-with-react-vite-standard
created: /tmp/tmp2gzpf5aj/java-spring-with-react-vite-event-modelling
created: /tmp/tmp2gzpf5aj/java-spring-none-none-standard
created: /tmp/tmp2gzpf5aj/java-spring-none-none-event-modelling
created: /tmp/tmp2gzpf5aj/java-spring-none-react-vite-standard
created: /tmp/tmp2gzpf5aj/java-spring-none-react-vite-event-modelling
ok
test_every_gate_target_names_what_its_recipe_reads_or_is_listed_as_reading_nothing (test_parallel_gate_reads.EveryReaderWaitsTest.test_every_gate_target_names_what_its_recipe_reads_or_is_listed_as_reading_nothing)
AC-S04-75: the closed list. Teeth: take the `check-ux-gates` line out of `npm_workspace_targets`, or ... ok
test_a_standalone_check_ux_gates_installs_first (test_parallel_gate_reads.ReadsAfterInstallTest.test_a_standalone_check_ux_gates_installs_first)
AC-S04-74: typed alone on a fresh clone it runs the install, then the script (read from `make -n`). ... ok
test_check_openapi_starts_after_the_package_builds_have_ended (test_parallel_gate_reads.ReadsAfterInstallTest.test_check_openapi_starts_after_the_package_builds_have_ended)
AC-S04-76 (fails before G4): a build is held until the exporter has started, if it can be. ... ok
test_check_ux_gates_starts_after_the_root_npm_ci_has_ended (test_parallel_gate_reads.ReadsAfterInstallTest.test_check_ux_gates_starts_after_the_root_npm_ci_has_ended)
AC-S04-74 (fails before G3): on a fresh clone `npm ci` is held until the script has started, if it can. ... ok
test_the_closing_line_is_last_on_a_pass_and_the_failed_line_on_a_fail (test_parallel_gate_run.EventProfileTest.test_the_closing_line_is_last_on_a_pass_and_the_failed_line_on_a_fail)
AC-S04-3, -9 on the event profile, whose prerequisites differ from the standard's. ... ok
test_e4_one_failed_check_under_j_is_non_zero_with_no_closing_line_and_no_stamp (test_parallel_gate_run.FailingRunTest.test_e4_one_failed_check_under_j_is_non_zero_with_no_closing_line_and_no_stamp)
HOLD (AC-S04-6, -7; teeth: `record` run whatever the checks said). ... ok
test_e5_two_failed_checks_are_each_named_on_a_make_line (test_parallel_gate_run.FailingRunTest.test_e5_two_failed_checks_are_each_named_on_a_make_line)
HOLD (AC-S04-8; teeth: one stand-in told not to fail leaves its target unnamed). ... ok
test_e6_a_failed_run_ends_on_the_gates_own_line_then_makes_last (test_parallel_gate_run.FailingRunTest.test_e6_a_failed_run_ends_on_the_gates_own_line_then_makes_last)
AC-S04-9, serial and `-j`, over every state that fails: the gate's line says it did not pass and where the ... ok
test_e6_a_failed_sync_and_a_failed_check_python_end_on_the_same_line (test_parallel_gate_run.FailingRunTest.test_e6_a_failed_sync_and_a_failed_check_python_end_on_the_same_line)
HOLD (AC-S04-9, G6): the two failures that stop the gate before any check ends on the gate's own line too. ... ok
test_e6_a_script_of_the_project_failing_ends_on_the_same_line (test_parallel_gate_run.FailingRunTest.test_e6_a_script_of_the_project_failing_ends_on_the_same_line)
AC-S04-9 for a `python3` check that fails, serial and `-j`. ... ok
test_e1_the_commands_started_under_j_are_the_serial_runs (test_parallel_gate_run.PassingRunTest.test_e1_the_commands_started_under_j_are_the_serial_runs)
HOLD (AC-S04-2; teeth: `typecheck` dropped from `verify-checks`' prerequisites under `-j` only, which loses ... ok
test_e2_a_passing_parallel_run_exits_zero_and_ends_on_the_closing_line (test_parallel_gate_run.PassingRunTest.test_e2_a_passing_parallel_run_exits_zero_and_ends_on_the_closing_line)
HOLD (AC-S04-3; teeth: the closing line changed in the Makefile). ... ok
test_e3_two_checks_run_at_the_same_moment (test_parallel_gate_run.PassingRunTest.test_e3_two_checks_run_at_the_same_moment)
HOLD (AC-S04-4; teeth: `.NOTPARALLEL:` in the project's Makefile makes each barrier `alone`). ... ok
test_e7_a_pass_under_j_is_reused_by_make_verify (test_parallel_gate_run.ReuseAcrossTheTwoTest.test_e7_a_pass_under_j_is_reused_by_make_verify)
HOLD (AC-S04-19; teeth: `record` skipped under `-j`). ... ok
test_e8_a_pass_under_make_verify_is_reused_by_j (test_parallel_gate_run.ReuseAcrossTheTwoTest.test_e8_a_pass_under_make_verify_is_reused_by_j)
HOLD (AC-S04-20; teeth: `record` skipped under serial). ... ok
test_e1_make_verify_syncs_the_service_once (test_parallel_gate_sync.OneProjectTest.test_e1_make_verify_syncs_the_service_once)
AC-S04-28: `make verify` in full leaves one sync line for the service's `--project`. ... ok
test_e2_make_j_verify_syncs_once_and_before_any_run (test_parallel_gate_sync.OneProjectTest.test_e2_make_j_verify_syncs_once_and_before_any_run)
AC-S04-29: under `-j`, one sync per service, and every sync line precedes the first run line. ... ok
test_e4_two_goals_in_one_command_sync_once (test_parallel_gate_sync.OneProjectTest.test_e4_two_goals_in_one_command_sync_once)
AC-S04-31: `make lint test` is one make process, so one sync. ... ok
test_e5_each_mode_target_alone_syncs_once_before_it_runs_anything (test_parallel_gate_sync.OneProjectTest.test_e5_each_mode_target_alone_syncs_once_before_it_runs_anything)
HOLD (AC-S04-32): `make lint`, `make typecheck` and `make test` alone each sync once, first. ... ok
test_e6_a_mode_typed_directly_syncs_first (test_parallel_gate_sync.OneProjectTest.test_e6_a_mode_typed_directly_syncs_first)
HOLD (AC-S04-33): `./scripts/verify` with a mode, or none, syncs once before its first run. ... ok
test_e3_two_services_sync_once_each (test_parallel_gate_sync.TwoServicesTest.test_e3_two_services_sync_once_each)
AC-S04-30: `make verify` on two services leaves exactly two sync lines, one per `--project`. ... ok
test_e3_two_services_under_j_sync_once_each_and_before_any_run (test_parallel_gate_sync.TwoServicesTest.test_e3_two_services_under_j_sync_once_each_and_before_any_run)
HOLD (AC-S04-29, G7): `make -j verify` on two services leaves one sync line per `--project`, all before the ... ok
test_e11_a_sync_that_fails_stops_the_gate_with_no_check_started (test_parallel_gate_sync_edges.SyncEdgesTest.test_e11_a_sync_that_fails_stops_the_gate_with_no_check_started)
HOLD (AC-S04-38): with a `uv` whose `sync` exits non-zero, `make verify` and `make -j verify` exit non-zero ... ok
test_e14_a_run_prints_make_echo_of_the_sync_once_and_nothing_else_about_it (test_parallel_gate_sync_edges.SyncEdgesTest.test_e14_a_run_prints_make_echo_of_the_sync_once_and_nothing_else_about_it)
AC-S04-41: the script's own `--install-only` run prints nothing, and `make verify`'s output holds exactly ... ok
test_e15_two_goals_that_each_reach_the_gate_sync_at_most_twice_and_at_least_once (test_parallel_gate_sync_edges.SyncEdgesTest.test_e15_two_goals_that_each_reach_the_gate_sync_at_most_twice_and_at_least_once)
AC-S04-44: `make verify lint` is two make processes (the gate's sub-make and the outer goal). ... ok
test_e16_without_a_venv_two_targets_under_j_wait_for_one_sync (test_parallel_gate_sync_ways.DevTest.test_e16_without_a_venv_two_targets_under_j_wait_for_one_sync)
AC-S04-14: `make -j check-openapi lint` with no `.venv`: both pass, and the sync ended before either started; ... ok
test_e9_make_dev_syncs_once_before_the_service_starts (test_parallel_gate_sync_ways.DevTest.test_e9_make_dev_syncs_once_before_the_service_starts)
HOLD (AC-S04-36): the recipe's own `--install-only` line is today's one sync, and it precedes the run. ... ok
test_e12_only_the_makefile_and_the_scripts_say_it (test_parallel_gate_sync_ways.NothingPublishedSaysTheNonSyncingSpellingTest.test_e12_only_the_makefile_and_the_scripts_say_it)
HOLD (AC-S04-39): across every backend, with a transport and without, with a browser app and without, and ... ok
test_e10_install_and_test_in_one_command_sync_once (test_parallel_gate_sync_ways.WaysIntoAModeTest.test_e10_install_and_test_in_one_command_sync_once)
AC-S04-37: `make install test` is one make process, so one sync. ... ok
test_e13_no_environment_variable_makes_a_mode_skip_the_sync (test_parallel_gate_sync_ways.WaysIntoAModeTest.test_e13_no_environment_variable_makes_a_mode_skip_the_sync)
HOLD (AC-S04-40): with the non-syncing argument absent, any variable set to any value, the script still ... ok
test_e7_make_ci_syncs_once (test_parallel_gate_sync_ways.WaysIntoAModeTest.test_e7_make_ci_syncs_once)
AC-S04-34: `make ci` with its database targets leaves one sync line. ... ok
test_e8_make_migrate_syncs_once_before_the_migration (test_parallel_gate_sync_ways.WaysIntoAModeTest.test_e8_make_migrate_syncs_once_before_the_migration)
AC-S04-35: one sync, and it precedes the `uv run` of `migrations/apply.py`. ... ok
test_drive_runs_ready_slices_concurrently_once_the_contract_is_settled (test_parallel_slices.DriveFansOutTest.test_drive_runs_ready_slices_concurrently_once_the_contract_is_settled)
The ready-set rules end in a fan-out, not in "name the rest for another session": claim by branch, ... created: /tmp/tmpxz8j6tjq/fan-standard
created: /tmp/tmpxz8j6tjq/fan-event-modelling
ok
test_a_second_context_is_another_slices_code (test_parallel_slices.SliceScopeGateTest.test_a_second_context_is_another_slices_code)
Where the owning service holds several bounded contexts, a slice writes under its own only. ... created: /tmp/tmp8oo7dc_f/contexts
ok
test_the_base_is_the_newest_main_the_checkout_knows (test_parallel_slices.SliceScopeGateTest.test_the_base_is_the_newest_main_the_checkout_knows)
`origin/main` goes stale the moment `main` moves locally and is not pushed — a migration, say. A slice ... created: /tmp/tmp9olnxent/base
ok
test_the_gate_holds_a_slice_branch_to_what_one_slice_may_touch (test_parallel_slices.SliceScopeGateTest.test_the_gate_holds_a_slice_branch_to_what_one_slice_may_touch)
Off a slice branch there is nothing to hold — except a regular file where a canonical link should ... created: /tmp/tmp29aulndw/scope
ok
test_check_migrations_reads_a_timestamped_contract_the_same_as_a_numbered_one (test_parallel_slices.StampedMigrationsTest.test_check_migrations_reads_a_timestamped_contract_the_same_as_a_numbered_one)
Every stamp sorts after every shipped number, and a contraction may name a stamped expand. ... created: /tmp/tmp799ku8po/stamped
ok
test_a_re_survey_refreshes_what_was_detected_and_questions_what_was_decided (test_pin.PinTest.test_a_re_survey_refreshes_what_was_detected_and_questions_what_was_decided) ... created: /tmp/tmpuo2jd7qp/made
ok
test_a_re_survey_removes_what_the_record_no_longer_drives (test_pin.PinTest.test_a_re_survey_removes_what_the_record_no_longer_drives)
The first real adoption's refresh read the forge as `none`, dropped the gate from `.written` and left the ... ok
test_an_adopted_repository_has_the_two_pin_commands_and_the_ledger (test_pin.PinTest.test_an_adopted_repository_has_the_two_pin_commands_and_the_ledger) ... ok
test_a_node_project_is_pinned_to_the_node_its_own_workflow_installs (test_pins.PinsTest.test_a_node_project_is_pinned_to_the_node_its_own_workflow_installs)
`.nvmrc` and `setup-node` read one constant, so the two cannot say different things. ... created: /tmp/tmp_q9z45dk/pinned
ok
test_a_python_project_is_pinned_to_the_python_its_own_workflow_installs (test_pins.PinsTest.test_a_python_project_is_pinned_to_the_python_its_own_workflow_installs) ... created: /tmp/tmpigs6uijx/pinned
ok
test_an_adopted_repository_keeps_its_own_conventions (test_pins.PinsTest.test_an_adopted_repository_keeps_its_own_conventions)
A repository that already exists has answered every one of these for itself, and the factory's ... ok
test_every_project_has_the_whitespace_conventions_and_only_the_pins_it_needs (test_pins.PinsTest.test_every_project_has_the_whitespace_conventions_and_only_the_pins_it_needs)
A pin file for a toolchain the project does not have would be a version nothing keeps true. Go ... created: /tmp/tmpt7r86_i0/pins-typescript-none
created: /tmp/tmpt7r86_i0/pins-python-react-vite
created: /tmp/tmpt7r86_i0/pins-go-none
created: /tmp/tmpt7r86_i0/pins-java-spring-none
ok
test_the_page_that_lists_what_was_generated_names_the_pins_that_shipped (test_pins.PinsTest.test_the_page_that_lists_what_was_generated_names_the_pins_that_shipped)
Read off the set that ships rather than restated, so a Go project is not told about an `.nvmrc`. ... created: /tmp/tmp4hbbc3_f/listed-node
created: /tmp/tmp4hbbc3_f/listed-go
ok
test_the_jars_an_ant_build_commits_name_their_products (test_platform.JarTest.test_the_jars_an_ant_build_commits_name_their_products) ... ok
test_a_pom_pins_the_framework_the_test_framework_and_the_servlet_api_with_properties_resolved (test_platform.PlatformTest.test_a_pom_pins_the_framework_the_test_framework_and_the_servlet_api_with_properties_resolved) ... ok
test_a_version_is_matched_to_the_longest_cycle_it_starts_with_and_dated_on_the_day_given (test_platform.PlatformTest.test_a_version_is_matched_to_the_longest_cycle_it_starts_with_and_dated_on_the_day_given) ... ok
test_an_expired_platform_leads_the_recommendation_and_is_it_where_why_names_nothing (test_platform.PlatformTest.test_an_expired_platform_leads_the_recommendation_and_is_it_where_why_names_nothing) ... ok
test_the_architecture_view_says_what_each_application_runs_on_and_the_way_up (test_platform.PlatformTest.test_the_architecture_view_says_what_each_application_runs_on_and_the_way_up) ... ok
test_the_inventory_reads_the_tree_dates_it_and_the_row_climbs_only_as_the_facts_allow (test_platform.PlatformTest.test_the_inventory_reads_the_tree_dates_it_and_the_row_climbs_only_as_the_facts_allow) ... ok
test_the_table_is_dated_and_every_cycle_carries_a_date_or_an_open_end (test_platform.PlatformTest.test_the_table_is_dated_and_every_cycle_carries_a_date_or_an_open_end) ... ok
test_a_project_with_no_managed_database_is_told_nothing_about_tls (test_postgres.ManagedPostgresTest.test_a_project_with_no_managed_database_is_told_nothing_about_tls)
`--event-store memory` provisions no database, so there is no connection to encrypt and the ... created: /tmp/tmpxu_igvgn/tls-none
ok
test_both_task_definitions_read_the_one_environment_and_the_url_carries_no_sslmode (test_postgres.ManagedPostgresTest.test_both_task_definitions_read_the_one_environment_and_the_url_carries_no_sslmode)
The service and the migrate task cannot disagree about how they reach the same database — and the ... created: /tmp/tmphv0b66eu/tls-shape
ok
test_every_backend_is_told_to_encrypt_its_connection_and_each_in_its_own_dialect (test_postgres.ManagedPostgresTest.test_every_backend_is_told_to_encrypt_its_connection_and_each_in_its_own_dialect)
One posture — encrypted, not verified — reached by whichever route each driver actually offers. ... created: /tmp/tmpk95s1q_r/tls-typescript
created: /tmp/tmpk95s1q_r/tls-python
created: /tmp/tmpk95s1q_r/tls-go
created: /tmp/tmpk95s1q_r/tls-java-quarkus
created: /tmp/tmpk95s1q_r/tls-java-spring
ok
test_the_postgres_event_store_passes_its_contract_against_a_real_database (test_postgres.PostgresTest.test_the_postgres_event_store_passes_its_contract_against_a_real_database)
The other half of the gate, end to end: Compose up, migrations applied, the same contract the ... created: /tmp/tmpquigw1uh/real-store-1365127
 Volume real-store-1365127_postgres-data Creating 
 Volume real-store-1365127_postgres-data Creating 
 Network real-store-1365127_default Creating 
 Network real-store-1365127_default Creating 
 Volume real-store-1365127_postgres-data Created 
 Volume real-store-1365127_postgres-data Created 
 Network real-store-1365127_default Created 
 Network real-store-1365127_default Created 
 Container real-store-1365127-postgres-1 Creating 
 Container real-store-1365127-postgres-1 Created 
 Container real-store-1365127-postgres-1 Starting 
 Container real-store-1365127-postgres-1 Started 
 Container real-store-1365127-postgres-1 Waiting 
 Container real-store-1365127-postgres-1 Healthy 
npm ci

added 180 packages, and audited 182 packages in 2s

60 packages are looking for funding
  run `npm fund` for details

1 high severity vulnerability

To address all issues, run:
  npm audit fix --force

Run `npm audit` for details.
npm --workspace apps/service run migrate

> real-store-1365127-service@0.1.0 migrate
> node-pg-migrate up -m migrations

> Migrating files:
> - 001_events
> - 002_events_append_only
> - 003_projection_checkpoints
> - 004_event_tags
### MIGRATION 001_events (UP) ###

    CREATE TABLE events (
      global_position BIGSERIAL PRIMARY KEY,
      stream_id       TEXT        NOT NULL,
      version         INTEGER     NOT NULL,
      event_type      TEXT        NOT NULL,
      schema_version  INTEGER     NOT NULL,
      payload         JSONB       NOT NULL,
      actor           JSONB       NOT NULL,
      -- Correlation and causation are UUIDs, and the column type says so. Postgres then rejects a
      -- malformed one at the door rather than storing it for a reader to trip over years later, and
      -- stores each in 16 bytes instead of 36 characters.
      correlation_id  UUID        NOT NULL,
      -- Nullable, because the first event of a business transaction has no cause to point at.
      causation_id    UUID,
      -- occurred_at is domain time, passed in as a typed input; recorded_at is storage time.
      -- Conflating them is how clock problems become unreconcilable.
      occurred_at     TIMESTAMPTZ NOT NULL,
      recorded_at     TIMESTAMPTZ NOT NULL DEFAULT now(),
      CONSTRAINT events_stream_version_unique UNIQUE (stream_id, version),
      CONSTRAINT events_version_non_negative CHECK (version >= 0)
    );
    CREATE INDEX events_stream_id_version_idx ON events (stream_id, version);
  ;
INSERT INTO "public"."pgmigrations" (name, run_on) VALUES ('001_events', NOW());


### MIGRATION 002_events_append_only (UP) ###

    CREATE OR REPLACE FUNCTION events_reject_mutation() RETURNS trigger AS $$
    BEGIN
      RAISE EXCEPTION 'events is append-only: % is not permitted on this table', TG_OP
        USING ERRCODE = 'insufficient_privilege';
    END;
    $$ LANGUAGE plpgsql;

    CREATE TRIGGER events_no_update
      BEFORE UPDATE ON events
      EXECUTE FUNCTION events_reject_mutation();

    CREATE TRIGGER events_no_delete
      BEFORE DELETE ON events
      EXECUTE FUNCTION events_reject_mutation();

    CREATE TRIGGER events_no_truncate
      BEFORE TRUNCATE ON events
      EXECUTE FUNCTION events_reject_mutation();

    REVOKE UPDATE, DELETE, TRUNCATE ON events FROM PUBLIC;
  ;
INSERT INTO "public"."pgmigrations" (name, run_on) VALUES ('002_events_append_only', NOW());


### MIGRATION 003_projection_checkpoints (UP) ###

    CREATE TABLE projection_checkpoints (
      projection        TEXT        PRIMARY KEY,
      position          BIGINT      NOT NULL DEFAULT 0,
      -- Both null when nobody holds the lease. They move together, always, which is why they are not two
      -- separately-defaulted columns.
      lease_owner       TEXT,
      lease_expires_at  TIMESTAMPTZ,
      updated_at        TIMESTAMPTZ NOT NULL DEFAULT now(),
      CONSTRAINT projection_checkpoints_position_non_negative CHECK (position >= 0),
      CONSTRAINT projection_checkpoints_lease_is_whole CHECK (
        (lease_owner IS NULL) = (lease_expires_at IS NULL)
      )
    );
  ;
INSERT INTO "public"."pgmigrations" (name, run_on) VALUES ('003_projection_checkpoints', NOW());


### MIGRATION 004_event_tags (UP) ###

    CREATE TABLE event_tags (
      tag             TEXT   NOT NULL,
      -- The foreign key is what keeps the index honest: a tag row cannot name an event that does not
      -- exist, and because `events` refuses DELETE it cannot come to name one later either.
      global_position BIGINT NOT NULL REFERENCES events (global_position),
      PRIMARY KEY (tag, global_position)
    );

    -- The primary key answers "which events carry this tag", which is the read path. This index answers
    -- "which tags does this event carry", which is what a resumable reindex needs to know what it has
    -- already done.
    CREATE INDEX event_tags_global_position_idx ON event_tags (global_position);
  ;
INSERT INTO "public"."pgmigrations" (name, run_on) VALUES ('004_event_tags', NOW());


Migrations complete!
npm --workspace apps/service run test:integration

> real-store-1365127-service@0.1.0 test:integration
> vitest run --config vitest.integration.config.ts


 RUN  v4.1.11 /tmp/tmpquigw1uh/real-store-1365127/apps/service


 Test Files  2 passed (2)
      Tests  47 passed (47)
   Start at  02:36:00
   Duration  2.83s (transform 68ms, setup 0ms, import 130ms, tests 2.40s, environment 0ms)

 Container real-store-1365127-postgres-1 Stopping 
 Container real-store-1365127-postgres-1 Stopped 
 Container real-store-1365127-postgres-1 Removing 
 Container real-store-1365127-postgres-1 Removed 
 Network real-store-1365127_default Removing 
 Network real-store-1365127_default Removed 
npm --workspace apps/service run lint

> real-store-1365127-service@0.1.0 lint
> biome check --error-on-warnings

Checked 33 files in 24ms. No fixes applied.
npm --workspace apps/service run typecheck

> real-store-1365127-service@0.1.0 typecheck
> tsc --noEmit

python3 scripts/check-imports.py
check-imports: inward dependency rule holds (53 directory entries read)
python3 scripts/check-migrations.py
check-migrations: every migration is additive, or a marked contraction of an earlier one; Go migrate images embed their .sql files (53 directory entries read)
python3 scripts/check-slice-scope.py
check-slice-scope: on `main`, not a `slice/<id>` branch — nothing to hold
python3 scripts/extensions/project.py --check
check-extensions: no extension elected; nothing to project
python3 scripts/agents/project.py --check
check-agents: not initialized; no projections expected yet
python3 scripts/agents/models.py --check && python3 scripts/agents/drive.py --check && python3 scripts/agents/cruise.py --check
check-models: .specify/models.json names 17 stage(s) and 6 harness(es)
check-drive: .specify/drive.json delegates per story and cycles per rule
check-cruise: .specify/cruise.json is well-formed; /cruise is not enabled
python3 scripts/check-speckit.py
check-speckit: not initialized; nothing managed yet, 1 preset(s) valid
python3 scripts/check-codegraph.py
check-codegraph: no .codegraph/ — this project carries no code index; nothing to check
python3 scripts/check-ux-gates.py
check-ux-gates: not adopted (./init --extension ux-gates); nothing to check
python3 scripts/check-constitution.py
check-constitution: no constitution ratified yet; run /speckit-constitution (scripts/check-constitution.py --requirements prints what it must cover)
python3 scripts/test_benchmark.py && python3 scripts/agents/benchmark.py check
check-benchmark: 2 boundary and rendering checks pass
check-benchmark: no record and no done slice yet — nothing to hold
python3 scripts/check-decisions.py
check-decisions: no decisions.md or demo-log.md under specs/ — nothing recorded yet
npm --workspace apps/service test

> real-store-1365127-service@0.1.0 test
> vitest run


 RUN  v4.1.11 /tmp/tmpquigw1uh/real-store-1365127/apps/service


 Test Files  7 passed (7)
      Tests  86 passed (86)
   Start at  02:36:06
   Duration  754ms (transform 386ms, setup 0ms, import 1.05s, tests 539ms, environment 1ms)

python3 scripts/event-model/check.py
check-model: valid
npm --prefix scripts/event-model ci --no-audit --no-fund --loglevel=error

added 5 packages in 313ms
node scripts/event-model/node_modules/tsx/dist/cli.mjs scripts/event-model/render-drawio.ts --check
check-drawio: docs/event-model/model.yaml has no slices yet — nothing to check.

verify: all gates passed
ok
test_a_record_with_nothing_behind_has_no_programme (test_programme.ProgrammeTest.test_a_record_with_nothing_behind_has_no_programme) ... ok
test_an_ant_build_is_the_floor_and_comes_first_whatever_the_strategy (test_programme.ProgrammeTest.test_an_ant_build_is_the_floor_and_comes_first_whatever_the_strategy) ... ok
test_the_steps_come_in_order_and_each_is_paced_by_the_strategy (test_programme.ProgrammeTest.test_the_steps_come_in_order_and_each_is_paced_by_the_strategy) ... ok
test_the_server_is_named_in_every_installed_harness_file_and_each_file_is_a_merge_target (test_project_mcp.ProjectMcpTest.test_the_server_is_named_in_every_installed_harness_file_and_each_file_is_a_merge_target)
One writer, four shapes: Claude Code's, Gemini's and Cursor's `mcpServers`, opencode's `mcp` with the command ... created: /tmp/tmphtsmpy1y/codegraph-merge
ok
test_answering_an_axis_again_through_init_rewrites_the_manifest_and_the_skills_follow (test_pruning.PruningTest.test_answering_an_axis_again_through_init_rewrites_the_manifest_and_the_skills_follow)
`./init --auth none` leaves a project that reads as one generated with `--auth none`. ... created: /tmp/tmpfsna0xvk/re-answered
created: /tmp/tmpfsna0xvk/never-had-one
ok
test_no_generated_file_carries_a_marker_the_pruner_never_visits (test_pruning.PruningTest.test_no_generated_file_carries_a_marker_the_pruner_never_visits)
A marked region in an unlisted file is silently never pruned, so the list is asserted. ... created: /tmp/tmploupujau/markers-typescript
created: /tmp/tmploupujau/markers-python
created: /tmp/tmploupujau/markers-go
created: /tmp/tmploupujau/markers-java-quarkus
created: /tmp/tmploupujau/markers-java-spring
ok
test_the_pruner_is_one_implementation_shared_with_the_generated_project (test_pruning.PruningTest.test_the_pruner_is_one_implementation_shared_with_the_generated_project) ... created: /tmp/tmpolft0g79/shared-pruner
ok
test_the_pruner_refuses_to_orphan_an_adapter_it_would_leave_behind (test_pruning.PruningTest.test_the_pruner_refuses_to_orphan_an_adapter_it_would_leave_behind)
Dropping the transport while the identity provider stays is the combination the factory ... created: /tmp/tmpgrlt3sg3/orphan
ok
test_a_forge_with_no_snapshot_yet_gets_one_without_deleting_anything (test_publish_release.PublishReleaseTest.test_a_forge_with_no_snapshot_yet_gets_one_without_deleting_anything) ... ok
test_a_missing_entry_does_not_stop_a_release_that_is_already_tagged (test_publish_release.PublishReleaseTest.test_a_missing_entry_does_not_stop_a_release_that_is_already_tagged)
By the time this runs the tag is pushed and the archives are built. Refusing over a changelog ... ok
test_a_release_the_forge_already_has_is_not_created_again (test_publish_release.PublishReleaseTest.test_a_release_the_forge_already_has_is_not_created_again)
A rerun finishes an upload; it does not rewrite the description of a release somebody may have ... ok
test_a_rerun_replaces_an_asset_rather_than_attaching_it_twice (test_publish_release.PublishReleaseTest.test_a_rerun_replaces_an_asset_rather_than_attaching_it_twice)
Gitea allows two attachments with one name, so a release retried without this would hold the ... ok
test_a_snapshot_needs_the_commit_it_was_built_from (test_publish_release.PublishReleaseTest.test_a_snapshot_needs_the_commit_it_was_built_from)
Without it Gitea would put the tag on the default branch's tip — which is not necessarily what ... ok
test_every_file_is_attached_under_its_own_name (test_publish_release.PublishReleaseTest.test_every_file_is_attached_under_its_own_name) ... ok
test_it_looks_the_tag_up_before_it_creates_anything (test_publish_release.PublishReleaseTest.test_it_looks_the_tag_up_before_it_creates_anything)
Order, not just outcome: the release is created only after the tag is known to exist. ... ok
test_it_refuses_a_file_that_is_not_there (test_publish_release.PublishReleaseTest.test_it_refuses_a_file_that_is_not_there)
Before anything is created, so a release is never made for archives that failed to download. ... ok
test_it_will_not_invent_a_tag_the_forge_has_not_got (test_publish_release.PublishReleaseTest.test_it_will_not_invent_a_tag_the_forge_has_not_got)
The refusal that matters most. Gitea's `POST /releases` creates a missing `tag_name` pointing at ... ok
test_the_notes_are_the_changelog_entry_for_that_version (test_publish_release.PublishReleaseTest.test_the_notes_are_the_changelog_entry_for_that_version)
Read rather than composed, from the same file `tag-release.py` reads the tag's message from, and ... ok
test_the_snapshot_is_the_one_release_remade_at_a_new_commit (test_publish_release.PublishReleaseTest.test_the_snapshot_is_the_one_release_remade_at_a_new_commit)
`--snapshot`: the previous `snapshot` release and its tag deleted, both made again at the commit ... ok
test_the_token_comes_from_the_environment_and_is_required (test_publish_release.PublishReleaseTest.test_the_token_comes_from_the_environment_and_is_required)
Never an argument: a command line is in the process table and in the runner's own logs. ... ok
test_the_token_is_sent_the_way_gitea_reads_it (test_publish_release.PublishReleaseTest.test_the_token_is_sent_the_way_gitea_reads_it)
`Authorization: token <t>`, not `Bearer`: the same spelling `publish-to-gitea.py` uses, and the ... ok
test_the_upload_is_multipart_and_carries_the_file_whole (test_publish_release.PublishReleaseTest.test_the_upload_is_multipart_and_carries_the_file_whole)
The one thing a hand-rolled body can get wrong: the attachments endpoint takes `multipart/ ... ok
test_a_tag_runs_the_whole_gate_and_is_never_cancelled (test_publish_release.ReleaseGateTest.test_a_tag_runs_the_whole_gate_and_is_never_cancelled) ... ok
test_the_gate_jobs_the_tag_runs_tolerate_a_released_VERSION (test_publish_release.ReleaseGateTest.test_the_gate_jobs_the_tag_runs_tolerate_a_released_VERSION)
Gate jobs used to assume `main`; the tagged commit carries a released VERSION, so they failed and ... ok
test_the_release_job_waits_for_every_gate_job (test_publish_release.ReleaseGateTest.test_the_release_job_waits_for_every_gate_job) ... ok
test_a_dispatched_tag_can_finish_a_release_whose_upload_failed (test_publish_release.WorkflowTest.test_a_dispatched_tag_can_finish_a_release_whose_upload_failed)
The retry a spent version needs: the tag cannot be pushed again, so the tag is an input, the ... ok
test_it_does_not_reach_for_the_github_cli (test_publish_release.WorkflowTest.test_it_does_not_reach_for_the_github_cli)
`gh` is not on this forge's runner image, and Gitea does not serve GitHub's API to it. ... ok
test_it_is_the_retry_and_not_the_release_path (test_publish_release.WorkflowTest.test_it_is_the_retry_and_not_the_release_path)
A tag push must not start this, because the same atomic push starts the gate. ... ok
test_it_publishes_through_the_script_this_suite_gates (test_publish_release.WorkflowTest.test_it_publishes_through_the_script_this_suite_gates) ... ok
test_adopt_says_them_first_the_page_carries_them_and_a_refresh_drops_what_is_fixed (test_quick_wins.QuickWinsTest.test_adopt_says_them_first_the_page_carries_them_and_a_refresh_drops_what_is_fixed) ... ok
test_each_kind_is_read_off_the_tree_with_the_file_and_the_fix_and_never_the_value (test_quick_wins.QuickWinsTest.test_each_kind_is_read_off_the_tree_with_the_file_and_the_fix_and_never_the_value) ... ok
test_the_jars_under_an_ant_build_are_its_classpath_and_not_a_quick_win (test_quick_wins.QuickWinsTest.test_the_jars_under_an_ant_build_are_its_classpath_and_not_a_quick_win) ... ok
test_a_finding_in_an_application_below_the_root_is_named_rather_than_excused (test_ratchet.RatchetTest.test_a_finding_in_an_application_below_the_root_is_named_rather_than_excused)
A tool prints paths relative to the directory it ran in, and a wrapped application's build runs in ... ok
test_a_red_linter_is_green_on_day_one_and_red_the_moment_something_new_appears (test_ratchet.RatchetTest.test_a_red_linter_is_green_on_day_one_and_red_the_moment_something_new_appears) ... ok
test_a_red_test_suite_is_quarantined_on_day_one_and_released_when_green (test_ratchet.RatchetTest.test_a_red_test_suite_is_quarantined_on_day_one_and_released_when_green)
A suite that arrives red does not make the gate red on day one: the ratchet records its state, says ... ok
test_a_smoke_command_is_recorded_started_by_make_smoke_and_run_by_ci_apart_from_verify (test_ratchet.RatchetTest.test_a_smoke_command_is_recorded_started_by_make_smoke_and_run_by_ci_apart_from_verify)
The one command the gate cannot compose from the eight: the application started and proved to answer. ... ok
test_a_suite_too_slow_for_verify_is_recorded_as_test_full (test_ratchet.RatchetTest.test_a_suite_too_slow_for_verify_is_recorded_as_test_full) ... ok
test_a_tool_that_is_not_on_this_machine_is_named_and_never_baselined (test_ratchet.RatchetTest.test_a_tool_that_is_not_on_this_machine_is_named_and_never_baselined)
`mvn` on a laptop that builds from the IDE: the shell's `command not found` is not a red linter, so it is ... ok
test_the_import_gate_passes_over_wrapped_code_unless_it_declares_the_layout (test_ratchet.RatchetTest.test_the_import_gate_passes_over_wrapped_code_unless_it_declares_the_layout) ... ok
test_a_production_target_gates_traffic_on_readiness_and_restarts_on_liveness (test_readiness.ReadinessTest.test_a_production_target_gates_traffic_on_readiness_and_restarts_on_liveness) ... created: /tmp/tmpb_lbh5nk/ready-cloud-typescript
created: /tmp/tmpb_lbh5nk/ready-cloud-python
created: /tmp/tmpb_lbh5nk/ready-cloud-go
created: /tmp/tmpb_lbh5nk/ready-cloud-java-quarkus
created: /tmp/tmpb_lbh5nk/ready-cloud-java-spring
ok
test_compose_waits_on_readiness_and_gives_the_service_the_store_s_address (test_readiness.ReadinessTest.test_compose_waits_on_readiness_and_gives_the_service_the_store_s_address) ... created: /tmp/tmp7sjtlu8t/ready-compose
ok
test_every_backend_declares_where_it_answers_send_me_traffic (test_readiness.ReadinessTest.test_every_backend_declares_where_it_answers_send_me_traffic)
A backend missing from the table is a backend whose Compose file, load balancer and smoke would ... ok
test_every_generated_backend_serves_a_readiness_route_that_asks_the_port (test_readiness.ReadinessTest.test_every_generated_backend_serves_a_readiness_route_that_asks_the_port)
Per backend, whichever way it is served: the three whose entry point this factory writes answer ... created: /tmp/tmpbm5b_4zf/ready-typescript
created: /tmp/tmpbm5b_4zf/ready-python
created: /tmp/tmpbm5b_4zf/ready-go
created: /tmp/tmpbm5b_4zf/ready-java-quarkus
created: /tmp/tmpbm5b_4zf/ready-java-spring
ok
test_the_composition_root_opens_the_store_the_project_chose (test_readiness.ReadinessTest.test_the_composition_root_opens_the_store_the_project_chose)
One store, opened by the entry point, inside the marked region of the answer that chose it — so ... created: /tmp/tmph9p4e429/ready-store-typescript
created: /tmp/tmph9p4e429/ready-store-python
created: /tmp/tmph9p4e429/ready-store-go
ok
test_the_standard_profile_still_answers_ready_with_nothing_to_ask (test_readiness.ReadinessTest.test_the_standard_profile_still_answers_ready_with_nothing_to_ask)
No event store, so no port that can be unreachable — and the route exists anyway, because a ... created: /tmp/tmpz22jbyf1/ready-standard
ok
test_what_generation_adds_to_compose_is_what_a_prune_takes_away (test_readiness.ReadinessTest.test_what_generation_adds_to_compose_is_what_a_prune_takes_away)
The two halves of one fact, as `PACKAGE_EDITS` and the manifest additions already are. ... ok
test_a_missing_cruise_json_is_written_with_the_default (test_refresh_owned.HeldTest.test_a_missing_cruise_json_is_written_with_the_default) ... ok
test_a_missing_drive_json_is_written_with_the_default (test_refresh_owned.HeldTest.test_a_missing_drive_json_is_written_with_the_default) ... ok
test_a_missing_models_json_is_written_with_the_default (test_refresh_owned.HeldTest.test_a_missing_models_json_is_written_with_the_default) ... ok
test_a_missing_owner_brief_is_written_with_the_default (test_refresh_owned.HeldTest.test_a_missing_owner_brief_is_written_with_the_default) ... ok
test_a_row_moved_by_hand_reaches_the_convergence_page (test_refresh_owned.HeldTest.test_a_row_moved_by_hand_reaches_the_convergence_page) ... ok
test_written_lists_the_four_and_the_report_names_no_owned_file (test_refresh_owned.HeldTest.test_written_lists_the_four_and_the_report_names_no_owned_file) ... ok
test_a_refresh_over_an_uncommitted_edit_to_a_seeded_file_records_no_entry_for_it (test_refresh_owned.RecordTest.test_a_refresh_over_an_uncommitted_edit_to_a_seeded_file_records_no_entry_for_it) ... ok
test_a_seeded_file_is_not_even_read_by_the_refresh (test_refresh_owned.RecordTest.test_a_seeded_file_is_not_even_read_by_the_refresh)
R1 says never compares: bytes that are not text would stop a comparison, and are the project's to keep. ... ok
test_a_committed_cruise_json_is_left_as_it_is (test_refresh_owned.RefreshKeepsOwnedTest.test_a_committed_cruise_json_is_left_as_it_is) ... ok
test_a_confirm_leaves_all_four_as_they_are (test_refresh_owned.RefreshKeepsOwnedTest.test_a_confirm_leaves_all_four_as_they_are) ... ok
test_a_cruise_json_with_the_settings_of_a_run_is_left_as_it_is (test_refresh_owned.RefreshKeepsOwnedTest.test_a_cruise_json_with_the_settings_of_a_run_is_left_as_it_is)
AC-S21-1's literal: `enabled: true` and `max_iterations: 10`, which the factory's default is neither of. ... ok
test_a_decline_leaves_all_four_as_they_are (test_refresh_owned.RefreshKeepsOwnedTest.test_a_decline_leaves_all_four_as_they_are) ... ok
test_a_drive_json_that_is_not_the_default_is_left_as_it_is (test_refresh_owned.RefreshKeepsOwnedTest.test_a_drive_json_that_is_not_the_default_is_left_as_it_is) ... ok
test_a_filled_in_owner_brief_is_left_as_it_is (test_refresh_owned.RefreshKeepsOwnedTest.test_a_filled_in_owner_brief_is_left_as_it_is) ... ok
test_a_models_json_that_is_not_the_default_is_left_as_it_is (test_refresh_owned.RefreshKeepsOwnedTest.test_a_models_json_that_is_not_the_default_is_left_as_it_is) ... ok
test_a_refresh_counts_none_of_the_four_among_the_files_it_rewrote (test_refresh_owned.RefreshKeepsOwnedTest.test_a_refresh_counts_none_of_the_four_among_the_files_it_rewrote) ... ok
test_a_confirm_over_an_uncommitted_edit_to_a_seeded_file_is_not_refused_and_it_stands (test_refresh_owned.UncommittedTest.test_a_confirm_over_an_uncommitted_edit_to_a_seeded_file_is_not_refused_and_it_stands) ... ok
test_an_uncommitted_deletion_of_a_seeded_file_is_still_refused_by_name (test_refresh_owned.UncommittedTest.test_an_uncommitted_deletion_of_a_seeded_file_is_still_refused_by_name) ... ok
test_an_uncommitted_edit_to_a_seeded_file_is_not_refused_and_stands (test_refresh_owned.UncommittedTest.test_an_uncommitted_edit_to_a_seeded_file_is_not_refused_and_stands) ... ok
test_an_uncommitted_hand_edit_to_the_convergence_page_is_still_refused_by_name (test_refresh_owned.UncommittedTest.test_an_uncommitted_hand_edit_to_the_convergence_page_is_still_refused_by_name) ... ok
test_a_release_path_lowered_below_the_row_moves_the_row_and_names_the_prerequisite (test_refresh_strategy.PersonLowersReleasePathTest.test_a_release_path_lowered_below_the_row_moves_the_row_and_names_the_prerequisite) ... ok
test_a_row_at_one_path_over_release_path_pipeline_stands_with_no_entry (test_refresh_strategy.PersonLowersReleasePathTest.test_a_row_at_one_path_over_release_path_pipeline_stands_with_no_entry)
A hold: `release.path` cannot spell `one-path`. ... ok
test_a_row_at_or_below_the_record_stands_and_its_entry_is_still_named (test_refresh_strategy.PersonLowersReleasePathTest.test_a_row_at_or_below_the_record_stands_and_its_entry_is_still_named)
A hold: adopted `--release manual`, later `release.path: pipeline`. ... ok
test_a_row_over_a_detected_release_record_stands (test_refresh_strategy.PersonLowersReleasePathTest.test_a_row_over_a_detected_release_record_stands)
A hold: a `release` record nobody answered is not a person's newer word. ... ok
test_the_sweep_every_lower_rung_the_record_can_name_under_every_rung_above_it (test_refresh_strategy.PersonLowersReleasePathTest.test_the_sweep_every_lower_rung_the_record_can_name_under_every_rung_above_it) ... ok
test_the_platform_a_refresh_names_in_before_is_the_products_the_record_carries (test_refresh_strategy.RefreshBeforeIsAssembledWholeTest.test_the_platform_a_refresh_names_in_before_is_the_products_the_record_carries) ... ok
test_the_rows_a_refresh_reads_are_the_reconciled_ones_whatever_the_strategy_and_platform (test_refresh_strategy.RefreshBeforeIsAssembledWholeTest.test_the_rows_a_refresh_reads_are_the_reconciled_ones_whatever_the_strategy_and_platform) ... ok
test_the_strategy_a_refresh_reads_the_entries_of_is_the_one_the_record_recommends (test_refresh_strategy.RefreshBeforeIsAssembledWholeTest.test_the_strategy_a_refresh_reads_the_entries_of_is_the_one_the_record_recommends) ... ok
test_a_path_to_production_recorded_above_scripted_is_not_named_a_prerequisite (test_refresh_strategy.RefreshStrategyTest.test_a_path_to_production_recorded_above_scripted_is_not_named_a_prerequisite) ... ok
test_a_path_to_production_recorded_at_manual_keeps_its_entry_and_names_manual (test_refresh_strategy.RefreshStrategyTest.test_a_path_to_production_recorded_at_manual_keeps_its_entry_and_names_manual) ... ok
test_a_row_a_person_overrode_above_the_rung_is_not_named_a_prerequisite (test_refresh_strategy.RefreshStrategyTest.test_a_row_a_person_overrode_above_the_rung_is_not_named_a_prerequisite) ... ok
test_a_row_left_at_the_rung_the_tree_reads_keeps_its_entry (test_refresh_strategy.RefreshStrategyTest.test_a_row_left_at_the_rung_the_tree_reads_keeps_its_entry)
A hold: today's behaviour, green before the change. ... ok
test_a_safety_net_a_person_recorded_at_tests_pass_is_not_named_a_prerequisite (test_refresh_strategy.RefreshStrategyTest.test_a_safety_net_a_person_recorded_at_tests_pass_is_not_named_a_prerequisite) ... ok
test_a_safety_net_recorded_at_none_keeps_its_entry_and_names_none (test_refresh_strategy.RefreshStrategyTest.test_a_safety_net_recorded_at_none_keeps_its_entry_and_names_none) ... ok
test_a_structure_recorded_above_as_found_is_not_named_a_prerequisite (test_refresh_strategy.RefreshStrategyTest.test_a_structure_recorded_above_as_found_is_not_named_a_prerequisite) ... ok
test_only_before_changes_and_a_second_refresh_leaves_the_record_still (test_refresh_strategy.RefreshStrategyTest.test_only_before_changes_and_a_second_refresh_leaves_the_record_still)
A hold: the other fields are derived as today, and the record is still between surveys. ... ok
test_the_baseline_writes_no_row_for_a_slice_already_recorded_under_its_bare_prefix (test_register_ids.BaselineBesideABareRowTest.test_the_baseline_writes_no_row_for_a_slice_already_recorded_under_its_bare_prefix) ... created: /tmp/tmp7y2gx0n6/baserow
ok
test_each_first_cell_names_the_id_it_did_or_none_and_check_decisions_agrees (test_register_ids.FirstCellShapesTest.test_each_first_cell_names_the_id_it_did_or_none_and_check_decisions_agrees) ... created: /tmp/tmpn8r_a45d/cells
ok
test_each_first_cell_names_the_same_id_to_check_benchmark (test_register_ids.FirstCellShapesTest.test_each_first_cell_names_the_same_id_to_check_benchmark) ... created: /tmp/tmpf0lkhfia/cellsb
ok
test_check_benchmark_warns_of_the_missing_record_and_exits_clean (test_register_ids.IdWithoutAPrefixTest.test_check_benchmark_warns_of_the_missing_record_and_exits_clean) ... created: /tmp/tmph3b778a5/noprefixb
ok
test_check_decisions_names_the_whole_id_without_a_row_and_passes_with_it (test_register_ids.IdWithoutAPrefixTest.test_check_decisions_names_the_whole_id_without_a_row_and_passes_with_it) ... created: /tmp/tmpdzzua3qz/noprefixd
ok
test_the_baseline_writes_a_row_headed_with_the_whole_id (test_register_ids.IdWithoutAPrefixTest.test_the_baseline_writes_a_row_headed_with_the_whole_id) ... created: /tmp/tmpswnikgq_/noprefixbase
ok
test_a_record_under_the_bare_prefix_is_still_found (test_register_ids.RecordLookupTest.test_a_record_under_the_bare_prefix_is_still_found) ... created: /tmp/tmpn80eydd1/recbare
ok
test_a_record_under_the_whole_id_is_found (test_register_ids.RecordLookupTest.test_a_record_under_the_whole_id_is_found) ... created: /tmp/tmp_c9ru73t/recwhole
ok
test_a_register_id_without_a_slug_is_held_as_before (test_register_ids.RecordLookupTest.test_a_register_id_without_a_slug_is_held_as_before) ... created: /tmp/tmp1nvc7jfp/recplain
ok
test_no_record_is_one_warning_naming_the_whole_id (test_register_ids.RecordLookupTest.test_no_record_is_one_warning_naming_the_whole_id) ... created: /tmp/tmpihllzysi/recnone
ok
test_a_missing_row_is_a_finding_that_names_the_whole_id (test_register_ids.RegisterIdsTest.test_a_missing_row_is_a_finding_that_names_the_whole_id) ... created: /tmp/tmpkyl8zwbf/missing
ok
test_a_register_id_without_a_slug_reads_as_before_and_header_rows_are_no_ids (test_register_ids.RegisterIdsTest.test_a_register_id_without_a_slug_reads_as_before_and_header_rows_are_no_ids) ... created: /tmp/tmpswiaunlo/plain
ok
test_a_row_headed_with_the_bare_prefix_still_satisfies_the_gate (test_register_ids.RegisterIdsTest.test_a_row_headed_with_the_bare_prefix_still_satisfies_the_gate) ... created: /tmp/tmpam7kg2_e/bare
ok
test_a_row_headed_with_the_whole_id_satisfies_the_gate (test_register_ids.RegisterIdsTest.test_a_row_headed_with_the_whole_id_satisfies_the_gate) ... created: /tmp/tmp2p6wokxt/whole
ok
test_both_guards_a_click_needs_are_there (test_release.DispatchTest.test_both_guards_a_click_needs_are_there) ... ok
test_the_checkout_is_a_main_the_script_will_accept (test_release.DispatchTest.test_the_checkout_is_a_main_the_script_will_accept)
A release is cut from `main`, at every tag the history has: a detached HEAD and a shallow clone ... ok
test_the_push_is_a_persons_rather_than_the_forges (test_release.DispatchTest.test_the_push_is_a_persons_rather_than_the_forges) ... ok
test_writing_is_the_branch_the_dispatch_has_to_ask_for (test_release.DispatchTest.test_writing_is_the_branch_the_dispatch_has_to_ask_for) ... ok
test_a_bare_version_on_main_is_not_trusted (test_release.ReleaseTest.test_a_bare_version_on_main_is_not_trusted)
Only this script writes a release into `VERSION`, on the commit it tags. A bare number that got ... ok
test_a_branch_that_is_not_main_is_refused (test_release.ReleaseTest.test_a_branch_that_is_not_main_is_refused) ... ok
test_a_commit_the_forge_does_not_have_is_refused (test_release.ReleaseTest.test_a_commit_the_forge_does_not_have_is_refused)
The tag has to name a commit the workflows can check out — and the one verify.yml judged. ... ok
test_a_dirty_checkout_is_refused (test_release.ReleaseTest.test_a_dirty_checkout_is_refused) ... ok
test_a_fragment_that_claims_no_level_is_refused (test_release.ReleaseTest.test_a_fragment_that_claims_no_level_is_refused)
The entry's level is the highest its fragments claim, so a fragment claiming none leaves the ... ok
test_a_local_tag_naming_another_commit_is_never_moved (test_release.ReleaseTest.test_a_local_tag_naming_another_commit_is_never_moved) ... ok
test_a_number_the_fragments_do_not_justify_is_refused (test_release.ReleaseTest.test_a_number_the_fragments_do_not_justify_is_refused)
The number `main` carries is the claim its changes make. A PATCH fragment under a `VERSION` that ... ok
test_a_release_made_but_never_pushed_is_finished_rather_than_remade (test_release.ReleaseTest.test_a_release_made_but_never_pushed_is_finished_rather_than_remade)
An earlier run whose push failed leaves its two commits and the tag behind, and nothing else; ... ok
test_a_release_nothing_was_written_for_is_refused (test_release.ReleaseTest.test_a_release_nothing_was_written_for_is_refused)
The entry is written while the version is in flight, one fragment per change, so a release with no ... ok
test_a_snapshot_becomes_a_release_a_tag_and_the_next_snapshot_in_one_push (test_release.ReleaseTest.test_a_snapshot_becomes_a_release_a_tag_and_the_next_snapshot_in_one_push)
The whole point: one push, and the forge has the tag its release workflows fire on and a main ... ok
test_a_version_the_forge_already_has_is_spent (test_release.ReleaseTest.test_a_version_the_forge_already_has_is_spent)
The refusal that matters most: the registry takes a name and version once, so the second attempt ... ok
test_an_open_commit_that_touched_version_alone_is_still_this_scripts_own (test_release.ReleaseTest.test_an_open_commit_that_touched_version_alone_is_still_this_scripts_own)
Every release before the entry was opened here left that shape, and a run of one of them whose push ... ok
test_the_address_in_the_report_carries_no_credentials (test_release.ReleaseTest.test_the_address_in_the_report_carries_no_credentials)
The report is meant to be pasted into a message; a token in it would travel with it. ... ok
test_the_forge_remote_is_whichever_one_this_checkout_has (test_release.ReleaseTest.test_the_forge_remote_is_whichever_one_this_checkout_has)
`publish-to-gitea.py` adds `gitea`; a clone of what it pushed calls the same forge `origin`. Both ... ok
test_two_commits_of_somebodys_own_are_not_mistaken_for_an_unfinished_release (test_release.ReleaseTest.test_two_commits_of_somebodys_own_are_not_mistaken_for_an_unfinished_release)
The same two commits with a file of somebody's own in one of them are not this script's, and are ... ok
test_e24_a_browser_missing_from_the_install_says_to_delete_the_prefix_and_run_again (test_render_browser.BrowserTest.test_e24_a_browser_missing_from_the_install_says_to_delete_the_prefix_and_run_again) ... created: /tmp/tmpxivarxoz/render-case
ok
test_e24_a_browser_that_stops_mid_window_is_one_line_about_the_browser_and_blames_no_diagram (test_render_browser.BrowserTest.test_e24_a_browser_that_stops_mid_window_is_one_line_about_the_browser_and_blames_no_diagram) ... created: /tmp/tmpkwxhqhcv/render-case
ok
test_e24_a_browser_that_stops_while_the_png_is_drawn_is_the_browser_and_not_the_png (test_render_browser.BrowserTest.test_e24_a_browser_that_stops_while_the_png_is_drawn_is_the_browser_and_not_the_png) ... created: /tmp/tmp1p5y1ifk/render-case
ok
test_e24_a_launch_failure_with_neither_message_is_one_line_and_no_advice (test_render_browser.BrowserTest.test_e24_a_launch_failure_with_neither_message_is_one_line_and_no_advice) ... created: /tmp/tmp57n_fokz/render-case
ok
test_e24_a_launch_that_found_no_usable_sandbox_and_no_config_names_the_variable_whoever_runs_it (test_render_browser.BrowserTest.test_e24_a_launch_that_found_no_usable_sandbox_and_no_config_names_the_variable_whoever_runs_it) ... created: /tmp/tmpp0rxy1m_/render-case
ok
test_e24_with_a_config_given_a_sandbox_failure_is_not_given_the_advice (test_render_browser.BrowserTest.test_e24_with_a_config_given_a_sandbox_failure_is_not_given_the_advice) ... created: /tmp/tmpo_hy8tbh/render-case
ok
test_e23_every_puppeteer_variable_is_in_the_key_set_changed_and_unset (test_render_current.CurrentTest.test_e23_every_puppeteer_variable_is_in_the_key_set_changed_and_unset) ... created: /tmp/tmpva48apn4/render-case
ok
test_e23_the_config_is_read_once_and_the_bytes_keyed_are_the_bytes_launched_with (test_render_current.CurrentTest.test_e23_the_config_is_read_once_and_the_bytes_keyed_are_the_bytes_launched_with) ... created: /tmp/tmphrjtb1p_/render-case
ok
test_e5_a_file_with_no_closing_tag_is_redrawn (test_render_current.CurrentTest.test_e5_a_file_with_no_closing_tag_is_redrawn) ... created: /tmp/tmpjzq54u11/render-case
ok
test_e5_a_renderer_line_on_line_three_is_a_diagram_redrawn_once (test_render_current.CurrentTest.test_e5_a_renderer_line_on_line_three_is_a_diagram_redrawn_once) ... created: /tmp/tmpr0pgbxy9/render-case
ok
test_e5_a_second_wrong_source_stamp_on_line_three_is_left_and_the_gate_agrees (test_render_current.CurrentTest.test_e5_a_second_wrong_source_stamp_on_line_three_is_left_and_the_gate_agrees) ... created: /tmp/tmpu_qatfju/render-case
ok
test_e5_a_wrong_key_redraws_that_diagram_alone (test_render_current.CurrentTest.test_e5_a_wrong_key_redraws_that_diagram_alone) ... created: /tmp/tmp5gxw2xfe/render-case
ok
test_e5_a_wrong_source_hash_redraws_that_diagram_alone (test_render_current.CurrentTest.test_e5_a_wrong_source_hash_redraws_that_diagram_alone) ... created: /tmp/tmpnf__k7qw/render-case
ok
test_e5_both_stamps_on_one_line_are_a_diagram_redrawn_once (test_render_current.CurrentTest.test_e5_both_stamps_on_one_line_are_a_diagram_redrawn_once) ... created: /tmp/tmp_vil_p9c/render-case
ok
test_e5_crlf_line_ends_are_a_diagram_redrawn_once (test_render_current.CurrentTest.test_e5_crlf_line_ends_are_a_diagram_redrawn_once) ... created: /tmp/tmp7dc7e96r/render-case
ok
test_e5_each_ci_marker_redraws_every_diagram_and_an_empty_one_is_no_marker (test_render_current.CurrentTest.test_e5_each_ci_marker_redraws_every_diagram_and_an_empty_one_is_no_marker) ... created: /tmp/tmpzr1eol39/render-case
ok
test_e5_no_renderer_line_redraws_that_diagram_alone (test_render_current.CurrentTest.test_e5_no_renderer_line_redraws_that_diagram_alone) ... created: /tmp/tmpeitl1jly/render-case
ok
test_e5_the_two_stamps_swapped_are_a_diagram_redrawn_once (test_render_current.CurrentTest.test_e5_the_two_stamps_swapped_are_a_diagram_redrawn_once) ... created: /tmp/tmpwq9y8hqz/render-case
ok
test_e6_each_input_of_the_key_changed_in_turn_redraws_every_diagram (test_render_current.CurrentTest.test_e6_each_input_of_the_key_changed_in_turn_redraws_every_diagram) ... created: /tmp/tmpznbq002w/render-case
ok
test_e7_hold_extract_hash_reads_the_source_stamp_of_a_two_line_svg_as_of_a_one_line_one (test_render_current.CurrentTest.test_e7_hold_extract_hash_reads_the_source_stamp_of_a_two_line_svg_as_of_a_one_line_one) ... created: /tmp/tmp5bovg5_e/render-case
ok
test_e7_the_page_carries_both_comments_where_it_inlines_a_picture (test_render_current.CurrentTest.test_e7_the_page_carries_both_comments_where_it_inlines_a_picture) ... created: /tmp/tmpcr0pfjyv/render-case
ok
test_e10_deleting_a_diagram_redraws_it_alone_and_deleting_what_the_remedy_names_redraws_every_diagram (test_render_docs.FollowedTest.test_e10_deleting_a_diagram_redraws_it_alone_and_deleting_what_the_remedy_names_redraws_every_diagram) ... created: /tmp/tmpem8c4sr9/render-case
ok
test_e17_after_migrate_the_first_run_redraws_every_diagram_once_and_adds_the_second_comment_line (test_render_docs.FollowedTest.test_e17_after_migrate_the_first_run_redraws_every_diagram_once_and_adds_the_second_comment_line) ... created: /tmp/tmpecepyxvl/render-case
ok
test_e10_the_event_model_page_no_longer_says_a_browser_per_diagram (test_render_docs.SaysItTest.test_e10_the_event_model_page_no_longer_says_a_browser_per_diagram) ... ok
test_e10_the_shipped_readme_says_how_to_force_a_redraw_and_that_there_is_no_setting_or_flag (test_render_docs.SaysItTest.test_e10_the_shipped_readme_says_how_to_force_a_redraw_and_that_there_is_no_setting_or_flag) ... ok
test_e17_the_fragment_claims_patch_and_says_both_catch_up_things (test_render_docs.SaysItTest.test_e17_the_fragment_claims_patch_and_says_both_catch_up_things) ... ok
test_e17_the_version_stays_and_the_changelog_arithmetic_holds (test_render_docs.SaysItTest.test_e17_the_version_stays_and_the_changelog_arithmetic_holds) ... ok
test_e18_the_shipped_readme_says_one_run_per_tree_at_a_time_and_what_a_second_run_meets (test_render_docs.SaysItTest.test_e18_the_shipped_readme_says_one_run_per_tree_at_a_time_and_what_a_second_run_meets) ... ok
test_e23_the_fragment_names_the_puppeteer_variables_in_the_key_and_what_the_key_does_not_notice (test_render_docs.SaysItTest.test_e23_the_fragment_names_the_puppeteer_variables_in_the_key_and_what_the_key_does_not_notice) ... ok
test_e16_run_as_root_a_failure_that_is_not_the_launch_does_not_get_the_root_advice (test_render_failures.FailuresTest.test_e16_run_as_root_a_failure_that_is_not_the_launch_does_not_get_the_root_advice) ... created: /tmp/tmpj_qdc_vl/render-case
ok
test_e16_run_as_root_with_a_config_given_the_root_line_is_not_said (test_render_failures.FailuresTest.test_e16_run_as_root_with_a_config_given_the_root_line_is_not_said) ... created: /tmp/tmpab_gw7og/render-case
ok
test_e16_run_as_root_with_no_config_the_launch_failure_says_which_variable_fixes_it_once (test_render_failures.FailuresTest.test_e16_run_as_root_with_no_config_the_launch_failure_says_which_variable_fixes_it_once) ... created: /tmp/tmp_5szg56e/render-case
ok
test_e8_a_browser_that_cannot_start_is_one_line_about_the_browser_and_blames_no_diagram (test_render_failures.FailuresTest.test_e8_a_browser_that_cannot_start_is_one_line_about_the_browser_and_blames_no_diagram) ... created: /tmp/tmpo_p3hd9a/render-case
ok
test_e8_a_browser_that_will_not_close_after_every_draw_succeeded_is_one_line_and_the_files_stay (test_render_failures.FailuresTest.test_e8_a_browser_that_will_not_close_after_every_draw_succeeded_is_one_line_and_the_files_stay) ... created: /tmp/tmpc806s22j/render-case
ok
test_e8_a_draw_that_failed_and_a_browser_that_will_not_close_are_both_said_the_draw_first (test_render_failures.FailuresTest.test_e8_a_draw_that_failed_and_a_browser_that_will_not_close_are_both_said_the_draw_first) ... created: /tmp/tmppubo_m34/render-case
ok
test_e8_a_package_that_cannot_be_loaded_from_the_prefix_is_named_and_is_not_a_browser_that_would_not_start (test_render_failures.FailuresTest.test_e8_a_package_that_cannot_be_loaded_from_the_prefix_is_named_and_is_not_a_browser_that_would_not_start) ... created: /tmp/tmpihmday8l/render-case
ok
test_e8_a_png_that_cannot_be_drawn_names_the_file (test_render_failures.FailuresTest.test_e8_a_png_that_cannot_be_drawn_names_the_file) ... created: /tmp/tmpumz2f75j/render-case
ok
test_e8_a_puppeteer_config_that_cannot_be_read_names_the_variable_before_anything_is_drawn (test_render_failures.FailuresTest.test_e8_a_puppeteer_config_that_cannot_be_read_names_the_variable_before_anything_is_drawn) ... created: /tmp/tmpffvn05ej/render-case
ok
test_e8_a_puppeteer_config_that_is_not_json_names_the_variable_once (test_render_failures.FailuresTest.test_e8_a_puppeteer_config_that_is_not_json_names_the_variable_once) ... created: /tmp/tmp5q588_xd/render-case
ok
test_e8_an_installed_package_whose_manifest_is_unreadable_is_named (test_render_failures.FailuresTest.test_e8_an_installed_package_whose_manifest_is_unreadable_is_named) ... created: /tmp/tmp7piiqd11/render-case
ok
test_e11_an_empty_model_after_a_run_that_left_files_removes_every_artifact (test_render_files.FinishedFilesTest.test_e11_an_empty_model_after_a_run_that_left_files_removes_every_artifact) ... created: /tmp/tmpheksnz0w/render-case
ok
test_e11_what_the_model_no_longer_produces_is_removed_by_name_and_nothing_it_still_does_is_touched (test_render_files.FinishedFilesTest.test_e11_what_the_model_no_longer_produces_is_removed_by_name_and_nothing_it_still_does_is_touched) ... created: /tmp/tmpsjm376a0/render-case
ok
test_e12_every_text_output_is_written_only_where_it_differs (test_render_files.FinishedFilesTest.test_e12_every_text_output_is_written_only_where_it_differs) ... created: /tmp/tmpy35w8q8k/render-case
ok
test_e18_a_temporary_is_named_for_the_process_that_writes_it_so_two_runs_never_share_one (test_render_files.FinishedFilesTest.test_e18_a_temporary_is_named_for_the_process_that_writes_it_so_two_runs_never_share_one) ... created: /tmp/tmp5nh3n0k_/render-case
ok
test_e18_hold_a_leftover_temporary_of_any_process_is_removed_before_drawing (test_render_files.FinishedFilesTest.test_e18_hold_a_leftover_temporary_of_any_process_is_removed_before_drawing) ... created: /tmp/tmp6jpbf72d/render-case
ok
test_e8_a_failed_draw_leaves_the_earlier_file_names_the_diagram_and_exits_non_zero (test_render_files.FinishedFilesTest.test_e8_a_failed_draw_leaves_the_earlier_file_names_the_diagram_and_exits_non_zero) ... created: /tmp/tmp89cuny96/render-case
ok
test_e8_a_rename_that_cannot_happen_fails_the_run_keeps_the_earlier_file_and_closes_the_session (test_render_files.FinishedFilesTest.test_e8_a_rename_that_cannot_happen_fails_the_run_keeps_the_earlier_file_and_closes_the_session) ... created: /tmp/tmpho_sg14o/render-case
ok
test_e8_hold_a_redrawn_svg_and_png_arrive_as_new_files_never_written_in_place (test_render_files.FinishedFilesTest.test_e8_hold_a_redrawn_svg_and_png_arrive_as_new_files_never_written_in_place) ... created: /tmp/tmpu4yxa57e/render-case
ok
test_e8_no_further_draw_starts_after_a_failure_and_the_session_is_closed (test_render_files.FinishedFilesTest.test_e8_no_further_draw_starts_after_a_failure_and_the_session_is_closed) ... created: /tmp/tmpl00eh2w6/render-case
ok
test_e9_png_is_drawn_on_every_run_that_asks_in_the_session_the_svgs_use_and_never_left (test_render_files.FinishedFilesTest.test_e9_png_is_drawn_on_every_run_that_asks_in_the_session_the_svgs_use_and_never_left) ... created: /tmp/tmp3i4k1wwt/render-case
ok
test_e9_without_the_request_an_existing_png_is_left_as_it_is (test_render_files.FinishedFilesTest.test_e9_without_the_request_an_existing_png_is_left_as_it_is) ... created: /tmp/tmp7mr_ziwq/render-case
ok
test_e12_a_second_run_on_an_unchanged_tree_writes_nothing_and_says_nothing_was_written (test_render_files_report.ReportTest.test_e12_a_second_run_on_an_unchanged_tree_writes_nothing_and_says_nothing_was_written) ... created: /tmp/tmp8iqvh42t/render-case
ok
test_e12_an_edit_writes_exactly_the_files_whose_bytes_differ (test_render_files_report.ReportTest.test_e12_an_edit_writes_exactly_the_files_whose_bytes_differ) ... created: /tmp/tmp7vt2z2so/render-case
ok
test_e12_the_page_is_rebuilt_from_the_svgs_on_disk (test_render_files_report.ReportTest.test_e12_the_page_is_rebuilt_from_the_svgs_on_disk) ... created: /tmp/tmpguxotvqs/render-case
ok
test_e13_a_one_slice_model_agrees_its_nouns_with_their_counts (test_render_files_report.ReportTest.test_e13_a_one_slice_model_agrees_its_nouns_with_their_counts) ... created: /tmp/tmppipxydmi/render-case
ok
test_e13_a_run_that_drew_only_the_png_says_the_png_was_drawn (test_render_files_report.ReportTest.test_e13_a_run_that_drew_only_the_png_says_the_png_was_drawn) ... created: /tmp/tmp62ly1hcy/render-case
ok
test_e13_the_closing_line_says_what_the_run_did_on_a_first_run_an_edit_and_nothing_changed (test_render_files_report.ReportTest.test_e13_the_closing_line_says_what_the_run_did_on_a_first_run_an_edit_and_nothing_changed) ... created: /tmp/tmp33jrg7ll/render-case
ok
test_e13_the_empty_model_message_is_unchanged (test_render_files_report.ReportTest.test_e13_the_empty_model_message_is_unchanged) ... created: /tmp/tmpo79dwy7a/render-case
ok
test_e19_under_a_ci_marker_the_closing_line_says_one_clause_why_everything_was_drawn (test_render_files_report.ReportTest.test_e19_under_a_ci_marker_the_closing_line_says_one_clause_why_everything_was_drawn) ... created: /tmp/tmphpaaclai/render-case
ok
test_e25_the_closing_line_in_each_case_of_drawn_none_ci_and_png_alone_and_together (test_render_files_report.ReportTest.test_e25_the_closing_line_in_each_case_of_drawn_none_ci_and_png_alone_and_together) ... created: /tmp/tmpiy8p787s/render-case
ok
test_e9_the_png_flag_asks_for_the_raster_copy_as_the_variable_does (test_render_files_report.ReportTest.test_e9_the_png_flag_asks_for_the_raster_copy_as_the_variable_does) ... created: /tmp/tmppz64pa07/render-case
ok
test_e21_a_dangling_link_or_a_file_at_slices_or_segments_is_removed_and_a_directory_made (test_render_links.LinksTest.test_e21_a_dangling_link_or_a_file_at_slices_or_segments_is_removed_and_a_directory_made) ... created: /tmp/tmpxqw0y195/render-case
ok
test_e21_a_fifo_at_an_svg_name_does_not_hang_the_run (test_render_links.LinksTest.test_e21_a_fifo_at_an_svg_name_does_not_hang_the_run) ... created: /tmp/tmpj0ezoz_f/render-case
ok
test_e21_a_leftover_temporary_is_removed_and_said (test_render_links.LinksTest.test_e21_a_leftover_temporary_is_removed_and_said) ... created: /tmp/tmpydouphji/render-case
ok
test_e21_a_link_at_slices_or_segments_is_removed_as_itself_and_what_it_names_stands (test_render_links.LinksTest.test_e21_a_link_at_slices_or_segments_is_removed_as_itself_and_what_it_names_stands) ... created: /tmp/tmpj4snfvjl/render-case
ok
test_e21_a_link_at_slices_to_the_projects_own_root_removes_the_link_and_nothing_it_names (test_render_links.LinksTest.test_e21_a_link_at_slices_to_the_projects_own_root_removes_the_link_and_nothing_it_names) ... created: /tmp/tmposf5lvdh/render-case
ok
test_e21_a_link_at_the_png_is_replaced_when_it_is_asked_for_and_what_it_names_stands (test_render_links.LinksTest.test_e21_a_link_at_the_png_is_replaced_when_it_is_asked_for_and_what_it_names_stands) ... created: /tmp/tmpj2s08s6f/render-case
ok
test_e21_a_link_where_the_empty_model_clears_is_removed_as_itself (test_render_links.LinksTest.test_e21_a_link_where_the_empty_model_clears_is_removed_as_itself) ... created: /tmp/tmp9cd6y9rm/render-case
ok
test_e21_a_real_directory_the_model_does_not_produce_is_removed_without_following_the_link_inside_it (test_render_links.LinksTest.test_e21_a_real_directory_the_model_does_not_produce_is_removed_without_following_the_link_inside_it) ... created: /tmp/tmp_9oq1sn3/render-case
ok
test_e21_an_entry_at_a_name_the_model_produces_that_is_not_a_file_is_removed_then_drawn_or_written (test_render_links.LinksTest.test_e21_an_entry_at_a_name_the_model_produces_that_is_not_a_file_is_removed_then_drawn_or_written) ... created: /tmp/tmpp5i4__bh/render-case
ok
test_e22_a_slice_id_as_long_as_a_file_name_allows_is_drawn (test_render_links.LinksTest.test_e22_a_slice_id_as_long_as_a_file_name_allows_is_drawn) ... created: /tmp/tmp28f35lu0/render-case
ok
test_e16_hold_the_swimlane_patch_has_run_before_the_browser_is_launched (test_render_once.OneSessionTest.test_e16_hold_the_swimlane_patch_has_run_before_the_browser_is_launched) ... created: /tmp/tmpdx_8sici/patch-order
ok
test_e16_the_session_is_launched_with_the_config_files_contents_at_the_width_of_today (test_render_once.OneSessionTest.test_e16_the_session_is_launched_with_the_config_files_contents_at_the_width_of_today) ... created: /tmp/tmpkd7ilkpi/render-case
ok
test_e1_a_first_run_opens_one_session_and_draws_every_diagram_through_it (test_render_once.OneSessionTest.test_e1_a_first_run_opens_one_session_and_draws_every_diagram_through_it) ... created: /tmp/tmpmh0ckhu4/render-case
ok
test_e4_a_fresh_checkout_and_a_ci_run_each_open_one_session (test_render_once.OneSessionTest.test_e4_a_fresh_checkout_and_a_ci_run_each_open_one_session) ... created: /tmp/tmp25c_r73y/render-case
ok
test_e4_a_one_slice_model_draws_its_three_diagrams_in_one_session (test_render_once.OneSessionTest.test_e4_a_one_slice_model_draws_its_three_diagrams_in_one_session) ... created: /tmp/tmpk18r_xkm/render-case
ok
test_e2_one_renamed_frame_draws_the_timeline_its_segment_and_its_slice_and_leaves_the_rest (test_render_once.OnlyWhatChangedTest.test_e2_one_renamed_frame_draws_the_timeline_its_segment_and_its_slice_and_leaves_the_rest) ... created: /tmp/tmpq705sssk/render-case
ok
test_e3_an_added_frame_redraws_every_later_slice_and_segment_and_no_earlier_slice (test_render_once.OnlyWhatChangedTest.test_e3_an_added_frame_redraws_every_later_slice_and_segment_and_no_earlier_slice) ... created: /tmp/tmpgqtaioel/render-case
ok
test_nothing_to_draw_opens_no_session (test_render_once.OnlyWhatChangedTest.test_nothing_to_draw_opens_no_session) ... created: /tmp/tmpsc2c3xy3/render-case
ok
test_hold_a_mmd_sits_beside_every_svg_stamped_with_its_hash_and_the_page_exists (test_render_pinned.RenderPinnedTest.test_hold_a_mmd_sits_beside_every_svg_stamped_with_its_hash_and_the_page_exists) ... created: /tmp/tmpay0a9_f4/render-pin
ok
test_hold_a_slice_the_model_no_longer_has_leaves_nothing_behind (test_render_pinned.RenderPinnedTest.test_hold_a_slice_the_model_no_longer_has_leaves_nothing_behind) ... created: /tmp/tmp25b9fl2l/render-pin
ok
test_hold_an_empty_model_removes_every_artifact (test_render_pinned.RenderPinnedTest.test_hold_an_empty_model_removes_every_artifact) ... created: /tmp/tmp1jagf__f/render-pin
ok
test_a_major_waits_to_be_asked_for_and_a_vulnerability_does_not_wait_at_all (test_renovate.RenovateTest.test_a_major_waits_to_be_asked_for_and_a_vulnerability_does_not_wait_at_all)
The two rules that make a weekly window safe in a tree where every version is exact. ... created: /tmp/tmpb1m4fq53/held
ok
test_a_project_is_given_rules_only_for_the_ecosystems_it_has (test_renovate.RenovateTest.test_a_project_is_given_rules_only_for_the_ecosystems_it_has)
A group naming a manager the project gives nothing to read is a rule that will never fire, and ... created: /tmp/tmpmjn6cd9u/rules-typescript-none
created: /tmp/tmpmjn6cd9u/rules-go-react-vite
created: /tmp/tmpmjn6cd9u/rules-java-spring-none
ok
test_the_factory_is_covered_by_one_of_its_own (test_renovate.RenovateTest.test_the_factory_is_covered_by_one_of_its_own)
The same argument applied here: the manifests under `assets/` are the ones every generated project ... ok
test_the_file_says_that_nothing_runs_it (test_renovate.RenovateTest.test_the_file_says_that_nothing_runs_it)
The one thing a reader has to know and cannot see: a configuration is inert until a bot is ... created: /tmp/tmpbtt3qour/inert
ok
test_the_python_dependencies_are_read_where_this_project_actually_keeps_them (test_renovate.RenovateTest.test_the_python_dependencies_are_read_where_this_project_actually_keeps_them)
A Python service's dependencies are in its `pyproject.toml`, with a `uv.lock` beside it, so the ... created: /tmp/tmpcx979fcl/updated
ok
test_the_toolchain_managers_read_the_versions_the_pin_files_hold (test_renovate.RenovateTest.test_the_toolchain_managers_read_the_versions_the_pin_files_hold)
The custom managers exist because no manager reads an action's *inputs*: without them Renovate ... created: /tmp/tmpshs1beex/updated
ok
test_a_feature_the_project_pruned_is_not_offered_back (test_replay.ReplayTest.test_a_feature_the_project_pruned_is_not_offered_back)
`./init --auth none` took Keycloak away; the replay reads the project's disk, as `add-service` ... created: /tmp/tmprm_1id08/settled
ok
test_a_newer_factory_merges_forward_over_what_the_project_changed (test_replay.ReplayTest.test_a_newer_factory_merges_forward_over_what_the_project_changed)
The project edits its own code, adds a file, and edits one generated file the factory also ... created: /tmp/tmpz2un7_xr/product
ok
test_a_project_design_system_replaces_the_untouched_starter_styles (test_replay.ReplayTest.test_a_project_design_system_replaces_the_untouched_starter_styles)
A project imported its own root tokens but never edited the generated visual baseline. ... created: /tmp/tmpw_bx_pbl/themed
ok
test_replay_is_a_verb_with_its_own_help (test_replay.ReplayTest.test_replay_is_a_verb_with_its_own_help) ... ok
test_replay_never_deletes_a_starter_stylesheet_the_project_changed (test_replay.ReplayTest.test_replay_never_deletes_a_starter_stylesheet_the_project_changed)
A changed starter file is project work even after another token file appears. ... created: /tmp/tmpq6hjob_w/two-themes
ok
test_replay_refuses_what_it_cannot_offer_to (test_replay.ReplayTest.test_replay_refuses_what_it_cannot_offer_to) ... created: /tmp/tmpfucr6pyh/guarded
ok
test_the_factory_that_made_a_project_replays_it_byte_for_byte (test_replay.ReplayTest.test_the_factory_that_made_a_project_replays_it_byte_for_byte)
The proof that `project.json` records every answer: nothing else is needed to make the same tree. ... created: /tmp/tmp7x_d9rkj/twin
ok
test_an_adopted_repository_keeps_its_own (test_repository.RepositoryFilesTest.test_an_adopted_repository_keeps_its_own)
Its licence is real, its security policy is somebody's commitment, and its template is its ... ok
test_every_gate_and_path_the_template_names_is_one_this_project_has (test_repository.RepositoryFilesTest.test_every_gate_and_path_the_template_names_is_one_this_project_has)
A checklist item pointing at a target this project does not run, or a directory it does not ... created: /tmp/tmpv9pp3f78/templated
created: /tmp/tmpv9pp3f78/deployed
created: /tmp/tmpv9pp3f78/plain
ok
test_the_checklist_is_this_project_s_answers_and_not_a_fixed_list (test_repository.RepositoryFilesTest.test_the_checklist_is_this_project_s_answers_and_not_a_fixed_list)
The event model, the expand/contract rule and the flag gate are asked for where the project has ... created: /tmp/tmpnnut5gts/asked
created: /tmp/tmpnnut5gts/unasked
ok
test_the_licence_is_the_default_nobody_chose_and_grants_nothing (test_repository.RepositoryFilesTest.test_the_licence_is_the_default_nobody_chose_and_grants_nothing)
There is no licence axis and this does not invent one. `All rights reserved` is where a ... created: /tmp/tmprzztgmhh/owned
ok
test_the_licence_year_is_the_year_it_was_generated (test_repository.RepositoryFilesTest.test_the_licence_year_is_the_year_it_was_generated)
Read through the one seam rather than by waiting for January. ... ok
test_the_security_policy_is_this_project_s_and_asks_for_the_one_thing_only_it_knows (test_repository.RepositoryFilesTest.test_the_security_policy_is_this_project_s_and_asks_for_the_one_thing_only_it_knows) ... created: /tmp/tmpz4x2nmka/guarded
ok
test_the_template_says_there_is_no_changelog_rather_than_pointing_at_one (test_repository.RepositoryFilesTest.test_the_template_says_there_is_no_changelog_rather_than_pointing_at_one)
The project has none, and the honest line is the one that says so and says where the record of a ... created: /tmp/tmpak7bkmxl/recorded
ok
test_a_class_admits_the_names_the_other_two_would_refuse (test_reserved_names.ReservedNamesTest.test_a_class_admits_the_names_the_other_two_would_refuse)
The whole-word words pass inside a longer word and the prefix word passes anywhere but the front. ... ok
test_a_cloud_refuses_a_reserved_word_three_different_ways (test_reserved_names.ReservedNamesTest.test_a_cloud_refuses_a_reserved_word_three_different_ways)
Azure publishes three classes at once and a flat list of substrings expresses only one of them. ... ok
test_the_catalog_refuses_a_reserved_declaration_it_cannot_honour (test_reserved_names.ReservedNamesTest.test_the_catalog_refuses_a_reserved_declaration_it_cannot_honour)
A word arrives with the way it is refused, and only a target that provisions something has any. ... ok
test_both_constitution_templates_make_the_rule_the_unit_and_the_build_not_the_red (test_rule_increment.RuleIncrementTest.test_both_constitution_templates_make_the_rule_the_unit_and_the_build_not_the_red) ... ok
test_the_map_groups_scenarios_under_their_rule_and_the_briefs_cut_and_drive_by_rule (test_rule_increment.RuleIncrementTest.test_the_map_groups_scenarios_under_their_rule_and_the_briefs_cut_and_drive_by_rule) ... created: /tmp/tmpf6edq0il/rules
ok
test_e70_a_gate_changed_in_the_gap_parks_the_run_before_the_next_iteration_starts (test_runner_between.RunnerBetweenTest.test_e70_a_gate_changed_in_the_gap_parks_the_run_before_the_next_iteration_starts)
AC-S02-70 and -71: under `--no-park` the run exits 3 with the park line last; no entry for the ... created: /tmp/tmp749qhgcy/between-parks
ok
test_e76_a_file_added_under_tools_between_iterations_is_an_install_and_does_not_park (test_runner_between.RunnerBetweenTest.test_e76_a_file_added_under_tools_between_iterations_is_an_install_and_does_not_park)
AC-S02-76, first half (hold): the same function answers, so an install is not a change. ... created: /tmp/tmpm8s27d8j/between-installs
ok
test_e76_a_file_modified_or_deleted_under_tools_between_iterations_parks_the_run (test_runner_between.RunnerBetweenTest.test_e76_a_file_modified_or_deleted_under_tools_between_iterations_parks_the_run)
AC-S02-76, second half: an install is not a change, an edit is. ... created: /tmp/tmpdh6c68_5/between-tools-modified
created: /tmp/tmpqn4qeya4/between-tools-deleted
ok
test_e79_an_iteration_ended_by_tell_now_parks_and_the_message_waits_for_the_park (test_runner_between.RunnerBetweenTest.test_e79_an_iteration_ended_by_tell_now_parks_and_the_message_waits_for_the_park)
AC-S02-79: iteration 1 is ended for a message; a gate changes in the gap; the run parks, and once ... created: /tmp/tmpombwgzf_/between-tell-now
ok
test_e72_a_change_kept_on_purpose_is_named_on_the_next_entry_and_in_the_feed_once (test_runner_between_park.RunnerBetweenParkTest.test_e72_a_change_kept_on_purpose_is_named_on_the_next_entry_and_in_the_feed_once)
AC-S02-72: the person keeps the change and resumes with a message; the number was not consumed. ... created: /tmp/tmpdnazjorj/named-kept
ok
test_e73_a_change_reverted_during_the_park_leaves_neither_field_and_no_line (test_runner_between_park.RunnerBetweenParkTest.test_e73_a_change_reverted_during_the_park_leaves_neither_field_and_no_line)
AC-S02-73: the net difference at the iteration's start is nothing. ... created: /tmp/tmp2o19a799/named-reverted
ok
test_e74_a_control_changed_during_any_park_is_named_and_a_later_change_still_parks (test_runner_between_park.RunnerBetweenParkTest.test_e74_a_control_changed_during_any_park_is_named_and_a_later_change_still_parks)
AC-S02-74: iteration 1 parks for a decision; the person edits a gate and resumes; iteration 2 is named ... created: /tmp/tmp00gnonj1/named-other-park
ok
test_e75_hold_a_change_that_parked_its_own_iteration_and_was_kept_is_not_named_again (test_runner_between_park.RunnerBetweenParkTest.test_e75_hold_a_change_that_parked_its_own_iteration_and_was_kept_is_not_named_again)
AC-S02-75 (hold): the kept after-signature is the next before-signature, so nothing differs. ... created: /tmp/tmphnlkpd77/named-not-twice
ok
test_e77_hold_no_change_between_two_iterations_says_nothing_and_writes_no_field (test_runner_between_park.RunnerBetweenParkTest.test_e77_hold_no_change_between_two_iterations_says_nothing_and_writes_no_field)
AC-S02-77 (hold). ... created: /tmp/tmpzp2mpe54/named-nothing
ok
test_e78_hold_a_runner_processs_first_iteration_compares_nothing_with_an_earlier_process (test_runner_between_park.RunnerBetweenParkTest.test_e78_hold_a_runner_processs_first_iteration_compares_nothing_with_an_earlier_process)
AC-S02-78 (hold): a gate changed between two runner processes is not seen by the runner at all. ... created: /tmp/tmp1i7iqcew/named-first
ok
test_the_generated_command_says_a_control_is_also_compared_between_iterations (test_runner_between_park.RunnerBetweenParkTest.test_the_generated_command_says_a_control_is_also_compared_between_iterations)
The cruise command's *Blocked* paragraph says what D64 decided, in the words a person reads. ... created: /tmp/tmp6qq54i2i/said-between
ok
test_watch_reads_the_between_park_as_a_park_and_the_naming_line_as_nothing_it_returns_on (test_runner_between_park.RunnerBetweenParkTest.test_watch_reads_the_between_park_as_a_park_and_the_naming_line_as_nothing_it_returns_on)
`watch`'s `boundary()` against the two new lines: the park returns the seat, the naming does not. ... created: /tmp/tmpmyzse7qt/watch-between
ok
test_a_file_modified_within_two_seconds_of_the_moment_it_was_hashed_is_read_again (test_runner_controls.RunnerControlsTest.test_a_file_modified_within_two_seconds_of_the_moment_it_was_hashed_is_read_again)
AC-S02-9: the record is taken as of ten seconds on; the gate's modification time is then set one second ... created: /tmp/tmpc09a9rqz/window
ok
test_a_later_signature_over_controls_no_one_touched_opens_no_control_and_equals_the_first (test_runner_controls.RunnerControlsTest.test_a_later_signature_over_controls_no_one_touched_opens_no_control_and_equals_the_first)
AC-S02-1: the second and every later signature of the process opens nothing for content. ... created: /tmp/tmpoozk79qr/once
ok
test_a_platform_that_reports_no_change_time_or_no_identity_has_every_control_read_every_time (test_runner_controls.RunnerControlsTest.test_a_platform_that_reports_no_change_time_or_no_identity_has_every_control_read_every_time)
AC-S02-10: handed a stat result with all four facts, the record reuses a hash; handed one without a ... created: /tmp/tmpsn9_nz7y/platform
ok
test_a_touched_or_same_bytes_file_is_read_once_and_not_again_while_it_stays_unchanged (test_runner_controls.RunnerControlsTest.test_a_touched_or_same_bytes_file_is_read_once_and_not_again_while_it_stays_unchanged)
AC-S02-5, the reads: touching a gate (or rewriting it with the bytes it has) moves its times, so the ... created: /tmp/tmpfajjw91q/touched
ok
test_hold_a_new_runner_process_hashes_every_control_and_consults_nothing_from_an_earlier_one (test_runner_controls.RunnerControlsTest.test_hold_a_new_runner_process_hashes_every_control_and_consults_nothing_from_an_earlier_one)
AC-S02-11, a hold: today every signature reads everything, and the record is the process's and never ... created: /tmp/tmpbqwhspyt/process
ok
created: /tmp/tmpfjthg_3y/append
created: /tmp/tmpfjthg_3y/in-place
created: /tmp/tmpfjthg_3y/rename
created: /tmp/tmpfjthg_3y/touches
created: /tmp/tmpfjthg_3y/person
created: /tmp/tmpfjthg_3y/deleted
created: /tmp/tmpfjthg_3y/unreadable
test_hold_a_control_a_person_edits_while_the_run_is_parked_is_not_charged_to_the_next_iteration (test_runner_controls_park.RunnerControlsParkTest.test_hold_a_control_a_person_edits_while_the_run_is_parked_is_not_charged_to_the_next_iteration)
AC-S02-6 (hold): iteration 1 parks the run for a person; once its entry is written the person edits a gate ... ok
test_hold_a_control_unreadable_after_the_iteration_is_reported_deleted_as_it_is_today (test_runner_controls_park.RunnerControlsParkTest.test_hold_a_control_unreadable_after_the_iteration_is_reported_deleted_as_it_is_today)
AC-S02-8 (hold): a file that cannot be opened is absent from the signature, so it compares as deleted; ... ok
test_hold_a_deleted_control_and_a_script_added_beside_the_gates_are_changes_and_an_install_is_not (test_runner_controls_park.RunnerControlsParkTest.test_hold_a_deleted_control_and_a_script_added_beside_the_gates_are_changes_and_an_install_is_not)
AC-S02-7 (hold). ... ok
test_hold_a_gate_replaced_by_rename_with_a_same_size_file_of_the_old_time_parks_the_run (test_runner_controls_park.RunnerControlsParkTest.test_hold_a_gate_replaced_by_rename_with_a_same_size_file_of_the_old_time_parks_the_run)
AC-S02-4 (hold): the identity of the file is what shows it. ... ok
test_hold_a_gate_rewritten_in_place_at_its_size_with_its_time_restored_parks_the_run (test_runner_controls_park.RunnerControlsParkTest.test_hold_a_gate_rewritten_in_place_at_its_size_with_its_time_restored_parks_the_run)
AC-S02-3 (hold): same size, modification time put back — the change time is what shows it. ... ok
test_hold_a_line_appended_to_a_gate_parks_the_run (test_runner_controls_park.RunnerControlsParkTest.test_hold_a_line_appended_to_a_gate_parks_the_run)
AC-S02-2 (hold). ... ok
test_hold_an_iteration_that_only_touches_a_gate_or_rewrites_its_bytes_does_not_park_for_it (test_runner_controls_park.RunnerControlsParkTest.test_hold_an_iteration_that_only_touches_a_gate_or_rewrites_its_bytes_does_not_park_for_it)
AC-S02-5 (hold, the park half): the reads half is in `test_runner_controls`. ... ok
test_a_hook_file_a_registry_row_gains_is_held_from_the_next_signature_on (test_runner_controls_paths.RunnerControlsPathsTest.test_a_hook_file_a_registry_row_gains_is_held_from_the_next_signature_on)
T015, the probe seam: the signature taken after the registry gained a hook row covers that file, and a ... created: /tmp/tmp8477kliv/gains
ok
test_a_registry_change_is_read_once_and_a_registry_no_one_touches_is_not_opened_again (test_runner_controls_paths.RunnerControlsPathsTest.test_a_registry_change_is_read_once_and_a_registry_no_one_touches_is_not_opened_again)
AC-S02-1 with T015: the path set follows the registry's hash from the record, so the changed registry ... created: /tmp/tmp4bkp5jl8/rereads
ok
test_an_iteration_that_gains_a_hook_row_is_told_so_and_a_later_edit_of_that_file_parks_the_run (test_runner_controls_paths.RunnerControlsPathsTest.test_an_iteration_that_gains_a_hook_row_is_told_so_and_a_later_edit_of_that_file_parks_the_run)
T015, through the runner: iteration 1 gives a row a hook file and the run parks naming both changes; a ... created: /tmp/tmp7gjjp_3w/gained
ok
test_a_file_added_removed_or_renamed_changes_the_value_and_a_removed_files_record_is_dropped (test_runner_fingerprint.RunnerFingerprintTest.test_a_file_added_removed_or_renamed_changes_the_value_and_a_removed_files_record_is_dropped)
AC-S02-16: the path is in the digest; the record holds one entry per file under `specs/` and sheds a ... created: /tmp/tmp7qcuu9mh/paths
ok
test_a_file_written_within_the_margin_of_its_read_is_read_again_and_the_value_is_the_same (test_runner_fingerprint.RunnerFingerprintTest.test_a_file_written_within_the_margin_of_its_read_is_read_again_and_the_value_is_the_same)
AC-S02-17: with the record taken as of ten seconds on, a file whose modification time is one second short ... created: /tmp/tmp98ua31bd/window
ok
test_a_later_call_over_a_tree_written_long_ago_opens_no_file_under_specs_and_returns_the_same (test_runner_fingerprint.RunnerFingerprintTest.test_a_later_call_over_a_tree_written_long_ago_opens_no_file_under_specs_and_returns_the_same)
AC-S02-12, -13 and -21: the first call opens each file under `specs/` but the log and the checkpoint ... created: /tmp/tmptip6dvor/reads
ok
test_a_touched_or_rewritten_file_is_read_alone_once_and_the_value_does_not_move (test_runner_fingerprint.RunnerFingerprintTest.test_a_touched_or_rewritten_file_is_read_alone_once_and_the_value_does_not_move)
AC-S02-14: touching a file, or writing the bytes it has, is not progress. ... created: /tmp/tmpjnrstj7p/touch
ok
test_hold_a_commit_or_a_change_outside_specs_moves_the_value_and_opens_no_file_under_specs (test_runner_fingerprint.RunnerFingerprintTest.test_hold_a_commit_or_a_change_outside_specs_moves_the_value_and_opens_no_file_under_specs)
AC-S02-19: a change outside `specs/` that alters `git status`, and then a commit that alters nothing but ... created: /tmp/tmpnk9xe4du/outside
ok
test_hold_a_log_that_carries_earlier_values_is_read_and_the_run_parks_on_values_of_its_own (test_runner_fingerprint.RunnerFingerprintTest.test_hold_a_log_that_carries_earlier_values_is_read_and_the_run_parks_on_values_of_its_own)
AC-S02-20 (hold): two entries carrying fingerprints the earlier code wrote do not make the next two ... created: /tmp/tmprv4kwgdn/older
ok
test_hold_a_same_size_rewrite_with_different_bytes_changes_the_value_even_with_its_time_restored (test_runner_fingerprint.RunnerFingerprintTest.test_hold_a_same_size_rewrite_with_different_bytes_changes_the_value_even_with_its_time_restored)
AC-S02-15 (hold; today's value is of the bytes): the modification time put back leaves the change time ... created: /tmp/tmp7pd5ika0/rewrite
ok
test_hold_the_same_tree_gives_two_runner_processes_the_same_value (test_runner_fingerprint.RunnerFingerprintTest.test_hold_the_same_tree_gives_two_runner_processes_the_same_value)
AC-S02-18 (hold): the value is of the tree, never of the process. `test_cruise_runner`'s *no progress ... created: /tmp/tmpqwa_v_8m/twice
ok
test_a_run_over_no_log_reads_no_byte_and_every_later_iteration_reads_none (test_runner_log.RunnerLogTest.test_a_run_over_no_log_reads_no_byte_and_every_later_iteration_reads_none)
No log at all: nothing to read at the start, and nothing at any iteration after. ... created: /tmp/tmpp_aa7kzg/none
ok
test_the_second_iteration_reads_nothing_whatever_the_history_was (test_runner_log.RunnerLogTest.test_the_second_iteration_reads_nothing_whatever_the_history_was)
AC-S02-23: over a log of one entry the second entry's `log_bytes` is 0, as over fifty. ... created: /tmp/tmpoytxxev8/one
ok
test_the_seeded_log_is_read_once_and_the_next_iteration_reads_no_byte_of_it (test_runner_log.RunnerLogTest.test_the_seeded_log_is_read_once_and_the_next_iteration_reads_no_byte_of_it)
AC-S02-22: over a log of 50 entries, one process runs two iterations; they are numbered 51 and 52, the ... created: /tmp/tmpdo0wx9iv/fifty
ok
test_a_log_cut_during_an_iteration_is_appended_to_and_the_next_is_numbered_from_what_is_left (test_runner_log_stale.RunnerLogStaleTest.test_a_log_cut_during_an_iteration_is_appended_to_and_the_next_is_numbered_from_what_is_left)
AC-S02-24: ten entries, cut to three while iteration 11 runs: its entry is appended as today, the next ... created: /tmp/tmp1h984sh7/stale-cut
ok
test_a_log_deleted_during_an_iteration_is_recreated_holding_that_one_entry (test_runner_log_stale.RunnerLogStaleTest.test_a_log_deleted_during_an_iteration_is_recreated_holding_that_one_entry)
AC-S02-25: deleted while iteration 4 runs; recreated holding that entry; the next is numbered 2 and ... created: /tmp/tmprehh7q3y/stale-delete
ok
test_a_log_edited_in_place_to_the_same_length_is_read_whole_at_the_next_iteration (test_runner_log_stale.RunnerLogStaleTest.test_a_log_edited_in_place_to_the_same_length_is_read_whole_at_the_next_iteration)
AC-S02-27: the count is the entries plus one, and `log_bytes` the file's size before the new entry. ... created: /tmp/tmp9wz93_qi/stale-edit
ok
test_a_log_replaced_by_a_new_file_of_the_same_bytes_is_read_whole_at_the_next_iteration (test_runner_log_stale.RunnerLogStaleTest.test_a_log_replaced_by_a_new_file_of_the_same_bytes_is_read_whole_at_the_next_iteration)
AC-S02-26: the number is what it would have been (3 + 1 + 1), and the entry's `log_bytes` is the whole ... created: /tmp/tmpytibu6gh/stale-replace
ok
test_an_entry_another_hand_appended_is_counted_and_the_log_is_read_whole (test_runner_log_stale.RunnerLogStaleTest.test_an_entry_another_hand_appended_is_counted_and_the_log_is_read_whole)
AC-S02-28: three seeded and one by hand; iteration 1 is numbered 4 and the next counts the hand's entry ... created: /tmp/tmpxyl0hx3g/stale-append
ok
test_hold_a_log_half_written_during_an_iteration_ends_the_run_at_the_next_read (test_runner_log_stale.RunnerLogStaleTest.test_hold_a_log_half_written_during_an_iteration_ends_the_run_at_the_next_read)
AC-S02-29 (hold), after a change: the entry is appended as today, the next read fails the same way, ... created: /tmp/tmpmec27q84/half-later
ok
test_hold_a_log_whose_last_line_is_not_a_whole_entry_ends_the_run_and_nothing_is_appended (test_runner_log_stale.RunnerLogStaleTest.test_hold_a_log_whose_last_line_is_not_a_whole_entry_ends_the_run_and_nothing_is_appended)
AC-S02-29 (hold), at the start: the run ends on the parse error as it does today. ... created: /tmp/tmp9lpkev_z/half-start
ok
test_hold_status_where_tell_and_resume_print_what_they_printed_over_a_log_of_fifty (test_runner_log_stale.RunnerLogStaleTest.test_hold_status_where_tell_and_resume_print_what_they_printed_over_a_log_of_fifty)
AC-S02-32 (hold): the verbs that read the log whole once per invocation are untouched; their output over ... created: /tmp/tmpzr_4l9rc/verbs
ok
test_hold_the_stuck_window_is_what_it_was_when_the_log_is_cut_short_during_a_park (test_runner_log_stale.RunnerLogStaleTest.test_hold_the_stuck_window_is_what_it_was_when_the_log_is_cut_short_during_a_park)
AC-S02-33 (hold): two idle iterations park the run (`stuck_after` 2); while it waits the log is emptied ... created: /tmp/tmp4ownkc10/window
/usr/lib/python3.14/unittest/case.py:615: ResourceWarning: unclosed file <_io.TextIOWrapper name=7 encoding='UTF-8'>
  result = method()
ResourceWarning: Enable tracemalloc to get the object allocation traceback
ok
test_e80_a_fifo_left_at_the_log_with_a_gate_edited_parks_naming_the_gate (test_runner_nonregular.RunnerNonRegularTest.test_e80_a_fifo_left_at_the_log_with_a_gate_edited_parks_naming_the_gate)
AC-S02-80, A3: the entry cannot be written, and the run says which gate changed before it says that. ... created: /tmp/tmp4k5urf2_/fifo-log-gate
ok
test_e80_a_fifo_left_at_the_stream_with_a_gate_edited_parks_naming_the_gate (test_runner_nonregular.RunnerNonRegularTest.test_e80_a_fifo_left_at_the_stream_with_a_gate_edited_parks_naming_the_gate)
AC-S02-80, A1: the controls are compared and named before the stream is read. ... created: /tmp/tmpvzcdvx5p/fifo-stream-gate
ok
test_e80_a_log_that_is_not_a_regular_file_ends_the_run_with_one_line_naming_it (test_runner_nonregular.RunnerNonRegularTest.test_e80_a_log_that_is_not_a_regular_file_ends_the_run_with_one_line_naming_it)
AC-S02-80, A3: a FIFO or a directory at the log; the runner never blocks and never prints a traceback. ... created: /tmp/tmpaf90lhnx/fifo-log
created: /tmp/tmptuyxu8zn/directory-log
ok
test_e80_a_stream_that_is_not_a_regular_file_gives_no_index_use_and_the_run_goes_on (test_runner_nonregular.RunnerNonRegularTest.test_e80_a_stream_that_is_not_a_regular_file_gives_no_index_use_and_the_run_goes_on)
AC-S02-80: a FIFO or a directory at the stream is read as nothing and appended to by nothing, in the ... created: /tmp/tmpq8jnth59/fifo-stream
created: /tmp/tmpoyr46d7_/directory-stream
ok
test_e80_status_does_not_block_on_a_fifo_at_the_stream (test_runner_nonregular.RunnerNonRegularTest.test_e80_status_does_not_block_on_a_fifo_at_the_stream)
AC-S02-80, B1: `status` reads the stream for the account of the index, and the path is not a file. ... created: /tmp/tmph7c_56ct/fifo-status
ok
test_e69_hold_the_fragment_claims_minor_on_its_first_line (test_runner_pages.WhatTheFragmentSaysTest.test_e69_hold_the_fragment_claims_minor_on_its_first_line) ... ok
test_the_fragment_names_what_the_slice_changed_and_what_each_part_cannot_see (test_runner_pages.WhatTheFragmentSaysTest.test_the_fragment_names_what_the_slice_changed_and_what_each_part_cannot_see) ... ok
test_e46_each_page_says_the_runners_check_narrows_as_well_as_the_gate (test_runner_pages.WhatThePagesSayOfTheRunnersCheckTest.test_e46_each_page_says_the_runners_check_narrows_as_well_as_the_gate) ... ok
test_the_codegraph_extension_says_it_where_it_writes_the_block_as_well_as_in_its_docstring (test_runner_pages.WhatThePagesSayOfTheRunnersCheckTest.test_the_codegraph_extension_says_it_where_it_writes_the_block_as_well_as_in_its_docstring) ... ok
test_a_run_with_no_stream_kept_carries_no_stream_bytes (test_runner_stream.RunnerStreamTest.test_a_run_with_no_stream_kept_carries_no_stream_bytes)
Where the harness keeps no stream the field is absent, as the data model says. ... created: /tmp/tmpd9dm7g2x/no-stream
ok
test_e30_a_stream_of_fifty_iterations_is_read_from_this_iterations_marker (test_runner_stream.RunnerStreamTest.test_e30_a_stream_of_fifty_iterations_is_read_from_this_iterations_marker)
AC-S02-30: `index_use` is what the whole read gives; `stream_bytes` is the section, not the history. ... created: /tmp/tmp6_2sk8kt/stream-fifty
ok
test_e30_the_bytes_read_do_not_depend_on_how_long_the_history_was (test_runner_stream.RunnerStreamTest.test_e30_the_bytes_read_do_not_depend_on_how_long_the_history_was)
SC-006 held as a count: the same iteration over 5 and over 50 iterations of history reads the same. ... created: /tmp/tmpgp9rbxdu/history-5
created: /tmp/tmpj19w54sl/history-50
ok
test_e31_a_deleted_stream_gives_no_index_use (test_runner_stream.RunnerStreamTest.test_e31_a_deleted_stream_gives_no_index_use)
AC-S02-31: nothing to read, nothing read. ... created: /tmp/tmpi18426b5/stream-gone
ok
test_e31_a_stream_cut_short_to_a_marker_elsewhere_is_read_whole (test_runner_stream.RunnerStreamTest.test_e31_a_stream_cut_short_to_a_marker_elsewhere_is_read_whole)
AC-S02-31: the harness truncates the stream and writes a marker of its own at byte 0 — not where the ... created: /tmp/tmpenkagsdj/stream-cut
ok
test_e31_a_stream_replaced_during_the_iteration_is_read_whole (test_runner_stream.RunnerStreamTest.test_e31_a_stream_replaced_during_the_iteration_is_read_whole)
AC-S02-31: another file moved into the path, with a marker for this iteration at another byte. ... created: /tmp/tmp5y4mogpi/stream-replaced
ok
test_a_project_with_no_browser_app_is_not_given_a_dev_server_to_configure (test_running.RunningTest.test_a_project_with_no_browser_app_is_not_given_a_dev_server_to_configure)
A `WEB_HOST` in a project with no `apps/web` is a setting for a server that does not exist, and ... created: /tmp/tmpe7gd9bur/no-browser
ok
test_a_project_with_nothing_to_run_says_so_instead_of_offering_a_target (test_running.RunningTest.test_a_project_with_nothing_to_run_says_so_instead_of_offering_a_target)
`make demo` on a project with no transport and no browser app would start an empty network, and ... created: /tmp/tmpgsfg72cm/nothing-to-run
ok
test_dropping_the_transport_takes_the_way_to_run_it_along_with_it (test_running.RunningTest.test_dropping_the_transport_takes_the_way_to_run_it_along_with_it)
The pruner's rule is that nothing it leaves behind may reference what it removed. An entry point ... created: /tmp/tmpylqcdgvu/was-served
ok
test_every_backend_can_be_run_and_demonstrated_rather_than_only_verified (test_running.RunningTest.test_every_backend_can_be_run_and_demonstrated_rather_than_only_verified)
A starter whose only verb is `make verify` teaches that working means passing, and leaves the ... created: /tmp/tmpyk0byow0/runnable
created: /tmp/tmph4fm5wnl/runnable
created: /tmp/tmpyhznsxrw/runnable
ok
test_the_dev_server_can_be_told_to_listen_where_the_browser_is_not (test_running.RunningTest.test_the_dev_server_can_be_told_to_listen_where_the_browser_is_not)
Vite binds loopback, which is the right default on a laptop and the wrong one everywhere the ... created: /tmp/tmpnf39pe42/reachable
created: /tmp/tmp4g3daclk/reachable
ok
test_the_generated_compose_file_is_one_docker_compose_agrees_to_read (test_running.RunningTest.test_the_generated_compose_file_is_one_docker_compose_agrees_to_read)
The app's services are written into a marked YAML file by substitution, which is the one kind of ... created: /tmp/tmpwe7afs__/composable
ok
test_a_dropped_backing_service_takes_its_environment_variables_with_it (test_schema_edge.SchemaEdgeTest.test_a_dropped_backing_service_takes_its_environment_variables_with_it)
A variable left behind after the adapter that read it is configuration nobody can act on. ... created: /tmp/tmpp__zk3py/dropped
created: /tmp/tmpp__zk3py/dropped
ok
test_a_project_with_no_transport_has_no_edge_to_configure (test_schema_edge.SchemaEdgeTest.test_a_project_with_no_transport_has_no_edge_to_configure)
The environment schema and the published contract belong to the transport, and go with it. ... created: /tmp/tmp9chekdbb/plain
created: /tmp/tmp9chekdbb/plain
created: /tmp/tmp9chekdbb/plain
ok
test_the_fastapi_edge_answers_through_a_model_rather_than_an_untyped_dict (test_schema_edge.SchemaEdgeTest.test_the_fastapi_edge_answers_through_a_model_rather_than_an_untyped_dict) ... created: /tmp/tmpg53e3ieh/schema-fastapi
ok
test_the_fastify_edge_declares_its_schemas_and_serves_the_document (test_schema_edge.SchemaEdgeTest.test_the_fastify_edge_declares_its_schemas_and_serves_the_document) ... created: /tmp/tmp0eifz78h/schema-fastify
ok
test_the_go_edge_publishes_a_file_and_a_test_holds_it_to_the_routes (test_schema_edge.SchemaEdgeTest.test_the_go_edge_publishes_a_file_and_a_test_holds_it_to_the_routes)
Go has no framework to build a document from the routes, and buying a generator would cost ... created: /tmp/tmpw29xfglz/schema-go
ok
test_a_manifest_this_factory_does_not_know_is_refused (test_services.ServicesTest.test_a_manifest_this_factory_does_not_know_is_refused) ... ok
test_a_service_name_has_to_be_a_directory_a_package_and_a_compose_service (test_services.ServicesTest.test_a_service_name_has_to_be_a_directory_a_package_and_a_compose_service) ... ok
test_a_service_records_what_it_owns_and_which_contexts_it_holds (test_services.ServicesTest.test_a_service_records_what_it_owns_and_which_contexts_it_holds)
`purpose` and `contexts` scaffold nothing; they are what the delivery loop places slices against, ... ok
test_browser_apps_are_a_list_too (test_services.ServicesTest.test_browser_apps_are_a_list_too)
A second browser app, proxying to a second service: every reader names both, on their own ports. ... ok
test_each_language_has_a_shape_for_a_second_service (test_services.ServicesTest.test_each_language_has_a_shape_for_a_second_service) ... ok
test_every_reader_iterates_over_the_services (test_services.ServicesTest.test_every_reader_iterates_over_the_services)
The proof that no reader kept its own copy: with two services, each names both. ... ok
test_one_service_may_hold_several_contexts (test_services.ServicesTest.test_one_service_may_hold_several_contexts)
The modular monolith a project starts as: one deployable, several models. The list is recorded ... ok
test_services_in_two_languages_share_one_repository (test_services.ServicesTest.test_services_in_two_languages_share_one_repository)
A TypeScript service on Fastify and Postgres beside a Python one on FastAPI and SQLite: every ... ok
test_the_manifest_records_every_application_and_reads_back (test_services.ServicesTest.test_the_manifest_records_every_application_and_reads_back) ... ok
test_the_pruner_prunes_every_service_by_its_own_language (test_services.ServicesTest.test_the_pruner_prunes_every_service_by_its_own_language)
`./init` after generation reaches a second service's adapters exactly as it reaches the first's, ... ok
test_a_package_that_declares_no_build_is_left_alone (test_shared_packages.SharedPackageDeployTest.test_a_package_that_declares_no_build_is_left_alone)
A shared package can be plain source its consumers compile themselves. Nothing to build is not ... created: /tmp/tmpwdr2mvr8/mixed
ok
test_a_project_with_no_browser_app_uploads_nothing_and_builds_nothing (test_shared_packages.SharedPackageDeployTest.test_a_project_with_no_browser_app_uploads_nothing_and_builds_nothing)
`upload_site` returns before any of this when there is no site to upload. ... created: /tmp/tmpe6zu2e9l/headless
ok
test_a_project_with_no_packages_directory_asks_for_nothing (test_shared_packages.SharedPackageDeployTest.test_a_project_with_no_packages_directory_asks_for_nothing)
Discovery, not a list: a project that has deleted the directory outright builds nothing rather ... created: /tmp/tmpghjb5o8g/bare
ok
test_every_shared_package_is_built_before_the_app_that_imports_it (test_shared_packages.SharedPackageDeployTest.test_every_shared_package_is_built_before_the_app_that_imports_it)
The whole defect: the browser app imports declarations a package under `packages/` emits, that ... created: /tmp/tmp6uljudvj/shared
ok
test_the_install_that_creates_the_workspace_links_still_comes_first (test_shared_packages.SharedPackageDeployTest.test_the_install_that_creates_the_workspace_links_still_comes_first)
`npm --workspace <path>` resolves through the links `npm ci` writes into `node_modules`. A ... created: /tmp/tmpn673fkbi/installed
ok
test_a_native_services_integration_job_is_never_sent_looking_for_npm (test_shared_packages.SharedPackageProjectTest.test_a_native_services_integration_job_is_never_sent_looking_for_npm)
The downstream failure, exactly: a Go service beside a React app has an npm workspace, so ... created: /tmp/tmpzney3spk/native-integration
ok
test_a_project_with_no_npm_workspace_is_given_none_of_it (test_shared_packages.SharedPackageProjectTest.test_a_project_with_no_npm_workspace_is_given_none_of_it)
`build-packages` is the npm family's answer. A Go project with no browser app has no root ... created: /tmp/tmpxagfs50z/native
ok
test_each_native_family_keeps_its_own_integration_job_clear_of_npm (test_shared_packages.SharedPackageProjectTest.test_each_native_family_keeps_its_own_integration_job_clear_of_npm)
One image per family, none of them Node's: whichever native backend is beside a browser app, its ... created: /tmp/tmpvrnval6q/python-integration
created: /tmp/tmp3408b4bx/java-spring-integration
ok
test_everything_that_compiles_this_project_needs_the_shared_packages_built (test_shared_packages.SharedPackageProjectTest.test_everything_that_compiles_this_project_needs_the_shared_packages_built)
Declared as a prerequisite in one line rather than as a step inside each recipe. A step is ... created: /tmp/tmp_jk7u03j/gated
ok
test_the_manifest_says_where_shared_code_lives_and_the_deploy_reads_it_there (test_shared_packages.SharedPackageProjectTest.test_the_manifest_says_where_shared_code_lives_and_the_deploy_reads_it_there)
`scripts/deploy.py` discovers the packages through `project.json`'s `layout.packages` rather ... created: /tmp/tmp8aet9la8/recorded
ok
test_the_workspace_holds_packages_whether_or_not_there_is_a_browser_app (test_shared_packages.SharedPackageProjectTest.test_the_workspace_holds_packages_whether_or_not_there_is_a_browser_app)
`docs/architecture.md` tells the reader the root `package.json` already lists `packages/*`. It ... created: /tmp/tmphnjn51je/with-web
created: /tmp/tmphnjn51je/without-web
ok
test_two_families_get_one_job_each_and_only_the_npm_one_builds_the_packages (test_shared_packages.SharedPackageProjectTest.test_two_families_get_one_job_each_and_only_the_npm_one_builds_the_packages)
A TypeScript service and a Go one in the same repository: one integration job per family, each in ... created: /tmp/tmpboiwz64m/two
ok
test_a_new_browser_app_brings_the_skills_it_earns (test_skill_capabilities.SkillCapabilityTest.test_a_new_browser_app_brings_the_skills_it_earns)
Reversible without a list: `add-frontend` writes every file the new application's arrival changes, ... created: /tmp/tmpry04838g/grown
ok
test_a_skill_ships_where_its_subject_is_and_not_where_it_is_not (test_skill_capabilities.SkillCapabilityTest.test_a_skill_ships_where_its_subject_is_and_not_where_it_is_not) ... created: /tmp/tmpnmywezdw/ledger
created: /tmp/tmpnmywezdw/tally
created: /tmp/tmpnmywezdw/forge
ok
test_every_declaration_names_something_a_project_can_be_given (test_skill_capabilities.SkillCapabilityTest.test_every_declaration_names_something_a_project_can_be_given) ... ok
test_the_gate_names_a_skill_the_project_no_longer_justifies (test_skill_capabilities.SkillCapabilityTest.test_the_gate_names_a_skill_the_project_no_longer_justifies) ... created: /tmp/tmp524z8w04/shrunk
ok
test_the_generated_gate_reads_a_declaration_the_way_the_factory_does (test_skill_capabilities.SkillCapabilityTest.test_the_generated_gate_reads_a_declaration_the_way_the_factory_does)
Two readers of one format, held to each other on every skill that ships. ... ok
test_the_language_a_service_is_written_in_is_a_capability (test_skill_capabilities.SkillCapabilityTest.test_the_language_a_service_is_written_in_is_a_capability)
`typescript-strict` reached the Go and Java projects because nothing recorded the language. ... created: /tmp/tmp37jsvi6q/typed
ok
test_the_page_lists_what_shipped_and_names_what_did_not (test_skill_capabilities.SkillCapabilityTest.test_the_page_lists_what_shipped_and_names_what_did_not) ... created: /tmp/tmpfm14l1kl/listed
ok
test_the_shipped_pruner_says_what_an_answer_gives_in_the_catalog_s_own_words (test_skill_capabilities.SkillCapabilityTest.test_the_shipped_pruner_says_what_an_answer_gives_in_the_catalog_s_own_words)
`./init --auth none` rewrites each deployable's `capabilities`, and reads what to write from ... ok
test_a_deployable_in_a_subdirectory_still_outranks_both_roots (test_slice_scope_adopted_rules.SliceScopeAdoptedRulesTest.test_a_deployable_in_a_subdirectory_still_outranks_both_roots)
T015 (D22, G3), held: `apps/api` owns its files whichever root service the block names. ... ok
test_a_deployable_under_a_subdirectory_keeps_both_rules (test_slice_scope_adopted_rules.SliceScopeAdoptedRulesTest.test_a_deployable_under_a_subdirectory_keeps_both_rules)
T013 (AC-S20-19, D21), held: recorded `generated: false` or generated under `apps/`, beside a root one. ... ok
test_a_migration_shaped_path_on_the_host_surface_is_still_refused (test_slice_scope_adopted_rules.SliceScopeAdoptedRulesTest.test_a_migration_shaped_path_on_the_host_surface_is_still_refused)
T013 (AC-S20-19, D21), held: the host's paths are not opened by the migration answer. ... ok
test_a_model_that_is_not_utf8_is_no_model (test_slice_scope_adopted_rules.SliceScopeAdoptedRulesTest.test_a_model_that_is_not_utf8_is_no_model)
T014 (D22): an undecodable `model.yaml` names no slice, and the gate still answers. ... ok
test_a_new_migration_at_the_root_carries_the_repositorys_own_name (test_slice_scope_adopted_rules.SliceScopeAdoptedRulesTest.test_a_new_migration_at_the_root_carries_the_repositorys_own_name)
T013 (AC-S20-17, D21): Django's numbering and a 14-digit stamp are green under the root deployable. ... ok
test_a_project_record_nested_past_the_recursion_limit_owns_nothing (test_slice_scope_adopted_rules.SliceScopeAdoptedRulesTest.test_a_project_record_nested_past_the_recursion_limit_owns_nothing)
T014 (D22): `project.json` that cannot be parsed has no deployables, so nothing is the slice's. ... ok
test_a_registry_nested_past_the_recursion_limit_adds_nothing (test_slice_scope_adopted_rules.SliceScopeAdoptedRulesTest.test_a_registry_nested_past_the_recursion_limit_adds_nothing)
T014 (D22, AC-S20-19): the registry is read tolerantly, and a pathological one is no harness row. ... ok
test_a_written_ledger_that_is_not_utf8_adds_nothing (test_slice_scope_adopted_rules.SliceScopeAdoptedRulesTest.test_a_written_ledger_that_is_not_utf8_adds_nothing)
T014 (D22, AC-S20-19): the host surface reads `.written` tolerantly; the fixed names still answer. ... ok
test_a_written_line_with_trailing_whitespace_names_its_path (test_slice_scope_adopted_rules.SliceScopeAdoptedRulesTest.test_a_written_line_with_trailing_whitespace_names_its_path)
T014 (D22, G5): `lib/generated.py  ` and a CRLF line are the paths they name. ... ok
test_an_existing_migration_at_the_root_is_still_refused_without_a_stamp_in_the_message (test_slice_scope_adopted_rules.SliceScopeAdoptedRulesTest.test_an_existing_migration_at_the_root_is_still_refused_without_a_stamp_in_the_message)
T013 (AC-S20-17, D21): an edit is refused and says to add a new one with the repository's own tool. ... ok
test_the_events_rule_holds_at_the_root_only_where_the_record_says_hexagonal (test_slice_scope_adopted_rules.SliceScopeAdoptedRulesTest.test_the_events_rule_holds_at_the_root_only_where_the_record_says_hexagonal)
T013 (AC-S20-18, D21): a removed events line is green with no `layout`, refused with `hexagonal`. ... ok
test_the_first_listed_root_owns_it_where_the_slice_names_neither (test_slice_scope_adopted_rules.SliceScopeAdoptedRulesTest.test_the_first_listed_root_owns_it_where_the_slice_names_neither)
T015 (D22, G3), held: a service the manifest does not record falls to the first listed, as before. ... ok
test_the_slices_own_service_owns_the_root_where_it_is_one_of_two (test_slice_scope_adopted_rules.SliceScopeAdoptedRulesTest.test_the_slices_own_service_owns_the_root_where_it_is_one_of_two)
T015 (D22, G3): `web` and `worker` at `.`, the block says `worker`: the slice's tests are green. ... ok
test_a_main_minted_in_a_master_repository_does_not_empty_the_diff (test_slice_scope_base.ForgeTargetTest.test_a_main_minted_in_a_master_repository_does_not_empty_the_diff)
e5: `ci.branch: master`, trunk `master`, a `main` minted at HEAD. ... ok
test_a_master_branch_at_head_does_not_empty_the_diff (test_slice_scope_base.ForgeTargetTest.test_a_master_branch_at_head_does_not_empty_the_diff)
e1: no recorded trunk, a `master` minted at HEAD. ... ok
test_a_recorded_trunk_is_the_base_and_nothing_minted_replaces_it (test_slice_scope_base.ForgeTargetTest.test_a_recorded_trunk_is_the_base_and_nothing_minted_replaces_it)
e4: `ci.branch: trunk` — own file green; a `main` or `master` minted at HEAD changes nothing. ... ok
test_a_remote_master_at_head_does_not_empty_the_diff (test_slice_scope_base.ForgeTargetTest.test_a_remote_master_at_head_does_not_empty_the_diff)
e2: the same with `refs/remotes/origin/master`. ... ok
test_a_tag_named_main_is_not_a_base (test_slice_scope_base.ForgeTargetTest.test_a_tag_named_main_is_not_a_base)
e3: the same with a tag `main` at HEAD beside the `main` branch, which a short name loses to. ... ok
test_a_target_ahead_of_main_moves_the_base_back_to_main (test_slice_scope_base.ForgeTargetTest.test_a_target_ahead_of_main_moves_the_base_back_to_main)
e4: `feature` is cut from `main` and ahead of it; the slice is cut from `feature`. ... ok
test_a_target_naming_a_slice_in_another_case_is_ignored (test_slice_scope_base.ForgeTargetTest.test_a_target_naming_a_slice_in_another_case_is_ignored)
Both variables, `Slice/S1` at HEAD and no trunk branch at all: the target alone would be the base. ... ok
test_a_target_with_no_ref_or_no_name_is_ignored (test_slice_scope_base.ForgeTargetTest.test_a_target_with_no_ref_or_no_name_is_ignored)
e5, held: the recorded trunk answers; `nowhere` has no ref, `-x` is no name. ... ok
test_an_older_master_left_behind_does_not_change_the_answer (test_slice_scope_base.ForgeTargetTest.test_an_older_master_left_behind_does_not_change_the_answer)
e6, held: `main` and an older `master`, nothing minted. ... ok
test_the_target_outranks_a_main_minted_beside_a_master_trunk (test_slice_scope_base.ForgeTargetTest.test_the_target_outranks_a_main_minted_beside_a_master_trunk)
e3: `master` is the trunk, `GITHUB_BASE_REF=master`, `refs/remotes/origin/main` minted at HEAD. ... ok
test_the_target_outranks_a_recorded_name_minted_at_head (test_slice_scope_base.ForgeTargetTest.test_the_target_outranks_a_recorded_name_minted_at_head)
e1, e2: `ci.branch: evil` with `evil` at HEAD; the target is `main`, so `project.json` is refused. ... ok
test_two_bases_neither_older_move_the_base_to_where_their_histories_meet (test_slice_scope_base.ForgeTargetTest.test_two_bases_neither_older_move_the_base_to_where_their_histories_meet)
`main` and the target `feature` each moved on from the same commit; the slice has merged both, so its ... ok
test_a_full_ref_name_reads_as_the_branch (test_slice_scope_base.RecordedNameTest.test_a_full_ref_name_reads_as_the_branch)
e6: `refs/heads/trunk` is `trunk`; a `main` minted at HEAD does not replace it. ... ok
test_a_main_minted_in_a_master_repository_does_not_empty_the_diff (test_slice_scope_base.RecordedNameTest.test_a_main_minted_in_a_master_repository_does_not_empty_the_diff)
e5: `ci.branch: master`, trunk `master`, a `main` minted at HEAD. ... ok
test_a_master_branch_at_head_does_not_empty_the_diff (test_slice_scope_base.RecordedNameTest.test_a_master_branch_at_head_does_not_empty_the_diff)
e1: no recorded trunk, a `master` minted at HEAD. ... ok
test_a_name_git_refuses_is_said_not_to_be_a_branch_name (test_slice_scope_base.RecordedNameTest.test_a_name_git_refuses_is_said_not_to_be_a_branch_name)
`a..b` and `a b` are no branch names, so they are never said to be `has no branch here`. ... ok
test_a_name_with_no_ref_is_passed_over_and_said_so (test_slice_scope_base.RecordedNameTest.test_a_name_with_no_ref_is_passed_over_and_said_so)
e4: `nowhere` has no branch; `main` answers and the output says `nowhere` was passed over. ... ok
test_a_recorded_trunk_is_the_base_and_nothing_minted_replaces_it (test_slice_scope_base.RecordedNameTest.test_a_recorded_trunk_is_the_base_and_nothing_minted_replaces_it)
e4: `ci.branch: trunk` — own file green; a `main` or `master` minted at HEAD changes nothing. ... ok
test_a_remote_master_at_head_does_not_empty_the_diff (test_slice_scope_base.RecordedNameTest.test_a_remote_master_at_head_does_not_empty_the_diff)
e2: the same with `refs/remotes/origin/master`. ... ok
test_a_slice_name_in_another_case_is_never_the_base (test_slice_scope_base.RecordedNameTest.test_a_slice_name_in_another_case_is_never_the_base)
A case-insensitive filesystem makes `Slice/S1` the slice's own ref; a distinct ref at HEAD stands in. ... ok
test_a_slice_name_is_never_the_base (test_slice_scope_base.RecordedNameTest.test_a_slice_name_is_never_the_base)
e1 committed, e2 uncommitted, e3 with a `slice/S9` branch at HEAD: `project.json` is refused. ... ok
test_a_tag_named_main_is_not_a_base (test_slice_scope_base.RecordedNameTest.test_a_tag_named_main_is_not_a_base)
e3: the same with a tag `main` at HEAD beside the `main` branch, which a short name loses to. ... ok
test_an_older_master_left_behind_does_not_change_the_answer (test_slice_scope_base.RecordedNameTest.test_an_older_master_left_behind_does_not_change_the_answer)
e6, held: `main` and an older `master`, nothing minted. ... ok
test_an_unusable_name_gets_a_verdict_against_main_not_a_traceback (test_slice_scope_base.RecordedNameTest.test_an_unusable_name_gets_a_verdict_against_main_not_a_traceback)
e5, held: a value of any shape, `main` answers; a string says it is not a branch name. ... ok
test_the_bases_own_record_naming_an_absent_trunk_is_said_on_the_pass_line (test_slice_scope_base.RecordedNameTest.test_the_bases_own_record_naming_an_absent_trunk_is_said_on_the_pass_line)
e7: the base records `develop`, which has no ref here; the slice's own file is green against `main`. ... ok
test_a_main_minted_in_a_master_repository_does_not_empty_the_diff (test_slice_scope_base.ReportTest.test_a_main_minted_in_a_master_repository_does_not_empty_the_diff)
e5: `ci.branch: master`, trunk `master`, a `main` minted at HEAD. ... ok
test_a_master_branch_at_head_does_not_empty_the_diff (test_slice_scope_base.ReportTest.test_a_master_branch_at_head_does_not_empty_the_diff)
e1: no recorded trunk, a `master` minted at HEAD. ... ok
test_a_recorded_trunk_is_the_base_and_nothing_minted_replaces_it (test_slice_scope_base.ReportTest.test_a_recorded_trunk_is_the_base_and_nothing_minted_replaces_it)
e4: `ci.branch: trunk` — own file green; a `main` or `master` minted at HEAD changes nothing. ... ok
test_a_remote_master_at_head_does_not_empty_the_diff (test_slice_scope_base.ReportTest.test_a_remote_master_at_head_does_not_empty_the_diff)
e2: the same with `refs/remotes/origin/master`. ... ok
test_a_tag_named_main_is_not_a_base (test_slice_scope_base.ReportTest.test_a_tag_named_main_is_not_a_base)
e3: the same with a tag `main` at HEAD beside the `main` branch, which a short name loses to. ... ok
test_an_older_master_left_behind_does_not_change_the_answer (test_slice_scope_base.ReportTest.test_an_older_master_left_behind_does_not_change_the_answer)
e6, held: `main` and an older `master`, nothing minted. ... ok
test_the_pass_line_names_the_trunk_and_the_base_commit (test_slice_scope_base.ReportTest.test_the_pass_line_names_the_trunk_and_the_base_commit)
e1: the words before the bracket are unchanged. ... ok
test_the_refusal_header_ends_with_what_was_compared (test_slice_scope_base.ReportTest.test_the_refusal_header_ends_with_what_was_compared)
e2: the header names the trunk and the short commit. ... ok
test_a_main_minted_in_a_master_repository_does_not_empty_the_diff (test_slice_scope_base.SliceScopeBaseTest.test_a_main_minted_in_a_master_repository_does_not_empty_the_diff)
e5: `ci.branch: master`, trunk `master`, a `main` minted at HEAD. ... ok
test_a_master_branch_at_head_does_not_empty_the_diff (test_slice_scope_base.SliceScopeBaseTest.test_a_master_branch_at_head_does_not_empty_the_diff)
e1: no recorded trunk, a `master` minted at HEAD. ... ok
test_a_recorded_trunk_is_the_base_and_nothing_minted_replaces_it (test_slice_scope_base.SliceScopeBaseTest.test_a_recorded_trunk_is_the_base_and_nothing_minted_replaces_it)
e4: `ci.branch: trunk` — own file green; a `main` or `master` minted at HEAD changes nothing. ... ok
test_a_remote_master_at_head_does_not_empty_the_diff (test_slice_scope_base.SliceScopeBaseTest.test_a_remote_master_at_head_does_not_empty_the_diff)
e2: the same with `refs/remotes/origin/master`. ... ok
test_a_tag_named_main_is_not_a_base (test_slice_scope_base.SliceScopeBaseTest.test_a_tag_named_main_is_not_a_base)
e3: the same with a tag `main` at HEAD beside the `main` branch, which a short name loses to. ... ok
test_an_older_master_left_behind_does_not_change_the_answer (test_slice_scope_base.SliceScopeBaseTest.test_an_older_master_left_behind_does_not_change_the_answer)
e6, held: `main` and an older `master`, nothing minted. ... ok
test_a_main_minted_in_a_master_repository_does_not_empty_the_diff (test_slice_scope_base.SymbolicHeadTest.test_a_main_minted_in_a_master_repository_does_not_empty_the_diff)
e5: `ci.branch: master`, trunk `master`, a `main` minted at HEAD. ... ok
test_a_master_branch_at_head_does_not_empty_the_diff (test_slice_scope_base.SymbolicHeadTest.test_a_master_branch_at_head_does_not_empty_the_diff)
e1: no recorded trunk, a `master` minted at HEAD. ... ok
test_a_recorded_trunk_is_the_base_and_nothing_minted_replaces_it (test_slice_scope_base.SymbolicHeadTest.test_a_recorded_trunk_is_the_base_and_nothing_minted_replaces_it)
e4: `ci.branch: trunk` — own file green; a `main` or `master` minted at HEAD changes nothing. ... ok
test_a_remote_master_at_head_does_not_empty_the_diff (test_slice_scope_base.SymbolicHeadTest.test_a_remote_master_at_head_does_not_empty_the_diff)
e2: the same with `refs/remotes/origin/master`. ... ok
test_a_symbolic_ref_is_not_a_trunk_ref (test_slice_scope_base.SymbolicHeadTest.test_a_symbolic_ref_is_not_a_trunk_ref)
`origin/trunk` is a symref to the slice's own branch; the name is fine, the ref is not. ... ok
test_a_tag_named_main_is_not_a_base (test_slice_scope_base.SymbolicHeadTest.test_a_tag_named_main_is_not_a_base)
e3: the same with a tag `main` at HEAD beside the `main` branch, which a short name loses to. ... ok
test_an_older_master_left_behind_does_not_change_the_answer (test_slice_scope_base.SymbolicHeadTest.test_an_older_master_left_behind_does_not_change_the_answer)
e6, held: `main` and an older `master`, nothing minted. ... ok
test_head_in_any_case_is_not_a_name_from_any_source (test_slice_scope_base.SymbolicHeadTest.test_head_in_any_case_is_not_a_name_from_any_source)
Plain refs at HEAD named `HEAD`/`Head`, so only the name can refuse them; each source in turn. ... ok
test_head_recorded_as_the_trunk_is_not_the_remotes_head (test_slice_scope_base.SymbolicHeadTest.test_head_recorded_as_the_trunk_is_not_the_remotes_head)
A clone of an origin whose own `HEAD` is the slice: `origin/HEAD` is a symref to `origin/slice/S1`. ... ok
test_hold_a_host_change_on_github_is_refused (test_slice_scope_forge.SliceScopeForgeTest.test_hold_a_host_change_on_github_is_refused)
e1. ... ok
test_hold_a_host_change_on_gitlab_is_refused (test_slice_scope_forge.SliceScopeForgeTest.test_hold_a_host_change_on_gitlab_is_refused)
e2. ... ok
test_hold_a_slice_inside_its_scope_passes_on_both (test_slice_scope_forge.SliceScopeForgeTest.test_hold_a_slice_inside_its_scope_passes_on_both)
e3. ... ok
test_hold_every_route_refuses_a_host_change_and_passes_a_slice (test_slice_scope_forge.SliceScopeForgeTest.test_hold_every_route_refuses_a_host_change_and_passes_a_slice)
The sweep that closes the class: e1 and e3 on each forge's variables, with and without the target, ... ok
test_hold_the_checkout_is_what_the_workflow_makes (test_slice_scope_forge.SliceScopeForgeTest.test_hold_the_checkout_is_what_the_workflow_makes)
The helper's shape, once: only remote refs, `HEAD` detached on the merge commit, `main` there at full ... ok
test_an_unrelated_branch_the_slice_chose_does_not_stand_in_for_the_target (test_slice_scope_forge_hostile.SliceScopeForgeHostileTest.test_an_unrelated_branch_the_slice_chose_does_not_stand_in_for_the_target)
e1: the slice's own `evil` shares no history with `main`; the pull request's target does. ... ok
test_the_commit_compared_with_is_never_newer_than_the_targets_base (test_slice_scope_forge_hostile.SliceScopeForgeHostileTest.test_the_commit_compared_with_is_never_newer_than_the_targets_base)
The class (AC-S24-14): wherever a pull request's target is usable and has a base, the commit the line ... ok
test_the_printed_fetch_never_takes_a_tag_of_the_trunks_name (test_slice_scope_forge_hostile.SliceScopeForgeHostileTest.test_the_printed_fetch_never_takes_a_tag_of_the_trunks_name)
AC-S24-16: the origin has a branch `main` and a tag `main` at the slice's head; the command is run as ... ok
test_the_same_refs_on_a_slice_inside_its_scope_pass (test_slice_scope_forge_hostile.SliceScopeForgeHostileTest.test_the_same_refs_on_a_slice_inside_its_scope_pass)
e2: `main` records `evil`; the slice touches only its own files and merges the orphan root. ... ok
test_a_checkout_git_cannot_read_still_exits_0_under_a_marker (test_slice_scope_forge_nobase.ForgeNoBaseTest.test_a_checkout_git_cannot_read_still_exits_0_under_a_marker)
e6 (holds): the *could not read* line, exit 0. ... ok
test_a_depth_one_clone_of_the_slice_fails_under_each_marker (test_slice_scope_forge_nobase.ForgeNoBaseTest.test_a_depth_one_clone_of_the_slice_fails_under_each_marker)
e1: the three markers, each alone, `HEAD` attached. ... ok
test_a_developers_checkout_with_no_base_still_fails_with_a_fetch_command (test_slice_scope_forge_nobase.ForgeNoBaseTest.test_a_developers_checkout_with_no_base_still_fails_with_a_fetch_command)
AC-S24-9: no marker and no detached variable route — today's answer, unchanged. ... ok
test_a_diff_that_cannot_run_fails_under_a_marker (test_slice_scope_forge_nobase.ForgeNoBaseTest.test_a_diff_that_cannot_run_fails_under_a_marker)
e5: a base and a `git diff` that fails — made with git, a treeless clone whose remote is gone. ... ok
test_a_full_clone_whose_only_remote_is_upstream_is_told_it_was_not_checked (test_slice_scope_forge_nobase.ForgeNoBaseTest.test_a_full_clone_whose_only_remote_is_upstream_is_told_it_was_not_checked)
AC-S24-15: the history is all there, under `refs/remotes/upstream/`; only the two full names answer. ... ok
test_a_lost_record_fails_under_a_marker_with_no_base (test_slice_scope_forge_nobase.ForgeNoBaseTest.test_a_lost_record_fails_under_a_marker_with_no_base)
e4 (holds): the record and the line, exit 1. ... ok
test_a_passed_over_name_is_still_said_in_the_failure (test_slice_scope_forge_nobase.ForgeNoBaseTest.test_a_passed_over_name_is_still_said_in_the_failure)
e3, the words of AC-S22-28 kept: a recorded name with no branch here is said beside the failure. ... ok
test_a_trunk_with_no_common_ancestor_and_a_target_with_none_fail_under_a_marker (test_slice_scope_forge_nobase.ForgeNoBaseTest.test_a_trunk_with_no_common_ancestor_and_a_target_with_none_fail_under_a_marker)
e3: no common ancestor at this depth, an unrelated trunk, and a pull-request target with no history. ... ok
test_a_usable_base_is_held_exactly_as_on_a_developers_machine (test_slice_scope_forge_nobase.ForgeNoBaseTest.test_a_usable_base_is_held_exactly_as_on_a_developers_machine)
AC-S24-7's last clause: with the marker set and without, a host change fails and a slice file passes. ... ok
test_another_branch_has_nothing_to_hold_under_a_marker_with_history_and_without (test_slice_scope_forge_nobase.ForgeNoBaseTest.test_another_branch_has_nothing_to_hold_under_a_marker_with_history_and_without)
e7 (holds): not `slice/<id>`, so *nothing to hold*, exit 0. ... ok
test_every_no_base_state_on_every_route_under_every_marker_fails (test_slice_scope_forge_nobase.ForgeNoBaseTest.test_every_no_base_state_on_every_route_under_every_marker_fails)
The class, closed: each state of no base, on each route, with each target variable, asserted alike. ... ok
test_the_detached_pull_request_route_fails_at_depth_one (test_slice_scope_forge_nobase.ForgeNoBaseTest.test_the_detached_pull_request_route_fails_at_depth_one)
e2: the branch name in a variable, no marker, `HEAD` detached. ... ok
test_a_diff_that_cannot_run_fails_a_developer_in_one_line_naming_the_base_and_gits_own_words (test_slice_scope_hostile_base.CouldNotCompareTest.test_a_diff_that_cannot_run_fails_a_developer_in_one_line_naming_the_base_and_gits_own_words) ... ok
test_under_a_marker_the_slice_is_not_checked_and_the_reason_is_gits (test_slice_scope_hostile_base.CouldNotCompareTest.test_under_a_marker_the_slice_is_not_checked_and_the_reason_is_gits) ... ok
test_a_recorded_name_with_no_common_history_is_passed_over_for_main (test_slice_scope_hostile_base.HostileBaseTest.test_a_recorded_name_with_no_common_history_is_passed_over_for_main)
B1: attached with no variables, under a marker, and detached with a branch variable. ... ok
test_a_target_with_no_common_history_is_no_base_whatever_the_record_names (test_slice_scope_hostile_base.HostileBaseTest.test_a_target_with_no_common_history_is_no_base_whatever_the_record_names)
A1: a developer's checkout fails on the target; a forge's says NOT checked; never the pass line. ... ok
test_a_checkout_git_cannot_read_exits_0_and_says_so_without_a_word_about_history (test_slice_scope_hostile_base.HostileInputTest.test_a_checkout_git_cannot_read_exits_0_and_says_so_without_a_word_about_history)
B4: `GIT_DIR` pointing nowhere, on any branch name, with and without a marker. ... ok
test_a_file_over_the_cap_is_not_read (test_slice_scope_hostile_base.HostileInputTest.test_a_file_over_the_cap_is_not_read)
A3: a `project.json` naming `develop`, padded past the cap, reads as nothing: `main` is the base. ... ok
test_a_nul_or_a_lone_surrogate_in_the_recorded_name_is_a_verdict_against_main (test_slice_scope_hostile_base.HostileInputTest.test_a_nul_or_a_lone_surrogate_in_the_recorded_name_is_a_verdict_against_main)
A2: the name reaches `git` as an argument, and Python refuses to hand it over. ... ok
test_a_pipe_or_a_device_is_not_read_as_the_record_or_the_model (test_slice_scope_hostile_base.HostileInputTest.test_a_pipe_or_a_device_is_not_read_as_the_record_or_the_model)
A3: `project.json` and `model.yaml` as a symlink to `/dev/zero` and to a FIFO. ... ok
test_a_base_with_no_record_owns_nothing (test_slice_scope_hostile_branch.HostileBranchTest.test_a_base_with_no_record_owns_nothing)
T017: no `project.json` on the base, one planted on the branch: nothing is owned. ... ok
test_a_path_git_quotes_is_held_like_any_other (test_slice_scope_hostile_branch.HostileBranchTest.test_a_path_git_quotes_is_held_like_any_other)
T016: non-ASCII, tab and quote names under host paths are refused, committed or not. ... ok
test_a_planted_ci_gate_is_not_the_bases (test_slice_scope_hostile_branch.HostileBranchTest.test_a_planted_ci_gate_is_not_the_bases)
T017: `ci.gate` read from the branch's record would name a path; the base's does not. ... ok
test_a_planted_project_json_below_the_root_does_not_move_it (test_slice_scope_hostile_branch.HostileBranchTest.test_a_planted_project_json_below_the_root_does_not_move_it)
T018: a committed `delivery/project.json` leaves the delivery rule and untracked files intact. ... ok
test_a_project_json_beside_the_script_is_no_traceback (test_slice_scope_hostile_branch.HostileBranchTest.test_a_project_json_beside_the_script_is_no_traceback)
T018: the script's own directory holding a `project.json` ends in a verdict, not a traceback. ... ok
test_an_existing_migration_with_a_non_ascii_name_is_not_editable (test_slice_scope_hostile_branch.HostileBranchTest.test_an_existing_migration_with_a_non_ascii_name_is_not_editable)
T016: the edit of a shipped `0002_añadir.py` is refused. ... ok
test_an_unchanged_record_answers_as_before (test_slice_scope_hostile_branch.HostileBranchTest.test_an_unchanged_record_answers_as_before)
T017, held: with `project.json` as on the base the root deployable owns what it did. ... ok
test_ascii_answers_as_before_and_a_service_file_under_apps_is_the_slices (test_slice_scope_hostile_branch.HostileBranchTest.test_ascii_answers_as_before_and_a_service_file_under_apps_is_the_slices)
T016, held: an ASCII path is as it was; a non-ASCII file in the slice's own service is green. ... ok
test_ownership_is_read_from_the_base_record (test_slice_scope_hostile_branch.HostileBranchTest.test_ownership_is_read_from_the_base_record)
T017: planted deployables over the host's paths own nothing; every path is refused. ... ok
test_a_ci_marker_alone_makes_an_attached_checkout_the_forges (test_slice_scope_no_base.NoBaseTest.test_a_ci_marker_alone_makes_an_attached_checkout_the_forges)
AC-S22-22: depth-1 single-branch, `HEAD` attached, neither branch variable — each marker. ... ok
test_a_ci_marker_covers_the_other_no_base_states_too (test_slice_scope_no_base.NoBaseTest.test_a_ci_marker_covers_the_other_no_base_states_too)
AC-S22-22: no common ancestor at this depth, and an unrelated trunk. ... ok
test_a_ci_marker_on_another_branch_keeps_nothing_to_hold (test_slice_scope_no_base.NoBaseTest.test_a_ci_marker_on_another_branch_keeps_nothing_to_hold)
AC-S22-23. ... ok
test_a_ci_marker_with_a_usable_base_still_refuses_a_host_change (test_slice_scope_no_base.NoBaseTest.test_a_ci_marker_with_a_usable_base_still_refuses_a_host_change)
AC-S22-23: the marker buys nothing where there is something to compare with. ... ok
test_a_ci_marker_with_no_base_still_fails_a_lost_record (test_slice_scope_no_base.NoBaseTest.test_a_ci_marker_with_no_base_still_fails_a_lost_record)
AC-S22-23: both lines, exit 1. ... ok
test_a_detached_checkout_with_history_is_held_as_locally (test_slice_scope_no_base.NoBaseTest.test_a_detached_checkout_with_history_is_held_as_locally)
e3 (held): full history and `origin/main`; a host change is refused. ... ok
test_a_forge_line_names_the_trunk_not_a_target_with_no_ref (test_slice_scope_no_base.NoBaseTest.test_a_forge_line_names_the_trunk_not_a_target_with_no_ref) ... ok
test_a_github_detached_checkout_with_no_base_says_it_was_not_checked (test_slice_scope_no_base.NoBaseTest.test_a_github_detached_checkout_with_no_base_says_it_was_not_checked)
e1: exit 1, nothing on stdout, the sentence on stderr. ... ok
test_a_gitlab_detached_checkout_with_no_base_names_git_depth_too (test_slice_scope_no_base.NoBaseTest.test_a_gitlab_detached_checkout_with_no_base_names_git_depth_too)
e2: the same through `CI_COMMIT_REF_NAME`. ... ok
test_a_lost_record_is_printed_with_the_missing_base (test_slice_scope_no_base.NoBaseTest.test_a_lost_record_is_printed_with_the_missing_base)
e6: the untracked regular file at a canonical slot is reported beside the base line. ... ok
test_a_lost_record_still_decides_the_exit_of_a_forge_checkout (test_slice_scope_no_base.NoBaseTest.test_a_lost_record_still_decides_the_exit_of_a_forge_checkout)
Findings stay printed and still fail, beside the NOT checked line. ... ok
test_a_repository_whose_only_branch_is_the_slice_is_told_the_same (test_slice_scope_no_base.NoBaseTest.test_a_repository_whose_only_branch_is_the_slice_is_told_the_same)
e2: a full repository, `main` deleted. ... ok
test_a_shallow_clone_with_no_common_ancestor_is_told_to_unshallow (test_slice_scope_no_base.NoBaseTest.test_a_shallow_clone_with_no_common_ancestor_is_told_to_unshallow)
e3: `origin/main` at depth 1 and the slice's own commit above it: no ancestor in depth. ... ok
test_a_shallow_line_names_the_trunk_not_a_target_with_no_ref (test_slice_scope_no_base.NoBaseTest.test_a_shallow_line_names_the_trunk_not_a_target_with_no_ref) ... ok
test_a_single_branch_shallow_clone_is_told_which_ref_to_fetch (test_slice_scope_no_base.NoBaseTest.test_a_single_branch_shallow_clone_is_told_which_ref_to_fetch)
e1: `--depth 1 --branch slice/S1` fetches no trunk ref at all. ... ok
test_a_target_with_a_ref_is_the_base_where_the_trunk_has_none (test_slice_scope_no_base.NoBaseTest.test_a_target_with_a_ref_is_the_base_where_the_trunk_has_none)
D30, *the forge's word*: no trunk ref, a usable target that has one — held against it, not failed. ... ok
test_a_variable_cannot_buy_the_pass_while_head_is_attached (test_slice_scope_no_base.NoBaseTest.test_a_variable_cannot_buy_the_pass_while_head_is_attached)
e5: `GITHUB_HEAD_REF` set, `HEAD` on the branch, no base: a developer's checkout. ... ok
test_an_attached_unrelated_trunk_line_names_the_trunk_not_a_target_with_no_ref (test_slice_scope_no_base.NoBaseTest.test_an_attached_unrelated_trunk_line_names_the_trunk_not_a_target_with_no_ref)
D30: the target's name is only what to fetch where no candidate has a ref; `main` has one. ... ok
test_an_empty_marker_is_no_marker (test_slice_scope_no_base.NoBaseTest.test_an_empty_marker_is_no_marker)
AC-S22-17 and D32's *non-empty*: the variable alone, markers empty, is a developer's exit 1. ... ok
test_an_unrelated_trunk_is_held_against_a_target_that_has_a_base (test_slice_scope_no_base.NoBaseTest.test_an_unrelated_trunk_is_held_against_a_target_that_has_a_base)
D30, the in-loop arm: the trunk has a ref and no shared history, the target has both — exit 0, `develop`. ... ok
test_an_unrelated_trunk_is_not_a_slice_branchs_trunk (test_slice_scope_no_base.NoBaseTest.test_an_unrelated_trunk_is_not_a_slice_branchs_trunk)
e4: a full repository whose `main` is an unrelated root. ... ok
test_an_unusable_target_is_not_the_name_to_fetch (test_slice_scope_no_base.NoBaseTest.test_an_unusable_target_is_not_the_name_to_fetch)
D30: a target that is no branch name falls through to the trunk the record names, else `main`. ... ok
test_every_missing_base_state_of_a_forge_checkout_says_not_checked (test_slice_scope_no_base.NoBaseTest.test_every_missing_base_state_of_a_forge_checkout_says_not_checked)
e1, widened to the plan's three states: no trunk ref, no common ancestor, an unrelated trunk. ... ok
test_other_branches_keep_nothing_to_hold (test_slice_scope_no_base.NoBaseTest.test_other_branches_keep_nothing_to_hold)
e4 (held): `feature/x` in a shallow clone, and a detached checkout with no variable. ... ok
test_the_fetch_named_is_the_targets_then_the_recorded_trunk_then_main (test_slice_scope_no_base.NoBaseTest.test_the_fetch_named_is_the_targets_then_the_recorded_trunk_then_main)
D30: the name the line tells a person to fetch. ... ok
test_the_not_checked_line_names_the_target_where_the_forge_gives_one (test_slice_scope_no_base.NoBaseTest.test_the_not_checked_line_names_the_target_where_the_forge_gives_one)
D31 answer 3: `<trunk>` is the name D30 gives to fetch — the pull request's target first. ... ok
test_the_passed_over_notes_fetch_writes_the_branch_it_names (test_slice_scope_no_base.NoBaseTest.test_the_passed_over_notes_fetch_writes_the_branch_it_names)
G1: `ci.branch` names `develop`, which the origin has and this clone's ref list does not. ... ok
test_the_printed_fetch_then_unshallow_reach_a_verdict (test_slice_scope_no_base.NoBaseTest.test_the_printed_fetch_then_unshallow_reach_a_verdict)
G1: a depth-1 single-branch clone: the fetch, then the `--unshallow` line, each run, end in a verdict. ... ok
test_the_printed_fetch_writes_the_ref_it_says_is_missing (test_slice_scope_no_base.NoBaseTest.test_the_printed_fetch_writes_the_ref_it_says_is_missing)
G1: in a single-branch clone the command the gate prints is run, and the gate has moved on. ... ok
test_a_huge_recorded_value_is_cut_to_80_characters (test_slice_scope_printed.PrintedTest.test_a_huge_recorded_value_is_cut_to_80_characters)
A5: whether or not it is a usable name, a 3 MB value is not echoed whole. ... ok
test_a_printed_command_runs_nothing_the_slice_wrote (test_slice_scope_printed.PrintedTest.test_a_printed_command_runs_nothing_the_slice_wrote)
B3: a name git accepts as a branch with `;`, `$(…)` and a backtick in it, no `git fetch` for it. ... ok
test_a_recorded_value_with_newlines_and_escapes_forges_no_line_of_the_output (test_slice_scope_printed.PrintedTest.test_a_recorded_value_with_newlines_and_escapes_forges_no_line_of_the_output)
A5: control characters are dropped, so the only line that begins `check-slice-scope:` is the gate's own. ... ok
test_a_target_ahead_of_the_trunk_does_not_rename_the_base (test_slice_scope_printed.PrintedTest.test_a_target_ahead_of_the_trunk_does_not_rename_the_base)
A4, held: the target only names the base where its base won. ... ok
test_the_fetch_in_an_adopted_single_branch_clone_is_printed_once (test_slice_scope_printed.PrintedTest.test_the_fetch_in_an_adopted_single_branch_clone_is_printed_once)
The hand's note 3: the passed-over note gave it, so the no-base line does not repeat it. ... ok
test_where_the_pull_request_target_won_the_line_names_it_and_says_so (test_slice_scope_printed.PrintedTest.test_where_the_pull_request_target_won_the_line_names_it_and_says_so)
A4: AC-S22-8's shape — `evil` recorded at the head — and an honest `develop` ahead of the target. ... ok
test_with_no_remote_called_origin_no_command_is_printed_and_the_branch_is_named (test_slice_scope_printed.PrintedTest.test_with_no_remote_called_origin_no_command_is_printed_and_the_branch_is_named)
B5: a clone made with `-o upstream`, and a repository with no remote at all. ... ok
test_a_main_minted_in_a_master_repository_does_not_empty_the_diff (test_slice_scope_report.MasterBesideMainTest.test_a_main_minted_in_a_master_repository_does_not_empty_the_diff)
e5: `ci.branch: master`, trunk `master`, a `main` minted at HEAD. ... ok
test_a_master_branch_at_head_does_not_empty_the_diff (test_slice_scope_report.MasterBesideMainTest.test_a_master_branch_at_head_does_not_empty_the_diff)
e1: no recorded trunk, a `master` minted at HEAD. ... ok
test_a_master_minted_at_the_head_leaves_the_refusal_and_the_base (test_slice_scope_report.MasterBesideMainTest.test_a_master_minted_at_the_head_leaves_the_refusal_and_the_base)
AC-S22-1's repository: the clause may appear; the base and the exit are as before. ... ok
test_a_master_trunk_ahead_of_a_stale_main_is_told_what_to_record (test_slice_scope_report.MasterBesideMainTest.test_a_master_trunk_ahead_of_a_stale_main_is_told_what_to_record)
Refusal: the header says `master` is here, no trunk is recorded, and the fix; the base stays `main`'s. ... ok
test_a_master_with_the_same_base_has_no_clause (test_slice_scope_report.MasterBesideMainTest.test_a_master_with_the_same_base_has_no_clause) ... ok
test_a_recorded_trunk_is_the_base_and_nothing_minted_replaces_it (test_slice_scope_report.MasterBesideMainTest.test_a_recorded_trunk_is_the_base_and_nothing_minted_replaces_it)
e4: `ci.branch: trunk` — own file green; a `main` or `master` minted at HEAD changes nothing. ... ok
test_a_remote_master_at_head_does_not_empty_the_diff (test_slice_scope_report.MasterBesideMainTest.test_a_remote_master_at_head_does_not_empty_the_diff)
e2: the same with `refs/remotes/origin/master`. ... ok
test_a_tag_named_main_is_not_a_base (test_slice_scope_report.MasterBesideMainTest.test_a_tag_named_main_is_not_a_base)
e3: the same with a tag `main` at HEAD beside the `main` branch, which a short name loses to. ... ok
test_a_usable_recorded_name_with_no_ref_keeps_its_own_sentence_and_no_clause (test_slice_scope_report.MasterBesideMainTest.test_a_usable_recorded_name_with_no_ref_keeps_its_own_sentence_and_no_clause)
D33 *where `ci.branch` records nothing usable*: `develop` is usable, so the clause is false there. ... ok
test_a_usable_recorded_trunk_with_a_ref_has_no_clause (test_slice_scope_report.MasterBesideMainTest.test_a_usable_recorded_trunk_with_a_ref_has_no_clause) ... ok
test_an_older_master_left_behind_does_not_change_the_answer (test_slice_scope_report.MasterBesideMainTest.test_an_older_master_left_behind_does_not_change_the_answer)
e6, held: `main` and an older `master`, nothing minted. ... ok
test_an_older_master_left_behind_has_no_clause (test_slice_scope_report.MasterBesideMainTest.test_an_older_master_left_behind_has_no_clause)
AC-S22-12's repository: `main` moved on, `master` stayed at the first commit. Teeth: *strictly newer*. ... ok
test_recording_master_makes_the_slice_green_against_it_without_the_clause (test_slice_scope_report.MasterBesideMainTest.test_recording_master_makes_the_slice_green_against_it_without_the_clause) ... ok
test_the_clause_joins_the_passed_over_words (test_slice_scope_report.MasterBesideMainTest.test_the_clause_joins_the_passed_over_words) ... ok
test_the_clause_stays_where_nothing_usable_is_recorded (test_slice_scope_report.MasterBesideMainTest.test_the_clause_stays_where_nothing_usable_is_recorded) ... ok
test_the_pass_line_carries_the_clause_too (test_slice_scope_report.MasterBesideMainTest.test_the_pass_line_carries_the_clause_too) ... ok
test_a_main_minted_in_a_master_repository_does_not_empty_the_diff (test_slice_scope_report.NamedTrunkTest.test_a_main_minted_in_a_master_repository_does_not_empty_the_diff)
e5: `ci.branch: master`, trunk `master`, a `main` minted at HEAD. ... ok
test_a_master_branch_at_head_does_not_empty_the_diff (test_slice_scope_report.NamedTrunkTest.test_a_master_branch_at_head_does_not_empty_the_diff)
e1: no recorded trunk, a `master` minted at HEAD. ... ok
test_a_recorded_trunk_is_the_base_and_nothing_minted_replaces_it (test_slice_scope_report.NamedTrunkTest.test_a_recorded_trunk_is_the_base_and_nothing_minted_replaces_it)
e4: `ci.branch: trunk` — own file green; a `main` or `master` minted at HEAD changes nothing. ... ok
test_a_remote_master_at_head_does_not_empty_the_diff (test_slice_scope_report.NamedTrunkTest.test_a_remote_master_at_head_does_not_empty_the_diff)
e2: the same with `refs/remotes/origin/master`. ... ok
test_a_tag_named_main_is_not_a_base (test_slice_scope_report.NamedTrunkTest.test_a_tag_named_main_is_not_a_base)
e3: the same with a tag `main` at HEAD beside the `main` branch, which a short name loses to. ... ok
test_an_older_master_left_behind_does_not_change_the_answer (test_slice_scope_report.NamedTrunkTest.test_an_older_master_left_behind_does_not_change_the_answer)
e6, held: `main` and an older `master`, nothing minted. ... ok
test_an_origin_ahead_of_a_local_main_and_merged_is_the_base (test_slice_scope_report.NamedTrunkTest.test_an_origin_ahead_of_a_local_main_and_merged_is_the_base)
AC-S22-11, the inverse order: `origin/main` fetched past a `main` not pulled; `main`'s files are not ours. ... ok
test_the_header_names_main_in_each_minted_ref_example (test_slice_scope_report.NamedTrunkTest.test_the_header_names_main_in_each_minted_ref_example)
AC-S22-1: a `master` branch, an `origin/master`, a tag `main` at the head; the refusal says `main`. ... ok
test_the_pass_line_names_the_recorded_trunk_where_it_differs_from_main (test_slice_scope_report.NamedTrunkTest.test_the_pass_line_names_the_recorded_trunk_where_it_differs_from_main)
AC-S22-2: `trunk` one commit past `main`; the line names `trunk` and the commit it is at, not `main`'s. ... ok
test_a_developers_no_base_failure_is_one_line_of_its_own (test_slice_scope_report.NoBaseReportTest.test_a_developers_no_base_failure_is_one_line_of_its_own) ... ok
test_a_forges_not_checked_output_carries_no_fetch_command (test_slice_scope_report.NoBaseReportTest.test_a_forges_not_checked_output_carries_no_fetch_command)
G5: a recorded name with no branch here is passed over, and the note names no `git fetch`. ... ok
test_a_lost_record_in_the_unrelated_trunk_state_fails_attached_and_under_a_marker (test_slice_scope_report.NoBaseReportTest.test_a_lost_record_in_the_unrelated_trunk_state_fails_attached_and_under_a_marker)
D32/AC-S22-19: `HEAD` attached, a trunk sharing no history; the findings come first, whoever runs it. ... ok
test_a_lost_record_keeps_the_header_and_the_no_base_line_follows_it (test_slice_scope_report.NoBaseReportTest.test_a_lost_record_keeps_the_header_and_the_no_base_line_follows_it)
Order: the findings under their header first, then the no-base line, forge or developer. ... ok
test_a_main_minted_in_a_master_repository_does_not_empty_the_diff (test_slice_scope_report.NoBaseReportTest.test_a_main_minted_in_a_master_repository_does_not_empty_the_diff)
e5: `ci.branch: master`, trunk `master`, a `main` minted at HEAD. ... ok
test_a_marker_set_to_false_is_still_a_marker (test_slice_scope_report.NoBaseReportTest.test_a_marker_set_to_false_is_still_a_marker)
D32 *non-empty*: `CI=false` is how a person says no, and the check reads it as a run that is CI. ... ok
test_a_master_branch_at_head_does_not_empty_the_diff (test_slice_scope_report.NoBaseReportTest.test_a_master_branch_at_head_does_not_empty_the_diff)
e1: no recorded trunk, a `master` minted at HEAD. ... ok
test_a_recorded_trunk_is_the_base_and_nothing_minted_replaces_it (test_slice_scope_report.NoBaseReportTest.test_a_recorded_trunk_is_the_base_and_nothing_minted_replaces_it)
e4: `ci.branch: trunk` — own file green; a `main` or `master` minted at HEAD changes nothing. ... ok
test_a_remote_master_at_head_does_not_empty_the_diff (test_slice_scope_report.NoBaseReportTest.test_a_remote_master_at_head_does_not_empty_the_diff)
e2: the same with `refs/remotes/origin/master`. ... ok
test_a_tag_named_main_is_not_a_base (test_slice_scope_report.NoBaseReportTest.test_a_tag_named_main_is_not_a_base)
e3: the same with a tag `main` at HEAD beside the `main` branch, which a short name loses to. ... ok
test_an_older_master_left_behind_does_not_change_the_answer (test_slice_scope_report.NoBaseReportTest.test_an_older_master_left_behind_does_not_change_the_answer)
e6, held: `main` and an older `master`, nothing minted. ... ok
test_a_main_minted_in_a_master_repository_does_not_empty_the_diff (test_slice_scope_report.RecordShapeTest.test_a_main_minted_in_a_master_repository_does_not_empty_the_diff)
e5: `ci.branch: master`, trunk `master`, a `main` minted at HEAD. ... ok
test_a_master_branch_at_head_does_not_empty_the_diff (test_slice_scope_report.RecordShapeTest.test_a_master_branch_at_head_does_not_empty_the_diff)
e1: no recorded trunk, a `master` minted at HEAD. ... ok
test_a_record_that_is_not_a_string_is_said_to_be_passed_over (test_slice_scope_report.RecordShapeTest.test_a_record_that_is_not_a_string_is_said_to_be_passed_over) ... ok
test_a_recorded_trunk_is_the_base_and_nothing_minted_replaces_it (test_slice_scope_report.RecordShapeTest.test_a_recorded_trunk_is_the_base_and_nothing_minted_replaces_it)
e4: `ci.branch: trunk` — own file green; a `main` or `master` minted at HEAD changes nothing. ... ok
test_a_remote_master_at_head_does_not_empty_the_diff (test_slice_scope_report.RecordShapeTest.test_a_remote_master_at_head_does_not_empty_the_diff)
e2: the same with `refs/remotes/origin/master`. ... ok
test_a_slice_shaped_name_is_a_slice_branch_never_the_trunk (test_slice_scope_report.RecordShapeTest.test_a_slice_shaped_name_is_a_slice_branch_never_the_trunk) ... ok
test_a_tag_named_main_is_not_a_base (test_slice_scope_report.RecordShapeTest.test_a_tag_named_main_is_not_a_base)
e3: the same with a tag `main` at HEAD beside the `main` branch, which a short name loses to. ... ok
test_an_absent_null_or_blank_record_stays_silent (test_slice_scope_report.RecordShapeTest.test_an_absent_null_or_blank_record_stays_silent) ... ok
test_an_older_master_left_behind_does_not_change_the_answer (test_slice_scope_report.RecordShapeTest.test_an_older_master_left_behind_does_not_change_the_answer)
e6, held: `main` and an older `master`, nothing minted. ... ok
test_a_main_minted_in_a_master_repository_does_not_empty_the_diff (test_slice_scope_base.SliceScopeBaseTest.test_a_main_minted_in_a_master_repository_does_not_empty_the_diff)
e5: `ci.branch: master`, trunk `master`, a `main` minted at HEAD. ... ok
test_a_master_branch_at_head_does_not_empty_the_diff (test_slice_scope_base.SliceScopeBaseTest.test_a_master_branch_at_head_does_not_empty_the_diff)
e1: no recorded trunk, a `master` minted at HEAD. ... ok
test_a_recorded_trunk_is_the_base_and_nothing_minted_replaces_it (test_slice_scope_base.SliceScopeBaseTest.test_a_recorded_trunk_is_the_base_and_nothing_minted_replaces_it)
e4: `ci.branch: trunk` — own file green; a `main` or `master` minted at HEAD changes nothing. ... ok
test_a_remote_master_at_head_does_not_empty_the_diff (test_slice_scope_base.SliceScopeBaseTest.test_a_remote_master_at_head_does_not_empty_the_diff)
e2: the same with `refs/remotes/origin/master`. ... ok
test_a_tag_named_main_is_not_a_base (test_slice_scope_base.SliceScopeBaseTest.test_a_tag_named_main_is_not_a_base)
e3: the same with a tag `main` at HEAD beside the `main` branch, which a short name loses to. ... ok
test_an_older_master_left_behind_does_not_change_the_answer (test_slice_scope_base.SliceScopeBaseTest.test_an_older_master_left_behind_does_not_change_the_answer)
e6, held: `main` and an older `master`, nothing minted. ... ok
test_a_deployable_with_no_path_key_owns_nothing (test_slice_scope_root.SliceScopeRootTest.test_a_deployable_with_no_path_key_owns_nothing)
T006 (AC-S20-8), held: a record with the key missing, as with `""`, is no fallback owner. ... ok
test_a_malformed_row_adds_nothing_and_does_not_hide_the_others (test_slice_scope_root.SliceScopeRootTest.test_a_malformed_row_adds_nothing_and_does_not_hide_the_others)
T008 (AC-S20-14, D20): a row of the wrong shape adds nothing; a well-formed row beside it still does. ... ok
test_a_path_the_factory_wrote_is_refused (test_slice_scope_root.SliceScopeRootTest.test_a_path_the_factory_wrote_is_refused)
R2 e5: a line of `.written` is the host's, though no fixed name says so. ... ok
test_a_real_adoption_at_the_root (test_slice_scope_root.SliceScopeRootTest.test_a_real_adoption_at_the_root)
AC-S20-1, -2 on a tree `slipwai adopt` made: tests are the slice's, the Makefile and a written path not. ... ok
test_a_registry_that_is_gone_unreadable_or_malformed_adds_nothing (test_slice_scope_root.SliceScopeRootTest.test_a_registry_that_is_gone_unreadable_or_malformed_adds_nothing)
T008 (AC-S20-14): D18's names are still refused, the five pass, and there is never a traceback. ... ok
test_a_subdirectory_service_still_owns_its_own_files (test_slice_scope_root.SliceScopeRootTest.test_a_subdirectory_service_still_owns_its_own_files)
R3 e1: the fallback does not outrank `apps/api`, and another service's code is not this slice's. ... ok
test_an_empty_path_owns_nothing (test_slice_scope_root.SliceScopeRootTest.test_an_empty_path_owns_nothing)
R1 e5: a deployable with `path: ""` is no fallback; its file stays outside every deployable. ... ok
test_delivery_at_the_root_keeps_its_ledger_baseline_and_survey_the_hosts (test_slice_scope_root.SliceScopeRootTest.test_delivery_at_the_root_keeps_its_ledger_baseline_and_survey_the_hosts)
T009 (R-3): with the delivery directory the root and a deployable at the root, `.written`, `baseline.json` ... ok
test_every_fixed_host_name_is_refused_with_no_registry (test_slice_scope_root.SliceScopeRootTest.test_every_fixed_host_name_is_refused_with_no_registry)
T006 (AC-S20-2, D20), held: every name the checker fixes, one at a time, listed here and not read from ... ok
test_every_path_a_harness_row_names_is_the_hosts (test_slice_scope_root.SliceScopeRootTest.test_every_path_a_harness_row_names_is_the_hosts)
T008 (AC-S20-14): the registry beside the checker names the harness files; each is refused. ... ok
test_every_spelling_of_a_recorded_path_answers_alike (test_slice_scope_root.SliceScopeRootTest.test_every_spelling_of_a_recorded_path_answers_alike)
T007 (AC-S20-7, -8): `./apps/api` is `apps/api`; `ci.gate` spelled `./ci/gate.yml` is `ci/gate.yml`. ... ok
test_git_hooks_and_the_ignore_file_are_the_repositorys_own (test_slice_scope_root.SliceScopeRootTest.test_git_hooks_and_the_ignore_file_are_the_repositorys_own)
T008 (AC-S20-16), held: green on arrival, and still green once the registry and CI names are read. ... ok
test_no_written_file_leaves_the_fixed_list (test_slice_scope_root.SliceScopeRootTest.test_no_written_file_leaves_the_fixed_list)
R2 e7, held: with no `.written` the fixed list refuses and the rest is the slice's. ... ok
test_taking_a_file_over_does_not_open_the_gate_workflow (test_slice_scope_root.SliceScopeRootTest.test_taking_a_file_over_does_not_open_the_gate_workflow)
R2 e6: `.written` with the gate's line deleted still refuses the gate workflow. ... ok
test_the_checker_names_every_ci_system_adopt_recognises (test_slice_scope_root.SliceScopeRootTest.test_the_checker_names_every_ci_system_adopt_recognises)
T008 (AC-S20-15): a forge `adopt` learns later and the checker does not is a red test, not a hole. ... ok
test_the_delivery_directory_is_refused (test_slice_scope_root.SliceScopeRootTest.test_the_delivery_directory_is_refused)
R2 e2: the gate, the skills, the commands and the baseline sit in the delivery directory. ... ok
test_the_docs_keep_their_own_answer (test_slice_scope_root.SliceScopeRootTest.test_the_docs_keep_their_own_answer)
R2 e3, held: the docs are refused as they were, by the docs clause. ... ok
test_the_host_surface_at_the_root_is_refused (test_slice_scope_root.SliceScopeRootTest.test_the_host_surface_at_the_root_is_refused)
R2 e1: the root Makefile, the manifest, the run's settings, CI and the harness guidance are the host's. ... ok
test_the_host_surface_is_refused_under_the_slash_spelling_too (test_slice_scope_root.SliceScopeRootTest.test_the_host_surface_is_refused_under_the_slash_spelling_too)
T006 (AC-S20-2, -8), held: with the root recorded `./`, the host's names are as refused as at `.`. ... ok
test_the_other_ci_systems_and_makefile_spellings_are_the_hosts (test_slice_scope_root.SliceScopeRootTest.test_the_other_ci_systems_and_makefile_spellings_are_the_hosts)
T008 (AC-S20-15): what `adopt` recognises as CI, and `GNUmakefile` / `makefile`, are refused. ... ok
test_the_recorded_gate_is_the_hosts_wherever_it_sits (test_slice_scope_root.SliceScopeRootTest.test_the_recorded_gate_is_the_hosts_wherever_it_sits)
R2 e8: `ci.gate` naming a file outside the fixed CI names is refused. ... ok
test_the_registry_is_read_once_not_per_path (test_slice_scope_root.SliceScopeRootTest.test_the_registry_is_read_once_not_per_path)
T008: the harness names are read once for the run; replacing the file mid-run changes nothing. ... ok
test_the_root_deployable_owns_what_nobody_else_claims (test_slice_scope_root.SliceScopeRootTest.test_the_root_deployable_owns_what_nobody_else_claims)
R1 e1-e3: the application's own tests, a sibling directory, root tooling and manifests are the slice's. ... ok
test_the_root_may_be_written_with_a_trailing_slash (test_slice_scope_root.SliceScopeRootTest.test_the_root_may_be_written_with_a_trailing_slash)
R1 e4: `./` answers as `.` does. ... ok
test_the_root_service_still_owns_the_rest_beside_a_subdirectory_one (test_slice_scope_root.SliceScopeRootTest.test_the_root_service_still_owns_the_rest_beside_a_subdirectory_one)
R3 e2: the same branch, a file the root service owns, is green. ... ok
test_the_slice_writes_two_survey_pages_and_no_other (test_slice_scope_root.SliceScopeRootTest.test_the_slice_writes_two_survey_pages_and_no_other)
R2 e4: `pinned.md` and `running.md` are the ladder's to write; `survey.md` stays the host's. ... ok
test_a_rerun_that_forwards_nothing_leaves_spec_kit_alone (test_spec_kit.SpecKitTest.test_a_rerun_that_forwards_nothing_leaves_spec_kit_alone)
`./init --extension <key>` on an initialized project finishes without Spec Kit's source host. ... created: /tmp/tmpvy56s1to/rerun-product
Backing services left as generated; scripts/backing-services.py --list shows what can still be changed.
Project skills, commands and agent types installed for Codex CLI (codex).
A harness reads its agent types once, at session start: restart the session before delegating, or the first delegation cannot use the types just projected.
codegraph: Codex CLI: .codex/config.toml names `codegraph`; commit it
Extension pointers projected for Codex CLI (codex).
Backing services left as generated; scripts/backing-services.py --list shows what can still be changed.
Project skills, commands and agent types installed for Claude Code (claude).
A harness reads its agent types once, at session start: restart the session before delegating, or the first delegation cannot use the types just projected.
ok
test_init_delegates_bootstrap_to_specify (test_spec_kit.SpecKitTest.test_init_delegates_bootstrap_to_specify) ... created: /tmp/tmp5z664nr8/spec-driven-product
Backing services left as generated; scripts/backing-services.py --list shows what can still be changed.
Project skills, commands and agent types installed for Codex CLI (codex).
A harness reads its agent types once, at session start: restart the session before delegating, or the first delegation cannot use the types just projected.
ok
test_init_exposes_project_skills_and_commands_to_cursor (test_spec_kit.SpecKitTest.test_init_exposes_project_skills_and_commands_to_cursor) ... created: /tmp/tmpm5l8xse6/cursor-product
python3 scripts/agents/project.py --check
check-agents: 197 projected files match
python3 scripts/agents/models.py --check && python3 scripts/agents/drive.py --check && python3 scripts/agents/cruise.py --check
check-models: .specify/models.json names 17 stage(s) and 6 harness(es)
check-drive: .specify/drive.json delegates per story and cycles per rule
check-cruise: .specify/cruise.json is well-formed; /cruise is not enabled
ok
test_init_gives_spec_kits_scripts_pyyaml_with_no_step_of_yours (test_spec_kit.SpecKitTest.test_init_gives_spec_kits_scripts_pyyaml_with_no_step_of_yours)
From Spec Kit 1.0.9 its bash scripts compose the preset templates with PyYAML on the bare `python3` ... created: /tmp/tmpyjpxq8pp/yaml-less
ok
test_speckit_gate_reads_an_absent_projection_directory_as_not_projected (test_spec_kit.SpecKitTest.test_speckit_gate_reads_an_absent_projection_directory_as_not_projected)
The failure this closes: native Spec Kit installs its own `speckit-*` skills into `.claude/skills/` and ... created: /tmp/tmpem7cmeoy/claude-product
Backing services left as generated; scripts/backing-services.py --list shows what can still be changed.
Project skills, commands and agent types installed for Claude Code (claude).
A harness reads its agent types once, at session start: restart the session before delegating, or the first delegation cannot use the types just projected.
ok
test_speckit_gate_rejects_a_corrupted_preset (test_spec_kit.SpecKitTest.test_speckit_gate_rejects_a_corrupted_preset) ... created: /tmp/tmpalrmndfa/corrupt-preset
ok
test_a_confirmed_candidate_takes_the_toolchain_of_the_language_it_was_confirmed_as (test_spoken_toolchain.SpokenToolchainTest.test_a_confirmed_candidate_takes_the_toolchain_of_the_language_it_was_confirmed_as)
How `/ground` speaks: it reads the directory and confirms the candidate under the right language. ... ok
test_a_language_given_on_the_command_line_brings_its_toolchain (test_spoken_toolchain.SpokenToolchainTest.test_a_language_given_on_the_command_line_brings_its_toolchain) ... ok
test_a_language_nothing_here_builds_leaves_the_toolchain_alone (test_spoken_toolchain.SpokenToolchainTest.test_a_language_nothing_here_builds_leaves_the_toolchain_alone)
No ecosystem for `rust` reads this directory, so there is no toolchain to bring and none is ... ok
test_a_language_that_changes_nothing_is_not_recorded_as_a_decision_about_the_toolchain (test_spoken_toolchain.SpokenToolchainTest.test_a_language_that_changes_nothing_is_not_recorded_as_a_decision_about_the_toolchain) ... ok
test_a_refresh_leaves_a_spoken_toolchain_where_it_was (test_spoken_toolchain.SpokenToolchainTest.test_a_refresh_leaves_a_spoken_toolchain_where_it_was)
The other half of the same bug: the refresh used to keep only the version, so the next `/survey` ... ok
test_the_survey_alone_reads_the_directory_as_node (test_spoken_toolchain.SpokenToolchainTest.test_the_survey_alone_reads_the_directory_as_node)
The premise: without anybody speaking, the record says Node, and that is not a bug. ... ok
test_a_moved_layout_finds_the_table_at_the_root (test_stage_models.StageModelsTest.test_a_moved_layout_finds_the_table_at_the_root)
An adopted repository keeps the method under `delivery/`; `.specify/` stays at the root where Spec Kit ... ok
test_delegation_names_the_safety_page_and_each_sessions_index_routes (test_stage_models.StageModelsTest.test_delegation_names_the_safety_page_and_each_sessions_index_routes)
The delegation preference and the code-index block used to say opposite things about the same ... created: /tmp/tmps22z83xu/delegating
ok
test_the_owner_changes_the_table_at_any_time_and_the_change_is_checked (test_stage_models.StageModelsTest.test_the_owner_changes_the_table_at_any_time_and_the_change_is_checked)
"Ensure that these models can be changed by the user as and when." One command changes a stage's role ... created: /tmp/tmpab5ygzov/change
ok
test_the_registry_says_per_harness_what_is_possible_and_a_no_is_written (test_stage_models.StageModelsTest.test_the_registry_says_per_harness_what_is_possible_and_a_no_is_written)
Harnesses differ in how a sub-task gets its model, so the registry is where that is said — read ... ok
test_the_resolver_names_the_model_or_says_why_it_is_the_hosts (test_stage_models.StageModelsTest.test_the_resolver_names_the_model_or_says_why_it_is_the_hosts)
One line per stage, and every road to the host model is a different sentence: the role maps to ... created: /tmp/tmp549lysf0/resolve
ok
test_the_table_carries_the_default_split_and_drive_applies_it (test_stage_models.StageModelsTest.test_the_table_carries_the_default_split_and_drive_applies_it)
The choice lives in the project, versioned with it, keyed by the command each stage runs: strong ... created: /tmp/tmp_17f1v8h/split
ok
test_no_retained_file_points_at_a_file_that_is_not_there (test_stale_references.StaleReferenceTest.test_no_retained_file_points_at_a_file_that_is_not_there) ... created: /tmp/tmp1ghvuznv/stale-standard-typescript-memory-fastify-react-vite
created: /tmp/tmp1ghvuznv/stale-standard-typescript-memory-none-none
created: /tmp/tmp1ghvuznv/stale-event-modelling-typescript-memory-fastify-react-vite
created: /tmp/tmp1ghvuznv/stale-event-modelling-typescript-memory-none-none
created: /tmp/tmp1ghvuznv/stale-event-modelling-typescript-sqlite-fastify-react-vite
created: /tmp/tmp1ghvuznv/stale-event-modelling-typescript-sqlite-none-none
created: /tmp/tmp1ghvuznv/stale-event-modelling-typescript-postgres-fastify-react-vite
created: /tmp/tmp1ghvuznv/stale-event-modelling-typescript-postgres-none-none
created: /tmp/tmp1ghvuznv/stale-standard-python-memory-fastapi-react-vite
created: /tmp/tmp1ghvuznv/stale-standard-python-memory-none-none
created: /tmp/tmp1ghvuznv/stale-event-modelling-python-memory-fastapi-react-vite
created: /tmp/tmp1ghvuznv/stale-event-modelling-python-memory-none-none
created: /tmp/tmp1ghvuznv/stale-event-modelling-python-sqlite-fastapi-react-vite
created: /tmp/tmp1ghvuznv/stale-event-modelling-python-sqlite-none-none
created: /tmp/tmp1ghvuznv/stale-event-modelling-python-postgres-fastapi-react-vite
created: /tmp/tmp1ghvuznv/stale-event-modelling-python-postgres-none-none
created: /tmp/tmp1ghvuznv/stale-standard-go-memory-net-http-react-vite
created: /tmp/tmp1ghvuznv/stale-standard-go-memory-none-none
created: /tmp/tmp1ghvuznv/stale-event-modelling-go-memory-net-http-react-vite
created: /tmp/tmp1ghvuznv/stale-event-modelling-go-memory-none-none
created: /tmp/tmp1ghvuznv/stale-event-modelling-go-sqlite-net-http-react-vite
created: /tmp/tmp1ghvuznv/stale-event-modelling-go-sqlite-none-none
created: /tmp/tmp1ghvuznv/stale-event-modelling-go-postgres-net-http-react-vite
created: /tmp/tmp1ghvuznv/stale-event-modelling-go-postgres-none-none
created: /tmp/tmp1ghvuznv/stale-standard-java-quarkus-memory-quarkus-rest-react-vite
created: /tmp/tmp1ghvuznv/stale-standard-java-quarkus-memory-none-none
created: /tmp/tmp1ghvuznv/stale-event-modelling-java-quarkus-memory-quarkus-rest-react-vite
created: /tmp/tmp1ghvuznv/stale-event-modelling-java-quarkus-memory-none-none
created: /tmp/tmp1ghvuznv/stale-event-modelling-java-quarkus-sqlite-quarkus-rest-react-vite
created: /tmp/tmp1ghvuznv/stale-event-modelling-java-quarkus-sqlite-none-none
created: /tmp/tmp1ghvuznv/stale-event-modelling-java-quarkus-postgres-quarkus-rest-react-vite
created: /tmp/tmp1ghvuznv/stale-event-modelling-java-quarkus-postgres-none-none
created: /tmp/tmp1ghvuznv/stale-standard-java-spring-memory-spring-web-react-vite
created: /tmp/tmp1ghvuznv/stale-standard-java-spring-memory-none-none
created: /tmp/tmp1ghvuznv/stale-event-modelling-java-spring-memory-spring-web-react-vite
created: /tmp/tmp1ghvuznv/stale-event-modelling-java-spring-memory-none-none
created: /tmp/tmp1ghvuznv/stale-event-modelling-java-spring-sqlite-spring-web-react-vite
created: /tmp/tmp1ghvuznv/stale-event-modelling-java-spring-sqlite-none-none
created: /tmp/tmp1ghvuznv/stale-event-modelling-java-spring-postgres-spring-web-react-vite
created: /tmp/tmp1ghvuznv/stale-event-modelling-java-spring-postgres-none-none
ok
test_no_retained_file_points_at_an_adapter_that_was_pruned (test_stale_references.StaleReferenceTest.test_no_retained_file_points_at_an_adapter_that_was_pruned) ... created: /tmp/tmpmk_cth7d/stale-standard-typescript-memory-fastify-react-vite
created: /tmp/tmpmk_cth7d/stale-standard-typescript-memory-none-none
created: /tmp/tmpmk_cth7d/stale-event-modelling-typescript-memory-fastify-react-vite
created: /tmp/tmpmk_cth7d/stale-event-modelling-typescript-memory-none-none
created: /tmp/tmpmk_cth7d/stale-event-modelling-typescript-sqlite-fastify-react-vite
created: /tmp/tmpmk_cth7d/stale-event-modelling-typescript-sqlite-none-none
created: /tmp/tmpmk_cth7d/stale-event-modelling-typescript-postgres-fastify-react-vite
created: /tmp/tmpmk_cth7d/stale-event-modelling-typescript-postgres-none-none
created: /tmp/tmpmk_cth7d/stale-standard-python-memory-fastapi-react-vite
created: /tmp/tmpmk_cth7d/stale-standard-python-memory-none-none
created: /tmp/tmpmk_cth7d/stale-event-modelling-python-memory-fastapi-react-vite
created: /tmp/tmpmk_cth7d/stale-event-modelling-python-memory-none-none
created: /tmp/tmpmk_cth7d/stale-event-modelling-python-sqlite-fastapi-react-vite
created: /tmp/tmpmk_cth7d/stale-event-modelling-python-sqlite-none-none
created: /tmp/tmpmk_cth7d/stale-event-modelling-python-postgres-fastapi-react-vite
created: /tmp/tmpmk_cth7d/stale-event-modelling-python-postgres-none-none
created: /tmp/tmpmk_cth7d/stale-standard-go-memory-net-http-react-vite
created: /tmp/tmpmk_cth7d/stale-standard-go-memory-none-none
created: /tmp/tmpmk_cth7d/stale-event-modelling-go-memory-net-http-react-vite
created: /tmp/tmpmk_cth7d/stale-event-modelling-go-memory-none-none
created: /tmp/tmpmk_cth7d/stale-event-modelling-go-sqlite-net-http-react-vite
created: /tmp/tmpmk_cth7d/stale-event-modelling-go-sqlite-none-none
created: /tmp/tmpmk_cth7d/stale-event-modelling-go-postgres-net-http-react-vite
created: /tmp/tmpmk_cth7d/stale-event-modelling-go-postgres-none-none
created: /tmp/tmpmk_cth7d/stale-standard-java-quarkus-memory-quarkus-rest-react-vite
created: /tmp/tmpmk_cth7d/stale-standard-java-quarkus-memory-none-none
created: /tmp/tmpmk_cth7d/stale-event-modelling-java-quarkus-memory-quarkus-rest-react-vite
created: /tmp/tmpmk_cth7d/stale-event-modelling-java-quarkus-memory-none-none
created: /tmp/tmpmk_cth7d/stale-event-modelling-java-quarkus-sqlite-quarkus-rest-react-vite
created: /tmp/tmpmk_cth7d/stale-event-modelling-java-quarkus-sqlite-none-none
created: /tmp/tmpmk_cth7d/stale-event-modelling-java-quarkus-postgres-quarkus-rest-react-vite
created: /tmp/tmpmk_cth7d/stale-event-modelling-java-quarkus-postgres-none-none
created: /tmp/tmpmk_cth7d/stale-standard-java-spring-memory-spring-web-react-vite
created: /tmp/tmpmk_cth7d/stale-standard-java-spring-memory-none-none
created: /tmp/tmpmk_cth7d/stale-event-modelling-java-spring-memory-spring-web-react-vite
created: /tmp/tmpmk_cth7d/stale-event-modelling-java-spring-memory-none-none
created: /tmp/tmpmk_cth7d/stale-event-modelling-java-spring-sqlite-spring-web-react-vite
created: /tmp/tmpmk_cth7d/stale-event-modelling-java-spring-sqlite-none-none
created: /tmp/tmpmk_cth7d/stale-event-modelling-java-spring-postgres-spring-web-react-vite
created: /tmp/tmpmk_cth7d/stale-event-modelling-java-spring-postgres-none-none
ok
test_the_rules_themselves_notice_what_they_exist_to_catch (test_stale_references.StaleReferenceTest.test_the_rules_themselves_notice_what_they_exist_to_catch)
Both patterns, held to the text they were written for and to the text they must leave alone. ... ok
test_an_adopted_repository_gets_the_strategy_page_the_command_and_the_ledger (test_strangle.StrangleTest.test_an_adopted_repository_gets_the_strategy_page_the_command_and_the_ledger) ... created: /tmp/tmpr95hvd2x/made
ok
test_a_runtime_only_nearing_its_end_of_life_is_not_a_precondition (test_strategy.OneProductOneLineTest.test_a_runtime_only_nearing_its_end_of_life_is_not_a_precondition) ... ok
test_one_runtime_four_applications_is_one_reason_and_one_precondition (test_strategy.OneProductOneLineTest.test_one_runtime_four_applications_is_one_reason_and_one_precondition) ... ok
test_two_runtimes_past_their_end_of_life_are_still_two_lines (test_strategy.OneProductOneLineTest.test_two_runtimes_past_their_end_of_life_are_still_two_lines) ... ok
test_a_decision_is_only_ever_an_accepted_adr_read_from_the_tree (test_strategy.StrategyTest.test_a_decision_is_only_ever_an_accepted_adr_read_from_the_tree) ... ok
test_a_repository_adopted_before_the_rename_is_read_under_the_names_it_has (test_strategy.StrategyTest.test_a_repository_adopted_before_the_rename_is_read_under_the_names_it_has)
Up to 1.12 the axis was `modernisation` and the strategy `modernise-in-place`. Both are read and written ... ok
test_an_adr_accepted_under_the_old_spelling_still_decides (test_strategy.StrategyTest.test_an_adr_accepted_under_the_old_spelling_still_decides) ... ok
test_leave_it_is_what_no_trigger_and_an_unreadable_trigger_recommend (test_strategy.StrategyTest.test_leave_it_is_what_no_trigger_and_an_unreadable_trigger_recommend) ... ok
test_the_preconditions_come_from_the_map (test_strategy.StrategyTest.test_the_preconditions_come_from_the_map) ... ok
test_the_row_the_record_and_the_command_carry_the_recommendation_and_the_decision (test_strategy.StrategyTest.test_the_row_the_record_and_the_command_carry_the_recommendation_and_the_decision) ... ok
test_the_trigger_is_read_for_what_it_names_and_the_essays_judgement_follows (test_strategy.StrategyTest.test_the_trigger_is_read_for_what_it_names_and_the_essays_judgement_follows) ... ok
test_an_index_that_is_not_codegraphs_is_said_not_guessed (test_structure.StructureTest.test_an_index_that_is_not_codegraphs_is_said_not_guessed) ... ok
test_entry_points_modules_and_dependencies_are_read_from_the_files_that_say_so (test_structure.StructureTest.test_entry_points_modules_and_dependencies_are_read_from_the_files_that_say_so) ... ok
test_hotspots_come_from_commits_and_the_graph_from_codegraphs_own_tables (test_structure.StructureTest.test_hotspots_come_from_commits_and_the_graph_from_codegraphs_own_tables) ... ok
test_the_factorys_own_files_are_not_hotspots (test_structure.StructureTest.test_the_factorys_own_files_are_not_hotspots) ... ok
test_a_project_with_no_browser_bundle_has_no_style_gate (test_styles.StyleGateTest.test_a_project_with_no_browser_bundle_has_no_style_gate) ... created: /tmp/tmpd9t_eb7n/headless
ok
test_css_imports_are_followed_transitively (test_styles.StyleGateTest.test_css_imports_are_followed_transitively)
A token file imported by another stylesheet is in the same bundle as a TypeScript import. ... created: /tmp/tmpf6k87jvj/transitive
ok
test_only_stylesheets_reachable_from_the_bundle_are_compared (test_styles.StyleGateTest.test_only_stylesheets_reachable_from_the_bundle_are_compared)
A design experiment on disk has no cascade until code imports it. ... created: /tmp/tmpura_48r8/not-bundled
ok
test_the_generated_light_and_dark_tokens_have_one_owner (test_styles.StyleGateTest.test_the_generated_light_and_dark_tokens_have_one_owner)
The same file intentionally defines colour tokens once for each colour scheme. ... created: /tmp/tmpswvb9l62/one-owner
ok
test_two_imported_token_files_fail_with_the_property_and_both_paths (test_styles.StyleGateTest.test_two_imported_token_files_fail_with_the_property_and_both_paths)
Neither file is wrong alone; the actionable finding is the token and its two owners. ... created: /tmp/tmpypgw4v_t/two-owners
ok
test_a_dotnet_solution_is_one_root_and_a_bare_project_gives_its_framework (test_survey.SurveyTest.test_a_dotnet_solution_is_one_root_and_a_bare_project_gives_its_framework) ... ok
test_a_maven_war_names_its_packaging_and_the_tools_its_pom_declares (test_survey.SurveyTest.test_a_maven_war_names_its_packaging_and_the_tools_its_pom_declares) ... ok
test_a_python_service_answers_only_what_its_configuration_says (test_survey.SurveyTest.test_a_python_service_answers_only_what_its_configuration_says) ... ok
test_a_repository_with_several_builds_reports_each_once_and_none_inside_an_owner (test_survey.SurveyTest.test_a_repository_with_several_builds_reports_each_once_and_none_inside_an_owner) ... ok
test_a_typescript_repository_is_read_from_its_package_manifest (test_survey.SurveyTest.test_a_typescript_repository_is_read_from_its_package_manifest) ... ok
test_an_ant_build_is_read_from_its_build_xml_and_the_jars_it_commits (test_survey.SurveyTest.test_an_ant_build_is_read_from_its_build_xml_and_the_jars_it_commits) ... ok
test_an_empty_tree_says_so (test_survey.SurveyTest.test_an_empty_tree_says_so) ... ok
test_the_forge_the_release_path_and_what_a_directory_is_are_read_only_where_a_file_says (test_survey.SurveyTest.test_the_forge_the_release_path_and_what_a_directory_is_are_read_only_where_a_file_says)
Three facts adoption used to assume: which forge runs CI, how a change reaches production, and what ... ok
test_a_target_that_deploys_an_axis_refuses_its_no_infrastructure_answer (test_targets.TargetsTest.test_a_target_that_deploys_an_axis_refuses_its_no_infrastructure_answer)
`aws` deploys an HTTP service and proves a deploy by asking it /health, so `--http none` cannot go ... created: /tmp/tmpmk312h8v/deployed
ok
test_an_option_is_offered_per_target_the_way_it_is_offered_per_backend (test_targets.TargetsTest.test_an_option_is_offered_per_target_the_way_it_is_offered_per_backend) ... ok
test_an_option_the_target_does_not_offer_is_refused_with_the_flag_that_fixes_it (test_targets.TargetsTest.test_an_option_the_target_does_not_offer_is_refused_with_the_flag_that_fixes_it) ... ok
test_choosing_aws_checks_the_machine_before_anything_is_written (test_targets.TargetsTest.test_choosing_aws_checks_the_machine_before_anything_is_written)
The tools `./init` will use are asked for at the choice that creates the need — not at the end of ... ok
test_four_rows_ship_and_the_managed_ones_arrived_with_their_infrastructure (test_targets.TargetsTest.test_four_rows_ship_and_the_managed_ones_arrived_with_their_infrastructure)
A managed target with nothing behind it would generate projects claiming a destination they cannot ... ok
test_project_json_records_the_target (test_targets.TargetsTest.test_project_json_records_the_target) ... created: /tmp/tmpyqacke7p/local
created: /tmp/tmpyqacke7p/deployed
ok
test_the_catalog_refuses_a_target_declaration_it_cannot_honour (test_targets.TargetsTest.test_the_catalog_refuses_a_target_declaration_it_cannot_honour) ... ok
test_the_pruner_offers_only_what_the_project_s_target_does (test_targets.TargetsTest.test_the_pruner_offers_only_what_the_project_s_target_does)
`./init` re-answers the axes inside a generated project, so it applies the same filter — read ... created: /tmp/tmp_p7ig54k/targeted
ok
test_the_readme_says_what_init_needs_before_anyone_runs_it (test_targets.TargetsTest.test_the_readme_says_what_init_needs_before_anyone_runs_it)
In a project going to production `./init` pushes and applies to an account, so the README lists ... created: /tmp/tmpx0dkx1dp/deployed
created: /tmp/tmpx0dkx1dp/local
ok
test_a_marker_speaks_every_language_the_services_are_written_in (test_toolkit.ToolkitTest.test_a_marker_speaks_every_language_the_services_are_written_in)
One language gives the bare snippet, as it always did; two give one labelled block each, in ... ok
test_adding_a_service_in_another_language_teaches_the_skills_that_language (test_toolkit.ToolkitTest.test_adding_a_service_in_another_language_teaches_the_skills_that_language)
The four skills with example snippets are regenerated by `add-service`, and afterwards carry a ... created: /tmp/tmp9lvyqbfh/polyglot
created: /tmp/tmp9lvyqbfh/go-first
created: /tmp/tmp9lvyqbfh/go-python
ok
test_canonical_toolkit_is_self_contained_and_fully_routed (test_toolkit.ToolkitTest.test_canonical_toolkit_is_self_contained_and_fully_routed) ... ok
test_every_example_marker_resolves_for_every_catalog_language (test_toolkit.ToolkitTest.test_every_example_marker_resolves_for_every_catalog_language) ... ok
test_every_file_that_still_carries_typescript_says_it_is_pseudocode (test_toolkit.ToolkitTest.test_every_file_that_still_carries_typescript_says_it_is_pseudocode)
The note has to be on the file that carries the code, not only on the skill it belongs to. ... created: /tmp/tmpsln_4eoc/pseudocode
created: /tmp/tmpsln_4eoc/headless
created: /tmp/tmpsln_4eoc/native-ts
ok
test_resolve_examples_fails_closed_on_a_missing_snippet (test_toolkit.ToolkitTest.test_resolve_examples_fails_closed_on_a_missing_snippet) ... ok
test_a_hand_edit_to_a_file_a_refresh_writes_is_refused_by_name (test_uncommitted.GroundSequenceTest.test_a_hand_edit_to_a_file_a_refresh_writes_is_refused_by_name) ... ok
test_answers_are_recorded_one_at_a_time_and_committed_once (test_uncommitted.GroundSequenceTest.test_answers_are_recorded_one_at_a_time_and_committed_once) ... ok
test_answers_are_recorded_one_at_a_time_where_git_is_read_only (test_uncommitted.GroundSequenceTest.test_answers_are_recorded_one_at_a_time_where_git_is_read_only)
Codex runs an agent's commands in a sandbox that makes `.git` read-only. The record of what slipwai ... ok
test_what_slipwai_left_is_recognised_as_its_own_even_after_the_record_moves (test_uncommitted.GroundSequenceTest.test_what_slipwai_left_is_recognised_as_its_own_even_after_the_record_moves)
The regenerated pages from the first answer are no longer what the record renders once a row has ... ok
test_a_project_in_a_directory_git_would_quote_is_refused_and_recorded_as_it_spells_its_files (test_uncommitted_places.PlacementChecks.test_a_project_in_a_directory_git_would_quote_is_refused_and_recorded_as_it_spells_its_files) ... ok
test_a_project_in_a_nested_directory_is_refused_and_recorded_as_it_spells_its_files (test_uncommitted_places.PlacementChecks.test_a_project_in_a_nested_directory_is_refused_and_recorded_as_it_spells_its_files) ... ok
test_commands_run_in_a_link_to_the_project_inside_the_repository_are_refused_and_recorded_alike (test_uncommitted_places.PlacementChecks.test_commands_run_in_a_link_to_the_project_inside_the_repository_are_refused_and_recorded_alike) ... ok
test_commands_run_in_a_link_to_the_project_outside_the_repository_are_refused_and_recorded_alike (test_uncommitted_places.PlacementChecks.test_commands_run_in_a_link_to_the_project_outside_the_repository_are_refused_and_recorded_alike) ... ok
test_hold_where_git_gives_no_answer_a_refresh_refuses_and_records_nothing_and_overwrites (test_uncommitted_places.WhereGitCannotAnswer.test_hold_where_git_gives_no_answer_a_refresh_refuses_and_records_nothing_and_overwrites) ... ok
test_hold_a_project_copied_to_a_directory_in_no_repository_is_refreshed_and_records_nothing (test_uncommitted_places.WhereNothingChanges.test_hold_a_project_copied_to_a_directory_in_no_repository_is_refreshed_and_records_nothing) ... ok
test_hold_at_the_top_of_the_repository_the_recorded_keys_are_spelled_as_before (test_uncommitted_places.WhereNothingChanges.test_hold_at_the_top_of_the_repository_the_recorded_keys_are_spelled_as_before) ... ok
test_a_copy_in_the_working_tree_from_inside_out_is_the_edited_source_in_the_project (test_uncommitted_renames.StatusEntriesWithASecondPathTest.test_a_copy_in_the_working_tree_from_inside_out_is_the_edited_source_in_the_project) ... ok
test_a_copy_in_the_working_tree_from_outside_in_is_the_new_path_and_the_source_only_at_the_top (test_uncommitted_renames.StatusEntriesWithASecondPathTest.test_a_copy_in_the_working_tree_from_outside_in_is_the_new_path_and_the_source_only_at_the_top) ... ok
test_a_copy_in_the_working_tree_inside_the_project_is_the_new_path_and_the_edited_source (test_uncommitted_renames.StatusEntriesWithASecondPathTest.test_a_copy_in_the_working_tree_inside_the_project_is_the_new_path_and_the_edited_source) ... ok
test_a_rename_in_the_working_tree_from_outside_in_is_the_new_path_only (test_uncommitted_renames.StatusEntriesWithASecondPathTest.test_a_rename_in_the_working_tree_from_outside_in_is_the_new_path_only) ... ok
test_a_rename_in_the_working_tree_inside_the_project_is_the_new_path_only (test_uncommitted_renames.StatusEntriesWithASecondPathTest.test_a_rename_in_the_working_tree_inside_the_project_is_the_new_path_only) ... ok
test_a_staged_copy_from_inside_out_is_the_edited_source_in_the_project (test_uncommitted_renames.StatusEntriesWithASecondPathTest.test_a_staged_copy_from_inside_out_is_the_edited_source_in_the_project) ... ok
test_a_staged_copy_from_outside_in_is_the_new_path_and_the_source_only_at_the_top (test_uncommitted_renames.StatusEntriesWithASecondPathTest.test_a_staged_copy_from_outside_in_is_the_new_path_and_the_source_only_at_the_top) ... ok
test_a_staged_copy_inside_the_project_is_the_new_path_and_the_edited_source (test_uncommitted_renames.StatusEntriesWithASecondPathTest.test_a_staged_copy_inside_the_project_is_the_new_path_and_the_edited_source) ... ok
test_a_staged_rename_from_inside_out_is_the_new_path_at_the_top_and_the_deletion_below (test_uncommitted_renames.StatusEntriesWithASecondPathTest.test_a_staged_rename_from_inside_out_is_the_new_path_at_the_top_and_the_deletion_below) ... ok
test_a_staged_rename_from_outside_in_is_the_new_path_only (test_uncommitted_renames.StatusEntriesWithASecondPathTest.test_a_staged_rename_from_outside_in_is_the_new_path_only) ... ok
test_a_staged_rename_inside_the_project_is_the_new_path_only (test_uncommitted_renames.StatusEntriesWithASecondPathTest.test_a_staged_rename_inside_the_project_is_the_new_path_only) ... ok
test_a_working_tree_rename_from_inside_out_is_the_new_path_at_the_top_and_the_deletion_below (test_uncommitted_renames.StatusEntriesWithASecondPathTest.test_a_working_tree_rename_from_inside_out_is_the_new_path_at_the_top_and_the_deletion_below) ... ok
test_a_file_at_the_top_that_spells_a_path_the_run_writes_is_neither_refused_nor_recorded (test_uncommitted_subdirectory.RefusalInSubdirectoryTest.test_a_file_at_the_top_that_spells_a_path_the_run_writes_is_neither_refused_nor_recorded)
R3e2. The run is a `--confirm` that leaves many files uncommitted and recorded, so an empty record cannot ... ok
test_a_hand_edit_to_a_file_a_refresh_writes_is_refused_by_the_projects_name_for_it (test_uncommitted_subdirectory.RefusalInSubdirectoryTest.test_a_hand_edit_to_a_file_a_refresh_writes_is_refused_by_the_projects_name_for_it) ... ok
test_a_listed_file_deleted_and_not_committed_is_refused_by_name (test_uncommitted_subdirectory.RefusalInSubdirectoryTest.test_a_listed_file_deleted_and_not_committed_is_refused_by_name) ... ok
test_a_path_the_run_writes_that_is_present_and_untracked_is_refused_by_name (test_uncommitted_subdirectory.RefusalInSubdirectoryTest.test_a_path_the_run_writes_that_is_present_and_untracked_is_refused_by_name) ... ok
test_a_refusal_says_where_its_names_are_spelled_from_at_the_top_of_a_repository (test_uncommitted_subdirectory.RefusalInSubdirectoryTest.test_a_refusal_says_where_its_names_are_spelled_from_at_the_top_of_a_repository)
AC-S23-11, beside `tests/test_uncommitted.py`: the same clause where the project is the repository. ... ok
test_a_refusal_says_where_its_names_are_spelled_from_in_a_subdirectory (test_uncommitted_subdirectory.RefusalInSubdirectoryTest.test_a_refusal_says_where_its_names_are_spelled_from_in_a_subdirectory)
AC-S23-11: a person typing `git` at the top with these names would otherwise get nothing. ... ok
test_a_refused_decline_names_decline_and_not_confirm (test_uncommitted_subdirectory.RefusalInSubdirectoryTest.test_a_refused_decline_names_decline_and_not_confirm) ... ok
test_a_refused_run_given_both_names_both (test_uncommitted_subdirectory.RefusalInSubdirectoryTest.test_a_refused_run_given_both_names_both) ... ok
test_an_earlier_factorys_uncommitted_leftovers_are_refused_once_naming_them (test_uncommitted_subdirectory.RefusalInSubdirectoryTest.test_an_earlier_factorys_uncommitted_leftovers_are_refused_once_naming_them)
R5e1: with no record, a regenerated file is not told apart from a person's edit. ... ok
test_an_edit_on_top_of_what_a_run_left_is_refused_naming_that_file (test_uncommitted_subdirectory.RefusalInSubdirectoryTest.test_an_edit_on_top_of_what_a_run_left_is_refused_naming_that_file) ... ok
test_hold_a_refused_confirm_names_confirm (test_uncommitted_subdirectory.RefusalInSubdirectoryTest.test_hold_a_refused_confirm_names_confirm) ... ok
test_hold_a_refused_refresh_names_refresh (test_uncommitted_subdirectory.RefusalInSubdirectoryTest.test_hold_a_refused_refresh_names_refresh) ... ok
test_hold_an_edit_elsewhere_in_the_repository_refuses_nothing (test_uncommitted_subdirectory.RefusalInSubdirectoryTest.test_hold_an_edit_elsewhere_in_the_repository_refuses_nothing)
R3e1, a hold: passes before (`other/note.txt` spells nothing a run writes) and after. ... ok
test_hold_those_files_committed_the_refresh_exits_zero (test_uncommitted_subdirectory.RefusalInSubdirectoryTest.test_hold_those_files_committed_the_refresh_exits_zero)
R5e2, a hold: passes before (nothing was refused) and after (nothing is left uncommitted). ... ok
test_hold_what_a_run_left_and_a_row_settled_by_hand_are_written_over_by_the_next_runs (test_uncommitted_subdirectory.RefusalInSubdirectoryTest.test_hold_what_a_run_left_and_a_row_settled_by_hand_are_written_over_by_the_next_runs)
R2e1, a hold: passes before (nothing was refused) and after (all of it is slipwai's). ... ok
test_the_same_edit_refuses_confirm_and_leaves_project_json_as_it_was (test_uncommitted_subdirectory.RefusalInSubdirectoryTest.test_the_same_edit_refuses_confirm_and_leaves_project_json_as_it_was) ... ok
test_the_same_edit_refuses_decline_and_leaves_project_json_as_it_was (test_uncommitted_subdirectory.RefusalInSubdirectoryTest.test_the_same_edit_refuses_decline_and_leaves_project_json_as_it_was) ... ok
test_what_a_run_leaves_uncommitted_is_recorded_as_the_project_spells_it (test_uncommitted_subdirectory.RefusalInSubdirectoryTest.test_what_a_run_leaves_uncommitted_is_recorded_as_the_project_spells_it) ... ok
test_a_checkout_is_told_to_pull_rather_than_pulled (test_upgrade.UpgradeTest.test_a_checkout_is_told_to_pull_rather_than_pulled)
The newest version is reported for every shape, but a working tree is nobody else's to move: it ... ok
test_a_package_the_registry_does_not_hold_is_none_rather_than_a_refusal (test_upgrade.UpgradeTest.test_a_package_the_registry_does_not_hold_is_none_rather_than_a_refusal) ... ok
test_a_refusal_is_reported_as_a_refusal_and_never_as_being_up_to_date (test_upgrade.UpgradeTest.test_a_refusal_is_reported_as_a_refusal_and_never_as_being_up_to_date)
The whole reason this verb asks the registry itself. `uv tool upgrade` answers a 401 index with ... ok
test_a_registry_holding_none_of_this_package_says_so (test_upgrade.UpgradeTest.test_a_registry_holding_none_of_this_package_says_so)
A 404 is an absence and is reported as one — the distinction the 401 case exists to keep. ... ok
test_a_snapshot_is_passed_over_unless_asked_for (test_upgrade.UpgradeTest.test_a_snapshot_is_passed_over_unless_asked_for)
The registry holds the snapshot of main beside the releases. `pip` and `uv` pass a `.dev` version ... ok
test_credentials_from_the_environment_reach_the_registry (test_upgrade.UpgradeTest.test_credentials_from_the_environment_reach_the_registry)
The same two variables `uv` reads, so a machine that can upgrade can also be told whether to. ... ok
test_credentials_go_in_a_header_whether_they_came_from_the_environment_or_the_url (test_upgrade.UpgradeTest.test_credentials_go_in_a_header_whether_they_came_from_the_environment_or_the_url)
A `pip --index-url https://user:token@forge/...` install can answer its own question too, and ... ok
test_the_command_each_installed_shape_is_upgraded_with (test_upgrade.UpgradeTest.test_the_command_each_installed_shape_is_upgraded_with)
And that the two that cannot be upgraded from inside themselves refuse to name one. ... ok
test_the_index_a_uv_tool_installs_from_is_read_off_its_receipt (test_upgrade.UpgradeTest.test_the_index_a_uv_tool_installs_from_is_read_off_its_receipt)
Where a copy came from is where it is upgraded from — a mirror is not overridden by this ... ok
test_the_page_is_read_by_filename_whatever_shape_the_links_are (test_upgrade.UpgradeTest.test_the_page_is_read_by_filename_whatever_shape_the_links_are) ... ok
test_the_version_this_checkout_carries_is_compared_rather_than_assumed (test_upgrade.UpgradeTest.test_the_version_this_checkout_carries_is_compared_rather_than_assumed)
An index whose newest file is this version says so, instead of upgrading this copy to itself. ... ok
test_which_install_this_copy_is (test_upgrade.UpgradeTest.test_which_install_this_copy_is)
Four shapes, and the two `assets` cannot tell apart told apart by uv's receipt. ... ok
test_a_browser_app_with_nothing_to_proxy_to_keeps_no_proxy (test_users_axis.UsersAxisTest.test_a_browser_app_with_nothing_to_proxy_to_keeps_no_proxy)
A web app beside a service with no transport has no `/api` to forward, so the proxy — and the ... created: /tmp/tmpv3twll_9/no-proxy
ok
test_a_customer_login_needs_a_transport_to_present_the_token_to (test_users_axis.UsersAxisTest.test_a_customer_login_needs_a_transport_to_present_the_token_to) ... created: /tmp/tmp67u5y9e2/no-transport
ok
test_a_feature_belongs_to_one_axis_and_is_named_for_it (test_users_axis.UsersAxisTest.test_a_feature_belongs_to_one_axis_and_is_named_for_it)
`keycloak` is the staff axis's feature, so the customer option's is `users-keycloak` — the axis ... ok
test_a_shared_marker_names_only_the_features_still_holding_it (test_users_axis.UsersAxisTest.test_a_shared_marker_names_only_the_features_still_holding_it) ... ok
test_dropping_one_realm_keeps_the_container_for_the_other (test_users_axis.UsersAxisTest.test_dropping_one_realm_keeps_the_container_for_the_other)
A shared region names the features holding it; dropping one rewrites the marker rather than the ... created: /tmp/tmp1ch3tbey/one-realm
ok
test_keycloak_answers_both_identity_questions_from_one_container (test_users_axis.UsersAxisTest.test_keycloak_answers_both_identity_questions_from_one_container)
One `keycloak` service, two realm files, and each answer's own adapter, keys and prose. ... created: /tmp/tmpwdowkxuj/two-realms
ok
test_the_browser_app_s_dependencies_are_removed_the_way_they_were_added (test_users_axis.UsersAxisTest.test_the_browser_app_s_dependencies_are_removed_the_way_they_were_added) ... ok
test_every_text_file_is_opened_as_utf8 (test_utf8_io.Utf8IoTest.test_every_text_file_is_opened_as_utf8) ... ok
test_every_text_file_is_written_with_lf (test_utf8_io.Utf8IoTest.test_every_text_file_is_written_with_lf) ... ok
test_the_check_would_catch_the_call_that_broke_windows (test_utf8_io.Utf8IoTest.test_the_check_would_catch_the_call_that_broke_windows) ... ok
test_a_bare_service_asks_for_nothing_at_run_time (test_uv.UvTest.test_a_bare_service_asks_for_nothing_at_run_time)
A walking skeleton imports the standard library and nothing else; the gate's tools still have ... created: /tmp/tmpegt3rxl0/uv-bare
ok
test_a_lock_is_committed_for_every_dependency_set_the_axes_can_produce (test_uv.UvTest.test_a_lock_is_committed_for_every_dependency_set_the_axes_can_produce)
One per subset of the dependency-adding features, the way the npm locks are — and no more, so a ... ok
test_a_service_carries_its_runtime_dependencies_its_dev_group_and_its_lock (test_uv.UvTest.test_a_service_carries_its_runtime_dependencies_its_dev_group_and_its_lock) ... created: /tmp/tmpz8361wp6/uv-full
ok
test_ci_installs_the_pinned_uv_and_caches_on_the_committed_lock (test_uv.UvTest.test_ci_installs_the_pinned_uv_and_caches_on_the_committed_lock) ... created: /tmp/tmpfm5zu25k/uv-ci
ok
test_the_gate_installs_from_the_lock_and_never_resolves (test_uv.UvTest.test_the_gate_installs_from_the_lock_and_never_resolves) ... created: /tmp/tmp61gfsos7/uv-gate
ok
test_what_generation_adds_is_what_the_prune_removes (test_uv.UvTest.test_what_generation_adds_is_what_the_prune_removes)
Two halves of one fact, per feature. A distribution added here and not named there is one a ... ok
test_a_project_test_can_load_the_script_without_registering_it (test_ux_gates_scale.UxGatesScaleTest.test_a_project_test_can_load_the_script_without_registering_it)
A project's own test loaded the script with `importlib` and did not put it in `sys.modules`; a ... created: /tmp/tmphrqqoru1/loaded
ok
test_shards_run_every_gate_exactly_once_between_them (test_ux_gates_scale.UxGatesScaleTest.test_shards_run_every_gate_exactly_once_between_them) ... created: /tmp/tmpjk01rx00/scaled
ok
test_since_renders_only_what_a_change_can_move (test_ux_gates_scale.UxGatesScaleTest.test_since_renders_only_what_a_change_can_move) ... created: /tmp/tmp8befyhzk/scaled
ok
test_the_extension_writes_the_sharded_job_into_verify_once (test_ux_gates_scale.UxGatesScaleTest.test_the_extension_writes_the_sharded_job_into_verify_once) ... created: /tmp/tmpavo0at7b/scaled
ok
test_a_trunk_that_cannot_be_resolved_for_a_reason_that_is_not_gits_removes_nothing (test_verify_stamp_cannot.AStampThatStoodTest.test_a_trunk_that_cannot_be_resolved_for_a_reason_that_is_not_gits_removes_nothing)
T027 hold: the script that resolves the trunk does not load, whatever git says. ... ok
test_no_python3_able_to_run_the_stamp_script_removes_nothing (test_verify_stamp_cannot.AStampThatStoodTest.test_no_python3_able_to_run_the_stamp_script_removes_nothing)
T027 hold: a 3.9 first on `PATH`: `reuse` answers 1 and `record` 0, the stamp that stood stands. ... ok
test_a_directory_that_is_no_repository_carries_gits_reason (test_verify_stamp_cannot.CannotTellTest.test_a_directory_that_is_no_repository_carries_gits_reason)
e13: the gate runs in a copy with no `.git`, and the line has git's own words. ... ok
test_a_file_marked_assume_unchanged (test_verify_stamp_cannot.CannotTellTest.test_a_file_marked_assume_unchanged)
e12: git is told not to look at it, so the index cannot vouch for it. ... ok
test_a_file_marked_skip_worktree (test_verify_stamp_cannot.CannotTellTest.test_a_file_marked_skip_worktree)
e12: the same, with git's other way of not looking. ... ok
test_a_git_that_fails_carries_its_reason (test_verify_stamp_cannot.CannotTellTest.test_a_git_that_fails_carries_its_reason)
e13: a `git` first on `PATH` that refuses; its words are on the line. ... ok
test_a_stamp_that_cannot_be_removed_is_named_on_the_line_and_never_in_the_note (test_verify_stamp_cannot.CannotTellTest.test_a_stamp_that_cannot_be_removed_is_named_on_the_line_and_never_in_the_note)
T020: a non-empty directory where the stamp goes cannot be removed; the line names the file to delete, and ... ok
test_a_stamp_that_stood_is_removed_where_the_key_cannot_be_built (test_verify_stamp_cannot.CannotTellTest.test_a_stamp_that_stood_is_removed_where_the_key_cannot_be_built)
e12: a stamp planted for the tree as it was is gone after a run that could not tell, not left to be ... ok
test_a_submodule_entry (test_verify_stamp_cannot.CannotTellTest.test_a_submodule_entry)
e12: an index entry of mode 160000 stands for a repository the key does not read. ... ok
test_an_unreadable_covered_file_is_named (test_verify_stamp_cannot.CannotTellTest.test_an_unreadable_covered_file_is_named)
e13: a file git would list and the key cannot read. ... ok
test_an_unreadable_ignored_input_is_named (test_verify_stamp_cannot.CannotTellTest.test_an_unreadable_ignored_input_is_named)
e13: the same for a file on the ignored-inputs list, which is read by its bytes as well. ... ok
test_an_untracked_directory_that_is_itself_a_repository (test_verify_stamp_cannot.CannotTellTest.test_an_untracked_directory_that_is_itself_a_repository)
e12 (research item 2, read here): `git ls-files --others` lists it as one entry ending in `/`, and its ... ok
test_no_git_on_path_is_a_line_and_a_run_for_the_recipe_to_carry_on_from (test_verify_stamp_cannot.CannotTellTest.test_no_git_on_path_is_a_line_and_a_run_for_the_recipe_to_carry_on_from)
e13: `reuse` where no `git` can be found exits non-zero, with one line, and writes nothing. (The gate's ... ok
test_a_directory_with_something_in_it_at_the_notes_path_is_named_as_the_directory_to_delete (test_verify_stamp_exact.FilesWhereTheFactoryWritesTest.test_a_directory_with_something_in_it_at_the_notes_path_is_named_as_the_directory_to_delete) ... ok
test_a_file_where_the_factorys_directory_should_be_is_named_as_that_file (test_verify_stamp_exact.FilesWhereTheFactoryWritesTest.test_a_file_where_the_factorys_directory_should_be_is_named_as_that_file)
B5: the line named the stamp inside it, which does not exist. ... ok
test_an_empty_directory_at_the_notes_path_is_removed_as_itself_and_the_pass_is_recorded (test_verify_stamp_exact.FilesWhereTheFactoryWritesTest.test_an_empty_directory_at_the_notes_path_is_removed_as_itself_and_the_pass_is_recorded)
B5: it stopped every later run recording, and the line named nothing to delete. ... ok
test_git_failing_with_several_lines_is_one_line_with_its_first_non_empty_line_escaped (test_verify_stamp_exact.GitsReasonTest.test_git_failing_with_several_lines_is_one_line_with_its_first_non_empty_line_escaped)
C6: it was four lines. ... ok
test_the_same_on_the_trunk (test_verify_stamp_exact.GitsReasonTest.test_the_same_on_the_trunk) ... ok
test_a_stamp_of_the_printed_shape_is_reused_and_its_instant_shown (test_verify_stamp_exact.InstantTest.test_a_stamp_of_the_printed_shape_is_reused_and_its_instant_shown)
A hold: the shape `record` writes. ... ok
test_a_stamp_whose_instant_is_not_the_printed_shape_is_no_stamp_and_prints_nothing_of_it (test_verify_stamp_exact.InstantTest.test_a_stamp_whose_instant_is_not_the_printed_shape_is_no_stamp_and_prints_nothing_of_it)
B6: a hand-made stamp printed arbitrary lines. ... ok
test_a_git_directory_whose_name_ends_in_whitespace_has_its_stamp_inside_it (test_verify_stamp_exact.WhitespaceNamesTest.test_a_git_directory_whose_name_ends_in_whitespace_has_its_stamp_inside_it)
B3: `strip()` took the space off the name, and the stamp went to a sibling directory outside the git dir. ... ok
test_projects_named_alike_but_for_leading_whitespace_have_stamps_of_their_own (test_verify_stamp_exact.WhitespaceNamesTest.test_projects_named_alike_but_for_leading_whitespace_have_stamps_of_their_own)
B4: the prefix was stripped, so ` p/` and `p/` named one file. ... ok
test_a_directory_with_something_in_it_at_the_note_path_is_named_and_the_run_records_nothing (test_verify_stamp_file.FileTest.test_a_directory_with_something_in_it_at_the_note_path_is_named_and_the_run_records_nothing)
e28, brought to AC-S03-36 (an empty one is removed as itself, `test_verify_stamp_exact`): nothing can be ... ok
test_a_directory_with_something_in_it_at_the_stamp_path_is_refused_by_name (test_verify_stamp_file.FileTest.test_a_directory_with_something_in_it_at_the_stamp_path_is_refused_by_name)
e28: not deleted wholesale — one line names it, the gate runs, nothing is written into it. ... ok
test_a_fifo_at_the_stamp_path_is_not_opened (test_verify_stamp_file.FileTest.test_a_fifo_at_the_stamp_path_is_not_opened)
e28: opening one for reading waits for a writer that never comes; it is removed as itself. ... ok
test_a_link_at_the_note_path_is_not_read_or_written_through (test_verify_stamp_file.FileTest.test_a_link_at_the_note_path_is_not_read_or_written_through)
e28: the note a run leaves for `record` is replaced as itself, and the pass is recorded. ... ok
test_a_link_at_the_stamp_path_is_not_read_and_is_replaced_as_itself (test_verify_stamp_file.FileTest.test_a_link_at_the_stamp_path_is_not_read_and_is_replaced_as_itself)
e28: the link is removed, not what it points to, which stays what it was. ... ok
test_a_link_to_a_directory_at_the_stamp_path_is_replaced_and_the_directory_stays (test_verify_stamp_file.FileTest.test_a_link_to_a_directory_at_the_stamp_path_is_replaced_and_the_directory_stays)
e28: removed as itself, never as what it points at. ... ok
test_a_link_where_the_stamp_directory_goes_is_neither_read_nor_removed_through (test_verify_stamp_file.FileTest.test_a_link_where_the_stamp_directory_goes_is_neither_read_nor_removed_through)
e28: a stamp that stands behind the link is not reused, not removed and not replaced. ... ok
test_a_link_where_the_stamp_directory_goes_is_not_written_through (test_verify_stamp_file.FileTest.test_a_link_where_the_stamp_directory_goes_is_not_written_through)
e28: the directory of the factory's own is a real one; a link in its place is replaced, and what it ... ok
test_a_second_worktree_has_no_stamp_of_the_first_and_keeps_its_own (test_verify_stamp_file.FileTest.test_a_second_worktree_has_no_stamp_of_the_first_and_keeps_its_own)
e28: worktrees of one repository never share one stamp. ... ok
test_a_stamp_of_any_age_is_reused_and_its_instant_shown (test_verify_stamp_file.FileTest.test_a_stamp_of_any_age_is_reused_and_its_instant_shown)
e27: ten years old, still reused: the instant is shown and never compared. ... ok
test_an_empty_directory_at_the_stamp_path_is_replaced (test_verify_stamp_file.FileTest.test_an_empty_directory_at_the_stamp_path_is_replaced)
e28: a directory is not a stamp; an empty one is removed as itself and the stamp takes its place. ... ok
test_deleting_the_stamp_has_the_effect_of_forcing (test_verify_stamp_file.FileTest.test_deleting_the_stamp_has_the_effect_of_forcing)
e27: with the file gone the gate runs in full, and writes one. ... ok
test_nothing_of_the_stamp_shows_in_git_status_and_no_ignore_line_is_added (test_verify_stamp_file.FileTest.test_nothing_of_the_stamp_shows_in_git_status_and_no_ignore_line_is_added)
e28: a passing run writes a stamp, and `git status --porcelain --ignored` names nothing of it. ... ok
test_two_projects_in_one_repository_have_two_files_and_reuse_their_own (test_verify_stamp_file.FileTest.test_two_projects_in_one_repository_have_two_files_and_reuse_their_own)
e28 (D36): a project beside the first, in a directory of the same repository. ... ok
test_a_forced_pass_writes_a_stamp_the_next_run_reuses (test_verify_stamp_force.ForceTest.test_a_forced_pass_writes_a_stamp_the_next_run_reuses)
e25: forced once, left alone, the next run reads what the forced pass wrote. ... ok
test_a_forced_run_removes_the_stamp_before_the_first_check (test_verify_stamp_force.ForceTest.test_a_forced_run_removes_the_stamp_before_the_first_check)
e25: the stamp is gone before a check starts — a forced run whose check fails leaves none behind. ... ok
test_a_value_cannot_forge_a_line (test_verify_stamp_force.ForceTest.test_a_value_cannot_forge_a_line)
e25: the value is printed with its control characters escaped, so the one line stays one line. ... ok
test_any_other_value_forces_on_either_channel (test_verify_stamp_force.ForceTest.test_any_other_value_forces_on_either_channel)
e25: `1` and `yes`, and the values nobody would guess are a yes — `false`, `no`, `00` and a lone space. ... ok
test_make_ci_runs_every_prerequisite_and_reads_writes_and_removes_no_stamp (test_verify_stamp_force.ForceTest.test_make_ci_runs_every_prerequisite_and_reads_writes_and_removes_no_stamp)
AC-S03-38 (replaces e23): on a stamped tree, `make ci` runs the gate's checks, the audit and the integration ... ok
test_unset_empty_and_zero_do_not_force_on_either_channel (test_verify_stamp_force.ForceTest.test_unset_empty_and_zero_do_not_force_on_either_channel)
e25: empty and `0` read the stamp, as an unset one does. ... ok
test_a_file_an_entry_exempts_does_not_move_the_key_at_the_top_and_at_depth (test_verify_stamp_ignored.ExemptListTest.test_a_file_an_entry_exempts_does_not_move_the_key_at_the_top_and_at_depth) ... ok
test_an_exception_an_entry_names_stays_in_the_key (test_verify_stamp_ignored.ExemptListTest.test_an_exception_an_entry_names_stays_in_the_key) ... ok
test_an_ignored_path_nobody_listed_is_hashed_whole (test_verify_stamp_ignored.ExemptListTest.test_an_ignored_path_nobody_listed_is_hashed_whole)
A1: a scratch file, a directory of notes, a file under a hidden directory — each moves the key. ... ok
test_every_entry_has_one_of_the_three_reasons_and_matches_its_own_probe (test_verify_stamp_ignored.ExemptListTest.test_every_entry_has_one_of_the_three_reasons_and_matches_its_own_probe) ... ok
test_the_named_exceptions_are_the_ones_the_criterion_names (test_verify_stamp_ignored.ExemptListTest.test_the_named_exceptions_are_the_ones_the_criterion_names) ... ok
test_a_module_ignored_through_the_exclude_file_that_breaks_check_imports_runs_the_full_gate (test_verify_stamp_ignored.IgnoredFilesThroughMakeTest.test_a_module_ignored_through_the_exclude_file_that_breaks_check_imports_runs_the_full_gate)
A1: `.git/info/exclude` is no commit's; `check-imports` walks the source tree and finds the import. ... ok
test_an_ignored_directory_that_is_itself_a_repository_is_a_run_that_records_nothing (test_verify_stamp_ignored.IgnoredFilesThroughMakeTest.test_an_ignored_directory_that_is_itself_a_repository_is_a_run_that_records_nothing)
AC-S03-12 for an ignored directory nobody listed: the key cannot vouch for it, one line says so. ... ok
test_an_ignored_scratch_test_that_does_not_compile_runs_the_full_gate (test_verify_stamp_ignored.IgnoredFilesThroughMakeTest.test_an_ignored_scratch_test_that_does_not_compile_runs_the_full_gate)
A1: a committed pattern ignores it, `compileall` walks the tests, and the plain run used to reuse. ... ok
test_a_link_inside_an_ignored_directory_is_read_by_its_target_and_not_followed (test_verify_stamp_inputs.IgnoredInputsTest.test_a_link_inside_an_ignored_directory_is_read_by_its_target_and_not_followed)
e7: the slot a Spec Kit command writes through is a link; what it points at is not this list's to read. ... ok
test_a_tool_installed_beside_the_checkout_runs_the_gate_through_make (test_verify_stamp_inputs.IgnoredInputsTest.test_a_tool_installed_beside_the_checkout_runs_the_gate_through_make)
e7, T017: the stamp is not reused for a tree whose `.delivery-tools/` changed. ... ok
test_a_tool_the_gate_installs_beside_the_checkout_moves_the_key_changed_created_and_removed (test_verify_stamp_inputs.IgnoredInputsTest.test_a_tool_the_gate_installs_beside_the_checkout_moves_the_key_changed_created_and_removed)
e7, T017: `check-model` puts `.delivery-tools/` first on `sys.path` and imports `yaml` from it; the gate ... ok
test_an_ignored_input_runs_the_gate_through_make (test_verify_stamp_inputs.IgnoredInputsTest.test_an_ignored_input_runs_the_gate_through_make)
e7: the installed UX-gates kit through the real gate — the full gate runs and a new stamp is written. ... ok
test_the_canonical_slots_move_the_key (test_verify_stamp_inputs.IgnoredInputsTest.test_the_canonical_slots_move_the_key)
e7, the sweep: `check-slice-scope` reads the five ignored slots at a feature root (a regular file there ... ok
test_the_inputs_the_criteria_name_are_in_the_key_and_the_codegraph_memo_is_not (test_verify_stamp_inputs.IgnoredInputsTest.test_the_inputs_the_criteria_name_are_in_the_key_and_the_codegraph_memo_is_not)
AC-S03-32: what D73's list named stays covered, by being no exempt entry's; the memo is a record. ... ok
test_the_variable_lists_hold_what_the_criteria_name (test_verify_stamp_inputs.IgnoredInputsTest.test_the_variable_lists_hold_what_the_criteria_name)
e9: a floor, so that the loops below are never over nothing. ... ok
test_go_and_java_install_nothing_into_the_checkout (test_verify_stamp_inputs.InstalledEnvironmentsTest.test_go_and_java_install_nothing_into_the_checkout)
e8: modules and wrapper distributions live in the user's cache, outside the checkout, and what the build ... created: /tmp/stamp-env-xr2wis1z/env
created: /tmp/stamp-env-dq46bs9w/env
created: /tmp/stamp-env-tb_u8z0w/env
ok
test_python_syncs_from_the_lock_on_every_run (test_verify_stamp_inputs.InstalledEnvironmentsTest.test_python_syncs_from_the_lock_on_every_run)
e8: `uv sync --locked` before each phase; the environment is outside the key, its interpreter in it. ... created: /tmp/stamp-env-30k8kqro/env
ok
test_the_model_tooling_installs_from_its_lock_and_its_manifest_is_in_the_key (test_verify_stamp_inputs.InstalledEnvironmentsTest.test_the_model_tooling_installs_from_its_lock_and_its_manifest_is_in_the_key)
e8: `npm --prefix scripts/event-model ci` — from the committed lock; a satisfied tree is left as it is. ... created: /tmp/stamp-env-0y0ek2nr/env
ok
test_typescript_installs_only_when_the_lock_is_newer_so_its_manifest_is_in_the_key (test_verify_stamp_inputs.InstalledEnvironmentsTest.test_typescript_installs_only_when_the_lock_is_newer_so_its_manifest_is_in_the_key)
e8: `node_modules/.package-lock.json` is a file target — `npm ci` runs when `package.json` or the lock is ... created: /tmp/stamp-env-09r6_vna/env
ok
test_a_run_that_tightens_the_ratchet_reads_no_stamp (test_verify_stamp_inputs.RatchetTest.test_a_run_that_tightens_the_ratchet_reads_no_stamp)
e9: the stamp's bytes stand, every check runs, and nothing is said but what the gate says. ... ok
test_a_run_that_tightens_the_ratchet_writes_no_stamp (test_verify_stamp_inputs.RatchetTest.test_a_run_that_tightens_the_ratchet_writes_no_stamp)
e9: with none standing, none is made, and no note is left. ... ok
test_a_variable_runs_the_gate_through_make_and_the_jobs_one_does_not (test_verify_stamp_inputs.VariablesTest.test_a_variable_runs_the_gate_through_make_and_the_jobs_one_does_not)
e9: the gate as typed — `UX_GATES_REQUIRE=1` is a full run, `UX_GATES_JOBS=4` a reuse. ... ok
test_each_variable_set_empty_and_unset_is_three_keys (test_verify_stamp_inputs.VariablesTest.test_each_variable_set_empty_and_unset_is_three_keys)
e9: unset is not empty, and neither is a value. ... ok
test_the_jobs_variable_changes_nothing (test_verify_stamp_inputs.VariablesTest.test_the_jobs_variable_changes_nothing)
e9: `UX_GATES_JOBS` is how many run at once, not what they say. ... ok
test_a_branch_the_checkout_is_not_on_runs_the_gate (test_verify_stamp_key.HistoryTest.test_a_branch_the_checkout_is_not_on_runs_the_gate)
e5: every ref under `refs/heads`, not the checked-out one. ... ok
test_a_new_branch_the_checkout_is_not_on_runs_the_gate (test_verify_stamp_key.HistoryTest.test_a_new_branch_the_checkout_is_not_on_runs_the_gate)
e5: a ref appearing under `refs/heads`. ... ok
test_a_remote_ref_appearing_runs_the_gate (test_verify_stamp_key.HistoryTest.test_a_remote_ref_appearing_runs_the_gate)
e5: every ref under the namespace is in the key, a new one among them. ... ok
test_a_remote_ref_naming_another_commit_runs_the_gate (test_verify_stamp_key.HistoryTest.test_a_remote_ref_naming_another_commit_runs_the_gate)
e5: a fetch moves `refs/remotes/origin/main` and nothing the checkout holds. ... ok
test_a_shallow_boundary_appearing_runs_the_gate (test_verify_stamp_key.HistoryTest.test_a_shallow_boundary_appearing_runs_the_gate)
e5: the file `git rev-parse --git-path shallow` names. ... ok
test_a_shallow_boundary_that_moves_runs_the_gate (test_verify_stamp_key.HistoryTest.test_a_shallow_boundary_that_moves_runs_the_gate)
e5: a boundary already there, moved. ... ok
test_an_empty_commit_runs_the_gate (test_verify_stamp_key.HistoryTest.test_an_empty_commit_runs_the_gate)
e5: `HEAD` names another commit and the files are the same. ... ok
test_an_unborn_branch_has_no_stamp_and_the_commit_that_follows_is_where_one_begins (test_verify_stamp_key.HistoryTest.test_an_unborn_branch_has_no_stamp_and_the_commit_that_follows_is_where_one_begins)
e5, brought to AC-S03-37 (D83 item 7a): a `HEAD` that names no commit reads and writes nothing, and says ... ok
test_another_branch_at_the_same_commit_runs_the_gate (test_verify_stamp_key.HistoryTest.test_another_branch_at_the_same_commit_runs_the_gate)
e5: the branch name, with the commit and the files as they were. ... ok
test_a_comment_in_a_gate_script_runs_the_gate (test_verify_stamp_key.ScriptsTest.test_a_comment_in_a_gate_script_runs_the_gate)
e6: a check script. ... ok
test_a_comment_in_the_makefile_runs_the_gate (test_verify_stamp_key.ScriptsTest.test_a_comment_in_the_makefile_runs_the_gate)
e6: the file the gate ran from. ... ok
test_a_file_elsewhere_moves_the_tree_and_not_the_scripts (test_verify_stamp_key.ScriptsTest.test_a_file_elsewhere_moves_the_tree_and_not_the_scripts)
e6: hold — the part is its own digest and holds nothing but its own files. ... ok
test_a_new_file_under_scripts_is_in_the_part (test_verify_stamp_key.ScriptsTest.test_a_new_file_under_scripts_is_in_the_part)
e6: untracked, not ignored, so covered. ... ok
test_a_script_deeper_under_scripts_is_in_the_part (test_verify_stamp_key.ScriptsTest.test_a_script_deeper_under_scripts_is_in_the_part)
e6: at any depth. ... ok
test_an_ignored_file_under_scripts_is_not_covered (test_verify_stamp_key.ScriptsTest.test_an_ignored_file_under_scripts_is_not_covered)
e6: hold — what git ignores is not a covered file. ... ok
test_a_tool_a_recipe_launches_that_the_list_lacks_is_found (test_verify_stamp_launches.EveryLaunchIsAskedTest.test_a_tool_a_recipe_launches_that_the_list_lacks_is_found)
The derivation has teeth: a line added to a gate recipe that launches `cargo` is the one finding. ... created: /tmp/stamp-launch-winccr95/launch0
ok
test_a_variable_a_wrapper_gains_that_selects_what_runs_fails_the_scan (test_verify_stamp_launches.EveryLaunchIsAskedTest.test_a_variable_a_wrapper_gains_that_selects_what_runs_fails_the_scan)
T032: the derivation has teeth on shell, as `test_a_read_planted_in_each_script` has on Python. ... created: /tmp/stamp-launch-m8f3s1ci/launch5
ok
test_a_variable_that_selects_what_runs_must_be_read_by_the_stamp (test_verify_stamp_launches.EveryLaunchIsAskedTest.test_a_variable_that_selects_what_runs_must_be_read_by_the_stamp)
T032: naming it is not enough; the script that asks the tool reads it. ... ok
test_every_command_a_recipe_of_the_gate_launches_is_asked_in_every_shape (test_verify_stamp_launches.EveryLaunchIsAskedTest.test_every_command_a_recipe_of_the_gate_launches_is_asked_in_every_shape) ... created: /tmp/stamp-launch-x9gov_hy/launch1
created: /tmp/stamp-launch-ml51d531/launch2
created: /tmp/stamp-launch-ps16zran/launch3
created: /tmp/stamp-launch-5o1gl13x/launch4
created: /tmp/stamp-launch-l8985sc3/launch6
ok
test_every_pinned_command_is_still_launched (test_verify_stamp_launches.EveryLaunchIsAskedTest.test_every_pinned_command_is_still_launched) ... ok
test_every_shell_script_the_gate_launches_names_the_variables_that_select_what_runs (test_verify_stamp_launches.EveryLaunchIsAskedTest.test_every_shell_script_the_gate_launches_names_the_variables_that_select_what_runs)
T032: the wrapper and each backend's `scripts/verify` do not hold nothing: a variable they read is a choice ... ok
test_a_planted_check_that_reads_a_variable_off_the_lists_fails_it (test_verify_stamp_lists.ClosedListsTest.test_a_planted_check_that_reads_a_variable_off_the_lists_fails_it)
e9: by `os.environ.get` and by the loop `check-slice-scope` reads its variables in. ... ok
test_a_planted_check_that_reads_under_an_exempt_entry_fails_it (test_verify_stamp_lists.ClosedListsTest.test_a_planted_check_that_reads_under_an_exempt_entry_fails_it)
AC-S03-32: `.pytest_cache/` is left out of the key, so a check that reads it as an input is a hole. ... ok
test_a_planted_check_that_reads_what_the_key_covers_passes_it (test_verify_stamp_lists.ClosedListsTest.test_a_planted_check_that_reads_what_the_key_covers_passes_it)
e7, e9: a path nothing exempts, an exception an entry names, a listed variable, the unkeyed one, a marker. ... ok
test_the_checks_a_generated_project_has_read_nothing_the_lists_lack (test_verify_stamp_lists.ClosedListsTest.test_the_checks_a_generated_project_has_read_nothing_the_lists_lack)
e7, e9, the sweep: every `check-*.py` of the fixture, against both lists. ... ok
test_the_harness_directories_the_generator_ignores_are_in_the_key (test_verify_stamp_lists.ClosedListsTest.test_the_harness_directories_the_generator_ignores_are_in_the_key)
AC-S03-32: the registry's projection directories, as `gitignore.py` writes them, are no exempt entry's. ... ok
test_a_moved_layouts_page_is_the_root_pages_without_the_paragraph (test_verify_stamp_page.AnUnstampedProjectsPageSaysNothingOfAStampTest.test_a_moved_layouts_page_is_the_root_pages_without_the_paragraph) ... ok
test_an_adopted_repositorys_page_has_no_paragraph_about_a_stamp (test_verify_stamp_page.AnUnstampedProjectsPageSaysNothingOfAStampTest.test_an_adopted_repositorys_page_has_no_paragraph_about_a_stamp) ... ok
test_the_catch_up_gains_make_ci_the_unusable_ci_branch_and_the_ci_sentence_and_stays_minor (test_verify_stamp_page.TheFragmentSaysTheSameTest.test_the_catch_up_gains_make_ci_the_unusable_ci_branch_and_the_ci_sentence_and_stays_minor) ... ok
test_a_ci_branch_the_gate_cannot_use_is_said_on_a_line_and_recording_a_usable_one_mends_it (test_verify_stamp_page.TheStampedPageNamesWhatTheKeyCoversAndWhatItCannotSeeTest.test_a_ci_branch_the_gate_cannot_use_is_said_on_a_line_and_recording_a_usable_one_mends_it) ... ok
test_a_pipeline_that_sets_no_marker_sets_ci_and_the_gate_then_runs_in_full (test_verify_stamp_page.TheStampedPageNamesWhatTheKeyCoversAndWhatItCannotSeeTest.test_a_pipeline_that_sets_no_marker_sets_ci_and_the_gate_then_runs_in_full) ... ok
test_a_trunk_the_gate_cannot_find_is_said_on_a_line_and_recording_ci_branch_mends_it (test_verify_stamp_page.TheStampedPageNamesWhatTheKeyCoversAndWhatItCannotSeeTest.test_a_trunk_the_gate_cannot_find_is_said_on_a_line_and_recording_ci_branch_mends_it) ... ok
test_it_names_gits_own_configuration_and_a_hand_edited_dependency_among_what_it_cannot_see (test_verify_stamp_page.TheStampedPageNamesWhatTheKeyCoversAndWhatItCannotSeeTest.test_it_names_gits_own_configuration_and_a_hand_edited_dependency_among_what_it_cannot_see) ... ok
test_make_ci_runs_every_check_and_records_nothing (test_verify_stamp_page.TheStampedPageNamesWhatTheKeyCoversAndWhatItCannotSeeTest.test_make_ci_runs_every_check_and_records_nothing) ... ok
test_the_key_is_every_file_under_the_project_except_what_the_gate_rebuilds_or_never_reads (test_verify_stamp_page.TheStampedPageNamesWhatTheKeyCoversAndWhatItCannotSeeTest.test_the_key_is_every_file_under_the_project_except_what_the_gate_rebuilds_or_never_reads) ... ok
test_a_project_with_a_transport_runs_its_checks_in_order_then_the_published_document (test_verify_stamp_pinned.GeneratedGatePinnedTest.test_a_project_with_a_transport_runs_its_checks_in_order_then_the_published_document)
Hold (pin 1): the checks, their order, `check-openapi` inside the transport's markers, the closing line. ... created: /tmp/tmpna62vf1h/pinned
ok
test_a_project_without_a_transport_has_no_document_check (test_verify_stamp_pinned.GeneratedGatePinnedTest.test_a_project_without_a_transport_has_no_document_check)
Hold (pin 1): the same checks with no `check-openapi` and no marker for it. ... created: /tmp/tmpjc26pge7/pinned
ok
test_a_standard_python_project_runs_the_checks_without_the_model_gates (test_verify_stamp_pinned.GeneratedGatePinnedTest.test_a_standard_python_project_runs_the_checks_without_the_model_gates)
Hold (pin 1): the standard profile has no model gates; its checks are the rest, then `check-openapi`. ... created: /tmp/tmpncx7knld/pinned
ok
test_answering_the_transport_with_none_leaves_a_gate_with_no_document_check (test_verify_stamp_pinned.GeneratedGatePinnedTest.test_answering_the_transport_with_none_leaves_a_gate_with_no_document_check)
Hold (pin 1): the `--http none` answer `./init` hands to `scripts/backing-services.py` cuts the ... created: /tmp/tmpq7daouna/pinned
ok
test_a_confirmed_application_gets_the_gate_byte_for_byte (test_verify_stamp_pinned.WrappedGatePinnedTest.test_a_confirmed_application_gets_the_gate_byte_for_byte)
Hold (pin 2, `GATE`): the rule as written, `check-convergence` last, the closing line, then the serial ... ok
test_the_gate_refuses_while_nothing_is_confirmed_byte_for_byte (test_verify_stamp_pinned.WrappedGatePinnedTest.test_the_gate_refuses_while_nothing_is_confirmed_byte_for_byte)
Hold (pin 2, `NOTHING_CONFIRMED`): the rule as written, no prerequisite, the closing line absent, then the ... ok
test_ci_as_a_prerequisite_of_another_target_runs_every_check_and_touches_no_stamp (test_verify_stamp_recipe.CiIsTheChecksOwnTargetTest.test_ci_as_a_prerequisite_of_another_target_runs_every_check_and_touches_no_stamp) ... ok
test_ci_runs_the_audit_and_the_integration_tests_and_a_failing_check_leaves_the_stamp (test_verify_stamp_recipe.CiIsTheChecksOwnTargetTest.test_ci_runs_the_audit_and_the_integration_tests_and_a_failing_check_leaves_the_stamp) ... ok
test_ci_with_the_goals_overridden_runs_every_check_and_touches_no_stamp (test_verify_stamp_recipe.CiIsTheChecksOwnTargetTest.test_ci_with_the_goals_overridden_runs_every_check_and_touches_no_stamp) ... ok
test_ci_waits_on_the_checks_and_the_recipe_quotes_its_make_for_every_shape (test_verify_stamp_recipe.EveryStampedShapeTakesTheRecipeTest.test_ci_waits_on_the_checks_and_the_recipe_quotes_its_make_for_every_shape) ... created: /tmp/tmps8p1ps7a/typescript-with
created: /tmp/tmps8p1ps7a/typescript-none
created: /tmp/tmps8p1ps7a/python-with
created: /tmp/tmps8p1ps7a/python-none
created: /tmp/tmps8p1ps7a/go-with
created: /tmp/tmps8p1ps7a/go-none
created: /tmp/tmps8p1ps7a/java-quarkus-with
created: /tmp/tmps8p1ps7a/java-quarkus-none
created: /tmp/tmps8p1ps7a/java-spring-with
created: /tmp/tmps8p1ps7a/java-spring-none
created: /tmp/tmps8p1ps7a/web
created: /tmp/tmps8p1ps7a/grown
ok
test_a_make_whose_path_holds_a_space_runs_the_gate_records_and_reuses (test_verify_stamp_recipe.RecipeRunsFromWhereItStartedTest.test_a_make_whose_path_holds_a_space_runs_the_gate_records_and_reuses) ... ok
test_make_dash_f_a_file_not_named_makefile_runs_the_gate_and_records (test_verify_stamp_recipe.RecipeRunsFromWhereItStartedTest.test_make_dash_f_a_file_not_named_makefile_runs_the_gate_and_records) ... ok
test_a_tag_made_after_a_pass_runs_the_full_gate_through_make (test_verify_stamp_repository.BranchOnlyTest.test_a_tag_made_after_a_pass_runs_the_full_gate_through_make) ... ok
test_a_linked_worktrees_own_configuration_is_in_its_key (test_verify_stamp_repository.RefsAndConfigurationTest.test_a_linked_worktrees_own_configuration_is_in_its_key) ... ok
test_a_ref_pointing_elsewhere_moves_the_key (test_verify_stamp_repository.RefsAndConfigurationTest.test_a_ref_pointing_elsewhere_moves_the_key) ... ok
test_a_replace_ref_a_note_and_a_stash_ref_move_the_key (test_verify_stamp_repository.RefsAndConfigurationTest.test_a_replace_ref_a_note_and_a_stash_ref_move_the_key) ... ok
test_a_tag_moves_the_key_and_a_tag_named_like_the_trunk_does_too (test_verify_stamp_repository.RefsAndConfigurationTest.test_a_tag_moves_the_key_and_a_tag_named_like_the_trunk_does_too)
A3: refs outside `refs/heads` and `refs/remotes` were not in the key. ... ok
test_the_repositorys_configuration_is_in_the_key (test_verify_stamp_repository.RefsAndConfigurationTest.test_the_repositorys_configuration_is_in_the_key)
A4: `core.quotePath` changes what `check-migrations` sees. ... ok
test_the_worktrees_configuration_is_in_the_key_and_absence_is_a_value (test_verify_stamp_repository.RefsAndConfigurationTest.test_the_worktrees_configuration_is_in_the_key_and_absence_is_a_value) ... ok
test_a_file_staged_beside_the_project_runs_the_full_gate (test_verify_stamp_repository.SubdirectoryProjectTest.test_a_file_staged_beside_the_project_runs_the_full_gate) ... ok
test_a_new_untracked_file_beside_the_project_runs_the_full_gate (test_verify_stamp_repository.SubdirectoryProjectTest.test_a_new_untracked_file_beside_the_project_runs_the_full_gate) ... ok
test_a_sibling_directorys_uncommitted_edit_runs_the_full_gate (test_verify_stamp_repository.SubdirectoryProjectTest.test_a_sibling_directorys_uncommitted_edit_runs_the_full_gate)
A2, T022: the plain run reused while the forced run saw the sibling's edit. ... ok
test_an_ignored_file_beside_the_project_is_not_the_projects_to_cover (test_verify_stamp_repository.SubdirectoryProjectTest.test_an_ignored_file_beside_the_project_is_not_the_projects_to_cover)
D83 item 2's departure: ignored files are covered under the project's directory only. ... ok
test_a_stamp_missing_a_field_or_cut_short_is_no_stamp (test_verify_stamp_reuse.ReuseTest.test_a_stamp_missing_a_field_or_cut_short_is_no_stamp)
e18: one field removed, or the file cut short, and the full gate runs and writes a whole stamp. ... ok
test_the_closing_line_is_the_full_runs_alone (test_verify_stamp_reuse.ReuseTest.test_the_closing_line_is_the_full_runs_alone)
A full passing run ends with the closing line, byte for byte, and says nothing of a stamp; a reuse never ... ok
test_the_evidence_is_the_log_and_not_what_the_run_printed (test_verify_stamp_reuse.ReuseTest.test_the_evidence_is_the_log_and_not_what_the_run_printed)
e19: with a run's output thrown away, the log still says a check started on a full run and none on a ... ok
test_the_second_run_prints_one_line_of_its_own_and_starts_no_check (test_verify_stamp_reuse.ReuseTest.test_the_second_run_prints_one_line_of_its_own_and_starts_no_check)
e1: nothing changed between two runs; the second says so, in one line carrying the five facts. ... ok
test_the_stamp_is_plain_text_with_its_fields (test_verify_stamp_reuse.ReuseTest.test_the_stamp_is_plain_text_with_its_fields)
e18: the five fields of the entity, and the key they make, readable by a person. ... ok
test_a_directory_at_the_stamps_path_is_called_a_directory (test_verify_stamp_runs.RunsTest.test_a_directory_at_the_stamps_path_is_called_a_directory)
e26 (T034): with something in it nothing is emptied; the line says to delete the directory. ... ok
test_a_failing_check_leaves_no_stamp_though_one_stood_before (test_verify_stamp_runs.RunsTest.test_a_failing_check_leaves_no_stamp_though_one_stood_before)
e26: the stamp is removed before the first check, and a run that failed writes none. ... ok
test_a_key_that_moved_during_the_run_is_a_pass_not_recorded_and_one_line_says_so (test_verify_stamp_runs.RunsTest.test_a_key_that_moved_during_the_run_is_a_pass_not_recorded_and_one_line_says_so)
e11: a check that edits a tracked file; exit 0, the closing line, one line, no stamp. ... ok
test_a_passing_run_removes_the_stamp_for_another_key_and_writes_its_own (test_verify_stamp_runs.RunsTest.test_a_passing_run_removes_the_stamp_for_another_key_and_writes_its_own)
e26's border: a pass on a moved tree replaces the stamp, so no stamp ever stands for a key that was not ... ok
test_a_reuse_that_fails_in_a_way_nobody_foresaw_still_removes_the_stamp (test_verify_stamp_runs.RunsTest.test_a_reuse_that_fails_in_a_way_nobody_foresaw_still_removes_the_stamp)
e26 (T019): `reuse` raising something other than the script's own refusal (here an unreadable `shallow` ... ok
test_a_run_killed_in_the_middle_of_the_gate_leaves_no_stamp (test_verify_stamp_runs.RunsTest.test_a_run_killed_in_the_middle_of_the_gate_leaves_no_stamp)
e26: killed while a check runs, the stamp that stood is gone, and the next run is whole and writes one. ... ok
test_a_run_that_tightens_the_ratchet_and_ignores_errors_touches_nothing (test_verify_stamp_runs.RunsTest.test_a_run_that_tightens_the_ratchet_and_ignores_errors_touches_nothing)
e26 hold (T029, D80, D81): the ratchet rule is asked first and wins, so `-i` removes nothing, writes nothing ... ok
test_a_stamp_directory_nothing_can_be_written_in_is_a_pass_not_recorded (test_verify_stamp_runs.RunsTest.test_a_stamp_directory_nothing_can_be_written_in_is_a_pass_not_recorded)
e11: exit 0, the closing line, one line with the reason, and nothing written. ... ok
test_a_stamp_that_cannot_be_removed_is_named_and_the_run_writes_none (test_verify_stamp_runs.RunsTest.test_a_stamp_that_cannot_be_removed_is_named_and_the_run_writes_none)
e26: one line names the file to delete, the gate runs, exit 0, and the stamp that stood is not replaced. ... ok
test_a_stamp_that_cannot_be_removed_under_dash_i_is_named (test_verify_stamp_runs.RunsTest.test_a_stamp_that_cannot_be_removed_under_dash_i_is_named)
e26 (T019): the same run where the stamp cannot be removed says which file to delete, as a plain run does. ... ok
test_a_stamp_that_stood_does_not_stand_through_a_run_that_ignores_errors_and_fails (test_verify_stamp_runs.RunsTest.test_a_stamp_that_stood_does_not_stand_through_a_run_that_ignores_errors_and_fails)
e26 (T019): a stamp for exactly this tree, then `make -i verify` with a check that fails: the checks run, the ... ok
test_dry_run_touch_and_question_mode_neither_read_nor_write_a_stamp (test_verify_stamp_runs.RunsTest.test_dry_run_touch_and_question_mode_neither_read_nor_write_a_stamp)
e10: on a stamped tree the stamp's bytes stand and there is no reuse line; on one whose key moved it is not ... ok
test_make_dash_i_on_a_failing_tree_leaves_no_stamp (test_verify_stamp_runs.RunsTest.test_make_dash_i_on_a_failing_tree_leaves_no_stamp)
e10: `-i` has the checks' failures ignored, the sub-make exits 0, and nothing here may take that for a pass; ... ok
test_the_line_for_a_file_a_check_wrote_says_which_part_moved_and_what_to_do (test_verify_stamp_runs.RunsTest.test_the_line_for_a_file_a_check_wrote_says_which_part_moved_and_what_to_do)
e11 (T034, D81): the files; a check may have written one, `git status` shows it, the next run records. ... ok
test_the_line_for_a_file_git_ignores_that_a_check_wrote_names_that_part (test_verify_stamp_runs.RunsTest.test_the_line_for_a_file_git_ignores_that_a_check_wrote_names_that_part)
e11 (D83 item 1): an ignored file is its own part of the key; `git status --ignored` is what shows it. ... ok
test_the_line_for_a_gate_script_a_check_wrote_says_so (test_verify_stamp_runs.RunsTest.test_the_line_for_a_gate_script_a_check_wrote_says_so)
e11 (T034): the part is named — the `Makefile` and `scripts/`, which are the gate. ... ok
test_the_line_for_the_index_does_not_say_a_file_was_written (test_verify_stamp_runs.RunsTest.test_the_line_for_the_index_does_not_say_a_file_was_written)
e11 (T034): where it is not the files, the files' advice is not given. ... ok
test_a_read_planted_in_each_script_the_gate_runs_fails_the_scan (test_verify_stamp_scan.GateScriptsTest.test_a_read_planted_in_each_script_the_gate_runs_fails_the_scan)
T017 (b): an environment read and a read of an ignored path off the lists, appended to each derived script of ... created: /tmp/stamp-scan-456tr330/gate0
created: /tmp/stamp-scan-26m5nu_z/gate1
created: /tmp/stamp-scan-d93bzipw/gate2
created: /tmp/stamp-scan-t_8pu0dz/gate3
created: /tmp/stamp-scan-l3egmvwg/gate4
created: /tmp/stamp-scan-te9l5tdg/gate5
created: /tmp/stamp-scan-huj8f564/gate6
ok
test_a_script_added_to_a_recipe_the_gate_runs_is_scanned (test_verify_stamp_scan.GateScriptsTest.test_a_script_added_to_a_recipe_the_gate_runs_is_scanned)
Derived, not named: a new check, wired in by one line, and the module it imports. ... ok
test_every_exempt_entry_is_an_ignore_line_a_project_gets_or_names_why_not (test_verify_stamp_scan.GateScriptsTest.test_every_exempt_entry_is_an_ignore_line_a_project_gets_or_names_why_not)
AC-S03-32, direction two: nothing is left out of the key that no project's ignore lines mention, unless ... ok
test_every_ignore_line_a_project_can_get_is_left_out_with_a_reason_or_is_in_the_key (test_verify_stamp_scan.GateScriptsTest.test_every_ignore_line_a_project_can_get_is_left_out_with_a_reason_or_is_in_the_key)
AC-S03-32, direction one: a line's own path is either under an exempt entry, which has one of the three ... ok
test_every_script_the_gate_runs_reads_nothing_the_lists_lack_in_every_shape (test_verify_stamp_scan.GateScriptsTest.test_every_script_the_gate_runs_reads_nothing_the_lists_lack_in_every_shape)
The sweep: each shape's derived scripts against both lists; a launched non-Python file is named. ... ok
test_the_scan_reaches_what_the_gate_runs_beyond_the_check_scripts (test_verify_stamp_scan.GateScriptsTest.test_the_scan_reaches_what_the_gate_runs_beyond_the_check_scripts)
The derivation holds the scripts the evidence names: recipe-launched, imported, and loaded by file name. ... ok
test_migrate_brings_the_makefile_and_the_script_and_the_first_run_is_full (test_verify_stamp_ships.AMigratedProjectIsBroughtTheStampTest.test_migrate_brings_the_makefile_and_the_script_and_the_first_run_is_full) ... ok
test_a_project_with_a_browser_app_asks_the_machine_for_node_and_keeps_its_style_gate (test_verify_stamp_ships.EveryStarterTakesTheStampedGateTest.test_a_project_with_a_browser_app_asks_the_machine_for_node_and_keeps_its_style_gate) ... created: /tmp/tmp0lxy8mq4/web
ok
test_every_backend_the_catalog_offers_keeps_its_prerequisites_with_and_without_a_transport (test_verify_stamp_ships.EveryStarterTakesTheStampedGateTest.test_every_backend_the_catalog_offers_keeps_its_prerequisites_with_and_without_a_transport) ... created: /tmp/tmpn2lq2ewe/typescript-with
created: /tmp/tmpn2lq2ewe/typescript-none
created: /tmp/tmpn2lq2ewe/python-with
created: /tmp/tmpn2lq2ewe/python-none
created: /tmp/tmpn2lq2ewe/go-with
created: /tmp/tmpn2lq2ewe/go-none
created: /tmp/tmpn2lq2ewe/java-quarkus-with
created: /tmp/tmpn2lq2ewe/java-quarkus-none
created: /tmp/tmpn2lq2ewe/java-spring-with
created: /tmp/tmpn2lq2ewe/java-spring-none
ok
test_init_answering_the_transport_with_none_leaves_no_document_check_anywhere (test_verify_stamp_ships.EveryStarterTakesTheStampedGateTest.test_init_answering_the_transport_with_none_leaves_no_document_check_anywhere) ... created: /tmp/tmpyh12ej2y/cut
ok
test_several_services_are_one_gate_with_one_environment_each (test_verify_stamp_ships.EveryStarterTakesTheStampedGateTest.test_several_services_are_one_gate_with_one_environment_each) ... created: /tmp/tmpcm0hypup/grown0
created: /tmp/tmpcm0hypup/grown2
ok
test_the_fragment_claims_minor_and_asks_nothing_of_an_existing_project (test_verify_stamp_ships.TheFragmentTest.test_the_fragment_claims_minor_and_asks_nothing_of_an_existing_project) ... ok
test_following_the_page_a_trunk_named_develop_reuses_a_stamp_until_ci_branch_is_recorded (test_verify_stamp_ships.ThePageSaysWhatTheStampDoesTest.test_following_the_page_a_trunk_named_develop_reuses_a_stamp_until_ci_branch_is_recorded) ... ok
test_following_the_page_ci_and_make_ci_run_the_full_gate_on_a_tree_that_passed (test_verify_stamp_ships.ThePageSaysWhatTheStampDoesTest.test_following_the_page_ci_and_make_ci_run_the_full_gate_on_a_tree_that_passed) ... ok
test_following_the_page_the_second_run_says_so_and_the_forced_run_runs_every_check (test_verify_stamp_ships.ThePageSaysWhatTheStampDoesTest.test_following_the_page_the_second_run_says_so_and_the_forced_run_runs_every_check) ... ok
test_following_the_page_the_trunk_runs_the_full_gate_every_time_and_leaves_no_stamp (test_verify_stamp_ships.ThePageSaysWhatTheStampDoesTest.test_following_the_page_the_trunk_runs_the_full_gate_every_time_and_leaves_no_stamp) ... ok
test_the_fragment_says_the_same_list_and_the_consequence_in_its_own_words (test_verify_stamp_ships.ThePageSaysWhatTheStampDoesTest.test_the_fragment_says_the_same_list_and_the_consequence_in_its_own_words) ... ok
test_the_page_names_the_variable_its_default_and_the_one_sentence_that_runs_the_gate_anyway (test_verify_stamp_ships.ThePageSaysWhatTheStampDoesTest.test_the_page_names_the_variable_its_default_and_the_one_sentence_that_runs_the_gate_anyway) ... ok
test_the_page_names_what_a_stamp_cannot_see_and_where_it_is_never_used (test_verify_stamp_ships.ThePageSaysWhatTheStampDoesTest.test_the_page_names_what_a_stamp_cannot_see_and_where_it_is_never_used) ... ok
test_the_page_says_when_to_force_how_the_trunk_is_recognised_and_what_another_trunk_name_does (test_verify_stamp_ships.ThePageSaysWhatTheStampDoesTest.test_the_page_says_when_to_force_how_the_trunk_is_recognised_and_what_another_trunk_name_does) ... ok
test_the_tutorial_says_the_same_in_its_own_words (test_verify_stamp_ships.ThePageSaysWhatTheStampDoesTest.test_the_tutorial_says_the_same_in_its_own_words) ... ok
test_a_tool_is_stored_as_its_version_words_and_the_digest_of_its_answer (test_verify_stamp_stored.WhatIsStoredTest.test_a_tool_is_stored_as_its_version_words_and_the_digest_of_its_answer) ... ok
test_no_file_under_the_stamps_directory_holds_a_word_a_tool_printed_beyond_its_version (test_verify_stamp_stored.WhatIsStoredTest.test_no_file_under_the_stamps_directory_holds_a_word_a_tool_printed_beyond_its_version) ... ok
test_the_digest_alone_is_stored_where_no_word_is_version_shaped (test_verify_stamp_stored.WhatIsStoredTest.test_the_digest_alone_is_stored_where_no_word_is_version_shaped) ... ok
test_the_key_takes_the_whole_answer_so_a_changed_word_that_is_not_stored_runs_the_gate (test_verify_stamp_stored.WhatIsStoredTest.test_the_key_takes_the_whole_answer_so_a_changed_word_that_is_not_stored_runs_the_gate)
D80: only what is shown is narrowed. ... ok
test_a_changed_byte_on_the_second_line_of_standard_output_runs_the_gate (test_verify_stamp_tools.AskedTest.test_a_changed_byte_on_the_second_line_of_standard_output_runs_the_gate)
e15 (T026): the same on one stream. ... ok
test_a_changed_interpreter_in_the_environment_runs_the_gate (test_verify_stamp_tools.AskedTest.test_a_changed_interpreter_in_the_environment_runs_the_gate)
e16: `version_info` in `pyvenv.cfg`, which git ignores and the sync does not rewrite. ... ok
test_a_changed_lock_runs_the_gate (test_verify_stamp_tools.AskedTest.test_a_changed_lock_runs_the_gate)
e16: a new ruff is a changed `uv.lock`, a covered file. ... ok
test_a_notice_ahead_of_the_version_does_not_hide_a_changed_version (test_verify_stamp_tools.AskedTest.test_a_notice_ahead_of_the_version_does_not_hide_a_changed_version)
e15 (T026, D80): the key takes everything the tool printed, on both streams — a notice on its first line ... ok
test_a_tool_a_lock_pins_is_never_asked (test_verify_stamp_tools.AskedTest.test_a_tool_a_lock_pins_is_never_asked)
e16: ruff, mypy and pytest are the lock's; nothing but the table's tools is asked a version. ... ok
test_another_line_from_a_tool_runs_the_gate (test_verify_stamp_tools.AskedTest.test_another_line_from_a_tool_runs_the_gate)
e15: a changed first line runs the gate and writes a new stamp. ... ok
test_no_file_under_the_git_directory_holds_a_path_a_tool_printed (test_verify_stamp_tools.AskedTest.test_no_file_under_the_git_directory_holds_a_path_a_tool_printed)
e15 (T026): a notice with a path on either stream and in the first line of standard output; the stamp and the ... ok
test_no_path_of_an_executable_is_in_the_stamp (test_verify_stamp_tools.AskedTest.test_no_path_of_an_executable_is_in_the_stamp)
e15: not the stand-ins' directory, not where the real tools are. ... ok
test_the_fixture_asks_each_tool_once_and_reads_the_interpreter (test_verify_stamp_tools.AskedTest.test_the_fixture_asks_each_tool_once_and_reads_the_interpreter)
e14: make, git, python3 and uv each launched once on a full run and once on a reuse; `pyvenv.cfg` is read. ... ok
test_the_stamp_shows_the_version_words_of_either_stream_and_no_other_word (test_verify_stamp_tools.AskedTest.test_the_stamp_shows_the_version_words_of_either_stream_and_no_other_word)
e15 (T026, T033, D80): one line per tool, for a person: the version-shaped words, on either stream. ... ok
test_a_pyvenv_cfg_without_the_version_records_nothing (test_verify_stamp_tools.CannotAskTest.test_a_pyvenv_cfg_without_the_version_records_nothing)
e17: unreadable as what it must be. ... ok
test_a_tool_that_does_not_answer (test_verify_stamp_tools.CannotAskTest.test_a_tool_that_does_not_answer)
e17: the stand-in sleeps past the script's timeout; the cause is what is held, not the duration. ... ok
test_a_tool_that_exits_non_zero (test_verify_stamp_tools.CannotAskTest.test_a_tool_that_exits_non_zero)
e17. ... ok
test_a_tool_that_is_not_on_the_path (test_verify_stamp_tools.CannotAskTest.test_a_tool_that_is_not_on_the_path)
e17: a tool the table names that no directory of `PATH` has. ... ok
test_a_tool_that_prints_nothing (test_verify_stamp_tools.CannotAskTest.test_a_tool_that_prints_nothing)
e17: blank lines are nothing. ... ok
test_an_environment_with_no_pyvenv_cfg_records_nothing_and_the_next_run_does (test_verify_stamp_tools.CannotAskTest.test_an_environment_with_no_pyvenv_cfg_records_nothing_and_the_next_run_does)
e17: a fresh clone has no environment yet; the sync makes one, and the second gate stamps. ... ok
test_each_backend_asks_for_its_own_tools (test_verify_stamp_tools.TableTest.test_each_backend_asks_for_its_own_tools)
e14: make, git and python3 everywhere; uv, node and npm, go, java by backend. ... ok
test_every_backend_has_a_row (test_verify_stamp_tools.TableTest.test_every_backend_has_a_row)
e14: a backend that `BACKEND_TOOLING` has and this table has not fails here. ... ok
test_several_backends_take_the_union_each_tool_once (test_verify_stamp_tools.TableTest.test_several_backends_take_the_union_each_tool_once)
e14: the union, in order of first appearance, with a frontend's node and npm among it. ... ok
test_the_model_checks_add_node_and_npm_whatever_the_backend (test_verify_stamp_tools.TableTest.test_the_model_checks_add_node_and_npm_whatever_the_backend)
T031: `check-drawio` launches both, in a project with no TypeScript and no frontend. ... ok
test_the_recipe_names_the_tools_the_table_gives (test_verify_stamp_tools.TableTest.test_the_recipe_names_the_tools_the_table_gives)
e14, the sweep: the words the Makefile hands the script are the table's, one environment per service. ... ok
test_a_java_home_that_reports_another_version_than_the_one_on_the_path_runs_the_gate (test_verify_stamp_tools.TheJvmTheWrapperRunsTest.test_a_java_home_that_reports_another_version_than_the_one_on_the_path_runs_the_gate) ... ok
test_a_java_home_whose_jvm_cannot_be_launched_is_the_case_of_a_tool_that_cannot_be_asked (test_verify_stamp_tools.TheJvmTheWrapperRunsTest.test_a_java_home_whose_jvm_cannot_be_launched_is_the_case_of_a_tool_that_cannot_be_asked)
AC-S03-17: the full gate, one line naming java, no stamp — though `java` on `PATH` answers. ... ok
test_an_empty_java_home_asks_the_one_on_the_path (test_verify_stamp_tools.TheJvmTheWrapperRunsTest.test_an_empty_java_home_asks_the_one_on_the_path) ... ok
test_the_value_of_java_home_is_in_neither_the_key_nor_the_stamp (test_verify_stamp_tools.TheJvmTheWrapperRunsTest.test_the_value_of_java_home_is_in_neither_the_key_nor_the_stamp)
A directory with the same answer from another place is not a change; and no file holds the path. ... ok
test_a_ci_that_is_not_an_object_is_told (test_verify_stamp_trunk.CannotTellTest.test_a_ci_that_is_not_an_object_is_told) ... ok
test_a_project_json_that_is_missing_is_told (test_verify_stamp_trunk.CannotTellTest.test_a_project_json_that_is_missing_is_told) ... ok
test_a_project_json_that_is_not_an_object_or_not_json_is_told (test_verify_stamp_trunk.CannotTellTest.test_a_project_json_that_is_not_an_object_or_not_json_is_told) ... ok
test_a_recorded_branch_with_no_ref_where_main_has_one_is_told (test_verify_stamp_trunk.CannotTellTest.test_a_recorded_branch_with_no_ref_where_main_has_one_is_told)
The trunk the gate resolves (`main`) is not the name recorded, whatever the reason. ... ok
test_a_trunk_named_develop_with_no_main_or_master_and_nothing_recorded_cannot_be_told (test_verify_stamp_trunk.CannotTellTest.test_a_trunk_named_develop_with_no_main_or_master_and_nothing_recorded_cannot_be_told)
C1, D83 item 7(b): the name the trunk resolves to (`main`) has no ref. ... ok
test_each_ci_branch_the_gate_cannot_use_is_told (test_verify_stamp_trunk.CannotTellTest.test_each_ci_branch_the_gate_cannot_use_is_told)
C4: not a string, not a branch name, a slice branch, another case, a branch this checkout has no ref for. ... ok
test_the_same_run_on_the_trunk_is_told_too (test_verify_stamp_trunk.CannotTellTest.test_the_same_run_on_the_trunk_is_told_too)
The order: cannot tell comes before the trunk, so a branch that is in fact the trunk says it as well. ... ok
test_a_head_that_is_a_symbolic_ref_outside_refs_heads_reads_and_writes_nothing_and_says_nothing (test_verify_stamp_trunk.SilentTest.test_a_head_that_is_a_symbolic_ref_outside_refs_heads_reads_and_writes_nothing_and_says_nothing)
C5, D83 item 11: `refs/remotes/origin/topic` is no branch, so it is not taken for one that is not trunk. ... ok
test_an_unborn_master_reads_writes_and_says_nothing (test_verify_stamp_trunk.SilentTest.test_an_unborn_master_reads_writes_and_says_nothing)
C1, D83 item 7(a): a `HEAD` that names no commit has no stamp, and nothing is said. ... ok
test_the_order_a_ci_marker_comes_before_cannot_tell (test_verify_stamp_trunk.SilentTest.test_the_order_a_ci_marker_comes_before_cannot_tell) ... ok
test_the_order_a_detached_head_comes_before_cannot_tell (test_verify_stamp_trunk.SilentTest.test_the_order_a_detached_head_comes_before_cannot_tell) ... ok
test_the_order_a_non_branch_head_comes_before_cannot_tell (test_verify_stamp_trunk.SilentTest.test_the_order_a_non_branch_head_comes_before_cannot_tell) ... ok
test_the_order_an_unborn_head_comes_before_cannot_tell (test_verify_stamp_trunk.SilentTest.test_the_order_an_unborn_head_comes_before_cannot_tell) ... ok
test_a_ci_branch_that_is_not_recorded_with_main_present_stamps (test_verify_stamp_trunk.StampsStillTest.test_a_ci_branch_that_is_not_recorded_with_main_present_stamps) ... ok
test_a_ci_branch_that_is_null_is_not_recorded (test_verify_stamp_trunk.StampsStillTest.test_a_ci_branch_that_is_null_is_not_recorded) ... ok
test_a_recorded_branch_spelled_with_refs_heads_that_has_a_ref_stamps (test_verify_stamp_trunk.StampsStillTest.test_a_recorded_branch_spelled_with_refs_heads_that_has_a_ref_stamps) ... ok
test_a_trunk_named_develop_beside_a_stale_main_is_a_branch_like_any_other (test_verify_stamp_trunk.StampsStillTest.test_a_trunk_named_develop_beside_a_stale_main_is_a_branch_like_any_other)
D81: `main` has a ref, so the trunk is told as `main`, and `develop` reads a stamp. ... ok
test_a_run_that_is_alone_records_as_it_did (test_verify_stamp_two_runs.TwoRunsTest.test_a_run_that_is_alone_records_as_it_did)
A hold: one run, one token, the stamp written, and the note removed. ... ok
test_record_typed_by_hand_after_a_failed_run_writes_nothing_and_says_so (test_verify_stamp_two_runs.TwoRunsTest.test_record_typed_by_hand_after_a_failed_run_writes_nothing_and_says_so)
B2: the failed run's note holds the key of a tree that failed; a `record` with no token is no run's. ... ok
test_record_with_another_runs_token_writes_nothing_and_says_so (test_verify_stamp_two_runs.TwoRunsTest.test_record_with_another_runs_token_writes_nothing_and_says_so) ... ok
test_run_b_failing_on_an_edited_tree_leaves_no_stamp_when_run_a_finishes (test_verify_stamp_two_runs.TwoRunsTest.test_run_b_failing_on_an_edited_tree_leaves_no_stamp_when_run_a_finishes)
B1: A passes on the tree it began with; the tree is edited, B starts on it and fails; A's `record` ... ok
test_run_b_interrupted_on_an_edited_tree_leaves_no_stamp_when_run_a_finishes (test_verify_stamp_two_runs.TwoRunsTest.test_run_b_interrupted_on_an_edited_tree_leaves_no_stamp_when_run_a_finishes)
B1: B is killed while its checks run; its note is what stands, and A may not take it for its own. ... ok
test_the_note_holds_the_token_and_no_process_id_host_or_path (test_verify_stamp_two_runs.TwoRunsTest.test_the_note_holds_the_token_and_no_process_id_host_or_path) ... ok
test_the_recipe_hands_both_halves_one_token_and_each_run_has_its_own (test_verify_stamp_two_runs.TwoRunsTest.test_the_recipe_hands_both_halves_one_token_and_each_run_has_its_own)
The token is a random value, not a process id, a host or a path; the note holds it and only it. ... ok
test_a_detached_head_reads_and_writes_no_stamp (test_verify_stamp_where.WhereTest.test_a_detached_head_reads_and_writes_no_stamp)
e21: no branch is checked out. ... ok
test_a_tag_named_like_a_branch_that_is_not_the_trunk_still_reads_the_stamp (test_verify_stamp_where.WhereTest.test_a_tag_named_like_a_branch_that_is_not_the_trunk_still_reads_the_stamp)
e22 (T025): a topic branch with a tag of its name is a branch like any other. ... ok
test_a_tag_with_the_name_of_master_as_the_trunk_does_not_make_it_a_branch (test_verify_stamp_where.WhereTest.test_a_tag_with_the_name_of_master_as_the_trunk_does_not_make_it_a_branch)
e21 (T025, D33): the same where `master` is the trunk. ... ok
test_a_tag_with_the_recorded_trunks_name_does_not_make_it_a_branch (test_verify_stamp_where.WhereTest.test_a_tag_with_the_recorded_trunks_name_does_not_make_it_a_branch)
e21 (T025, D30): the same where `ci.branch` names the trunk. ... ok
test_a_tag_with_the_trunks_name_does_not_make_the_trunk_a_branch (test_verify_stamp_where.WhereTest.test_a_tag_with_the_trunks_name_does_not_make_the_trunk_a_branch)
e21 (T025, D74 R2): git shortens `refs/heads/main` to `heads/main` once a tag `main` exists; the trunk ... ok
test_an_empty_marker_is_not_one (test_verify_stamp_where.WhereTest.test_an_empty_marker_is_not_one)
e22's border: a marker that is set and empty is no CI run, as `check-codegraph` reads it. ... ok
test_each_ci_marker_reads_and_writes_no_stamp_and_any_non_empty_value_is_one (test_verify_stamp_where.WhereTest.test_each_ci_marker_reads_and_writes_no_stamp_and_any_non_empty_value_is_one)
e21: `CI`, `GITHUB_ACTIONS`, `GITLAB_CI`; `CI=false` is a marker too. ... ok
test_every_other_branch_reads_the_stamp (test_verify_stamp_where.WhereTest.test_every_other_branch_reads_the_stamp)
e22: `slice/<id>`, a topic branch and this run's `adopt-method`. ... ok
test_master_beside_a_main_is_not_the_trunk (test_verify_stamp_where.WhereTest.test_master_beside_a_main_is_not_the_trunk)
e22 (D33): `main` has a ref, so a `master` made beside it is a branch like any other and reads a stamp. ... ok
test_master_is_the_trunk_where_there_is_no_main (test_verify_stamp_where.WhereTest.test_master_is_the_trunk_where_there_is_no_main)
e21 (D33): with no `main` ref, `master` is the trunk. ... ok
test_the_recorded_trunk_is_the_trunk_and_main_is_then_a_branch (test_verify_stamp_where.WhereTest.test_the_recorded_trunk_is_the_trunk_and_main_is_then_a_branch)
e21, e22 (D30): `ci.branch` in `project.json`, where it has a ref, is the trunk. ... ok
test_the_trunk_reads_and_writes_no_stamp (test_verify_stamp_where.WhereTest.test_the_trunk_reads_and_writes_no_stamp)
e21: `main`, the trunk where `project.json` records none and `main` has a ref. ... ok
test_the_trunk_reads_no_stamp_whatever_branch_a_pull_requests_variables_name (test_verify_stamp_where.WhereTest.test_the_trunk_reads_no_stamp_whatever_branch_a_pull_requests_variables_name)
e21 (D74 R2, AC-S03-21): the trunk is the name D30 and D33 resolve, never the branch a pull request targets. ... ok
test_the_gate_of_a_wrapped_application_has_no_stamp_step (test_verify_stamp_where.WrappedTest.test_the_gate_of_a_wrapped_application_has_no_stamp_step)
e24: the generated rule neither reads nor writes a stamp, and the refusal stands in unchanged. (The rule's ... ok
test_a_crlf_rewrite_under_the_lf_attribute_runs_the_gate (test_verify_stamp_working.FiltersAndStatsTest.test_a_crlf_rewrite_under_the_lf_attribute_runs_the_gate)
e3: `* text=auto eol=lf` makes git see the same file; the key reads the bytes. ... ok
test_a_run_never_writes_the_index (test_verify_stamp_working.FiltersAndStatsTest.test_a_run_never_writes_the_index)
e3: the index file's bytes are equal before and after a run that reuses and one that does not. ... ok
test_a_same_size_rewrite_with_the_time_restored_runs_the_gate (test_verify_stamp_working.FiltersAndStatsTest.test_a_same_size_rewrite_with_the_time_restored_runs_the_gate)
e3: no stat shortcut — size and modification time are as they were, the bytes are not. ... ok
test_a_blob_staged_that_the_working_file_no_longer_holds_runs_the_gate (test_verify_stamp_working.IndexEntriesTest.test_a_blob_staged_that_the_working_file_no_longer_holds_runs_the_gate)
e4: an entry's blob id, with the working file's bytes as they were. ... ok
test_a_changed_mode_in_the_index_alone_runs_the_gate (test_verify_stamp_working.IndexEntriesTest.test_a_changed_mode_in_the_index_alone_runs_the_gate)
e4: an entry's mode, with the working file untouched. ... ok
test_an_entry_at_another_stage_runs_the_gate (test_verify_stamp_working.IndexEntriesTest.test_an_entry_at_another_stage_runs_the_gate)
e4: an entry's stage, as a merge conflict leaves it. ... ok
test_staging_an_untracked_file_with_the_same_bytes_runs_the_gate (test_verify_stamp_working.IndexEntriesTest.test_staging_an_untracked_file_with_the_same_bytes_runs_the_gate)
e4: the same names, modes and bytes; the entry in the index is new. ... ok
test_a_deleted_file_runs_the_gate (test_verify_stamp_working.WorkingFilesTest.test_a_deleted_file_runs_the_gate)
e2: a tracked file deleted from disk is a value, not a failure. ... ok
test_a_link_retargeted_runs_the_gate (test_verify_stamp_working.WorkingFilesTest.test_a_link_retargeted_runs_the_gate)
e2: a link's target is the key's, and two targets of the same bytes are two targets. ... ok
test_a_link_to_nothing_is_a_target_and_not_a_failure (test_verify_stamp_working.WorkingFilesTest.test_a_link_to_nothing_is_a_target_and_not_a_failure)
e2: a dangling link is read by its target, never followed. ... ok
test_a_new_untracked_file_runs_the_gate (test_verify_stamp_working.WorkingFilesTest.test_a_new_untracked_file_runs_the_gate)
e2: a file git does not ignore appears. ... ok
test_a_tracked_edit_not_committed_runs_the_gate (test_verify_stamp_working.WorkingFilesTest.test_a_tracked_edit_not_committed_runs_the_gate)
e2: one character of a tracked file. ... ok
test_an_executable_bit_runs_the_gate (test_verify_stamp_working.WorkingFilesTest.test_an_executable_bit_runs_the_gate)
e2: `chmod +x` and nothing else. ... ok
test_the_same_edit_committed_runs_the_gate (test_verify_stamp_working.WorkingFilesTest.test_the_same_edit_committed_runs_the_gate)
e2: the edit, committed (a hold of the bytes the key began with). ... ok
test_a_snapshot_retires_the_snapshots_before_it_and_a_release_retires_them_all (test_versions.RetiringSnapshotsTest.test_a_snapshot_retires_the_snapshots_before_it_and_a_release_retires_them_all) ... ok
test_a_history_that_has_never_released_counts_from_its_root (test_versions.SnapshotVersionTest.test_a_history_that_has_never_released_counts_from_its_root) ... ok
test_a_release_commit_is_not_a_snapshot_and_says_so_with_its_own_exit_code (test_versions.SnapshotVersionTest.test_a_release_commit_is_not_a_snapshot_and_says_so_with_its_own_exit_code)
The `Release 1.2.3` commit: the tag publishes it, and the snapshot job has to know to stand down ... ok
test_the_count_keeps_rising_when_the_number_is_raised_mid_cycle (test_versions.SnapshotVersionTest.test_the_count_keeps_rising_when_the_number_is_raised_mid_cycle)
Counted from the tag rather than from the commit that opened the number, so raising `1.2.4.dev0` ... ok
test_the_number_counts_the_commits_since_the_last_release (test_versions.SnapshotVersionTest.test_the_number_counts_the_commits_since_the_last_release) ... ok
test_write_puts_the_number_in_version_for_one_build_and_commits_nothing (test_versions.SnapshotVersionTest.test_write_puts_the_number_in_version_for_one_build_and_commits_nothing) ... ok
test_a_snapshot_is_its_release_not_yet_there (test_versions.VersionsTest.test_a_snapshot_is_its_release_not_yet_there) ... ok
test_the_next_snapshot_after_a_release_is_the_next_patch (test_versions.VersionsTest.test_the_next_snapshot_after_a_release_is_the_next_patch)
The smallest claim: the first change that lands raises it to whatever it needs. ... ok
test_versions_sort_the_way_an_installer_sorts_them (test_versions.VersionsTest.test_versions_sort_the_way_an_installer_sorts_them)
Numerically, and with every pre-release of a number below the number itself. ... ok
test_whats_next_names_one_slice_one_stage_one_command_from_the_boards_artifacts (test_whats_next.WhatsNextTest.test_whats_next_names_one_slice_one_stage_one_command_from_the_boards_artifacts) ... created: /tmp/tmpmwb9ktv8/next-standard
created: /tmp/tmpmwb9ktv8/next-event-modelling
ok
test_an_ant_build_has_no_wrapper_so_the_runner_installs_ant_until_the_build_moves (test_wrappers.AntTest.test_an_ant_build_has_no_wrapper_so_the_runner_installs_ant_until_the_build_moves) ... ok
test_a_command_that_changes_directory_first_needs_the_build_tool_and_not_cd (test_wrappers.RecordedToolTest.test_a_command_that_changes_directory_first_needs_the_build_tool_and_not_cd) ... ok
test_the_tools_a_recorded_command_runs_are_every_segment_past_the_shell_words (test_wrappers.RecordedToolTest.test_the_tools_a_recorded_command_runs_are_every_segment_past_the_shell_words) ... ok
test_a_gradle_build_below_the_root_gets_the_wrapper_beside_its_build_file (test_wrappers.WrapperTest.test_a_gradle_build_below_the_root_gets_the_wrapper_beside_its_build_file) ... ok
test_a_maven_repository_without_mvnw_gets_the_wrapper_as_its_own (test_wrappers.WrapperTest.test_a_maven_repository_without_mvnw_gets_the_wrapper_as_its_own) ... ok
test_a_wrapper_that_is_there_or_a_command_that_does_not_run_one_writes_nothing (test_wrappers.WrapperTest.test_a_wrapper_that_is_there_or_a_command_that_does_not_run_one_writes_nothing) ... ok
test_a_replay_writes_the_value_as_written (test_xdist_carry.AMarkThatIsNotABooleanIsCarriedAsWritten.test_a_replay_writes_the_value_as_written) ... created: /tmp/tmp95voza85/shop
created: /tmp/tmp_7kc54m6/shop
created: /tmp/tmp1gh24_cd/shop
created: /tmp/tmpu9kdpk29/shop
created: /tmp/tmp3ju3kwin/shop
ok
test_add_service_keeps_it (test_xdist_carry.AMarkThatIsNotABooleanIsCarriedAsWritten.test_add_service_keeps_it) ... created: /tmp/tmpkt9f0vgn/shop
created: /tmp/tmpb45j37ji/shop
created: /tmp/tmptcy72ahv/shop
created: /tmp/tmp3u7c_j7o/shop
created: /tmp/tmpalmx8sto/shop
ok
test_migrate_keeps_it_whether_it_was_in_the_base_or_added_later (test_xdist_carry.AMarkThatIsNotABooleanIsCarriedAsWritten.test_migrate_keeps_it_whether_it_was_in_the_base_or_added_later) ... created: /tmp/tmp70axuwpf/shop
created: /tmp/tmp09dwz7_m/shop
created: /tmp/tmpzbhkqfdz/shop
created: /tmp/tmp7i72fnbm/shop
created: /tmp/tmp7zy06vq9/shop
created: /tmp/tmpejulyffa/shop
created: /tmp/tmpgqjpfn33/shop
created: /tmp/tmpp2ey_73g/shop
created: /tmp/tmpqxvtmhsi/shop
created: /tmp/tmpo3az1we4/shop
ok
test_the_before_and_after_pairs_of_converge_and_resurvey_carry_it_too (test_xdist_carry.AMarkThatIsNotABooleanIsCarriedAsWritten.test_the_before_and_after_pairs_of_converge_and_resurvey_carry_it_too)
Both take `recorded_parallel_safe(document)` into `project_files`, so the pair shows no difference. ... ok
test_add_service_keeps_false_and_adds_no_key_where_there_is_none (test_xdist_carry.AddServiceKeepsItsAnswer.test_add_service_keeps_false_and_adds_no_key_where_there_is_none)
A hold: `add-service` writes the entry into the project's own document, so the mark rides along. ... created: /tmp/tmpfem0m4bt/shop
created: /tmp/tmps2b18uhl/shop
created: /tmp/tmp_xj7182b/shop
ok
test_adopt_and_its_refresh_record_no_mark_and_leave_every_command_as_recorded (test_xdist_carry.AdoptWritesNone.test_adopt_and_its_refresh_record_no_mark_and_leave_every_command_as_recorded)
A hold: an adopted repository's applications are the project's own, and nothing here is parallel. ... ok
test_a_replay_writes_the_projects_own_mark_or_none (test_xdist_carry.ReplayAndMigrateCarryTheProjectsOwnMark.test_a_replay_writes_the_projects_own_mark_or_none) ... created: /tmp/tmp0mll54__/shop
created: /tmp/tmp9_rborl5/shop
created: /tmp/tmpdbtwhrii/shop
ok
test_migrate_carries_the_mark_the_project_has_and_never_adds_one (test_xdist_carry.ReplayAndMigrateCarryTheProjectsOwnMark.test_migrate_carries_the_mark_the_project_has_and_never_adds_one) ... created: /tmp/tmpnwlbe_p2/shop
created: /tmp/tmp43rls78d/shop
created: /tmp/tmp005znk50/shop
ok
test_a_mark_added_later_after_target_survives_migrate_as_one_key (test_xdist_carry.TheLineTheCatchUpTellsAPersonToAddComesOutOnce.test_a_mark_added_later_after_target_survives_migrate_as_one_key) ... created: /tmp/tmpqp9f61cx/shop
created: /tmp/tmpcbg16g6d/shop
ok
test_an_edit_in_place_after_a_migrate_survives_the_next_one (test_xdist_carry.TheLineTheCatchUpTellsAPersonToAddComesOutOnce.test_an_edit_in_place_after_a_migrate_survives_the_next_one) ... created: /tmp/tmpzo3ag70v/shop
ok
test_any_ci_marker_alone_makes_test_only_and_all_serial_even_set_to_false (test_xdist_ci.CiAndAdversarialAreSerial.test_any_ci_marker_alone_makes_test_only_and_all_serial_even_set_to_false) ... ok
test_with_no_marker_set_the_flags_are_there (test_xdist_ci.CiAndAdversarialAreSerial.test_with_no_marker_set_the_flags_are_there) ... ok
test_an_empty_ci_marker_is_not_a_ci_run (test_xdist_ci.CiAndAdversarialAreSerial.test_an_empty_ci_marker_is_not_a_ci_run) ... ok
test_the_adversarial_run_is_serial_whatever_the_environment (test_xdist_ci.CiAndAdversarialAreSerial.test_the_adversarial_run_is_serial_whatever_the_environment) ... ok
test_the_marks_paragraph_says_a_parallel_run_can_hide_a_leak_and_ci_runs_serially (test_xdist_ci.CiAndAdversarialAreSerial.test_the_marks_paragraph_says_a_parallel_run_can_hide_a_leak_and_ci_runs_serially) ... ok
test_a_failing_pytest_still_fails_the_gate (test_xdist_gate.MarkReachesPytest.test_a_failing_pytest_still_fails_the_gate) ... ok
test_adversarial_run_with_nothing_selected_still_exits_zero_and_is_serial (test_xdist_gate.MarkReachesPytest.test_adversarial_run_with_nothing_selected_still_exits_zero_and_is_serial) ... ok
test_an_edit_takes_effect_on_the_next_run_with_nothing_regenerated (test_xdist_gate.MarkReachesPytest.test_an_edit_takes_effect_on_the_next_run_with_nothing_regenerated) ... ok
test_anything_but_the_json_true_is_the_serial_line_and_nothing_else_changes (test_xdist_gate.MarkReachesPytest.test_anything_but_the_json_true_is_the_serial_line_and_nothing_else_changes) ... ok
test_each_of_two_services_carries_the_flags (test_xdist_gate.MarkReachesPytest.test_each_of_two_services_carries_the_flags) ... ok
test_the_integration_run_is_never_parallel (test_xdist_gate.MarkReachesPytest.test_the_integration_run_is_never_parallel) ... ok
test_true_puts_the_flags_on_every_mode_that_takes_them (test_xdist_gate.MarkReachesPytest.test_true_puts_the_flags_on_every_mode_that_takes_them) ... ok
test_a_failing_pytest_still_fails_the_gate (test_xdist_gate.TheReaderIsIsolatedAndReadsOnlyWhereTheMarkIsUsed.test_a_failing_pytest_still_fails_the_gate) ... ok
test_a_json_py_at_the_projects_root_does_not_turn_the_mark_off (test_xdist_gate.TheReaderIsIsolatedAndReadsOnlyWhereTheMarkIsUsed.test_a_json_py_at_the_projects_root_does_not_turn_the_mark_off) ... ok
test_a_mark_written_twice_is_serial_whichever_copy_says_true (test_xdist_gate.TheReaderIsIsolatedAndReadsOnlyWhereTheMarkIsUsed.test_a_mark_written_twice_is_serial_whichever_copy_says_true) ... ok
test_adversarial_run_with_nothing_selected_still_exits_zero_and_is_serial (test_xdist_gate.TheReaderIsIsolatedAndReadsOnlyWhereTheMarkIsUsed.test_adversarial_run_with_nothing_selected_still_exits_zero_and_is_serial) ... ok
test_an_edit_takes_effect_on_the_next_run_with_nothing_regenerated (test_xdist_gate.TheReaderIsIsolatedAndReadsOnlyWhereTheMarkIsUsed.test_an_edit_takes_effect_on_the_next_run_with_nothing_regenerated) ... ok
test_anything_but_the_json_true_is_the_serial_line_and_nothing_else_changes (test_xdist_gate.TheReaderIsIsolatedAndReadsOnlyWhereTheMarkIsUsed.test_anything_but_the_json_true_is_the_serial_line_and_nothing_else_changes) ... ok
test_each_of_two_services_carries_the_flags (test_xdist_gate.TheReaderIsIsolatedAndReadsOnlyWhereTheMarkIsUsed.test_each_of_two_services_carries_the_flags) ... ok
test_only_the_two_modes_that_splice_the_flags_read_the_mark_and_each_reads_once_isolated (test_xdist_gate.TheReaderIsIsolatedAndReadsOnlyWhereTheMarkIsUsed.test_only_the_two_modes_that_splice_the_flags_read_the_mark_and_each_reads_once_isolated) ... ok
test_the_integration_run_is_never_parallel (test_xdist_gate.TheReaderIsIsolatedAndReadsOnlyWhereTheMarkIsUsed.test_the_integration_run_is_never_parallel) ... ok
test_true_puts_the_flags_on_every_mode_that_takes_them (test_xdist_gate.TheReaderIsIsolatedAndReadsOnlyWhereTheMarkIsUsed.test_true_puts_the_flags_on_every_mode_that_takes_them) ... ok
test_a_python_project_is_marked_true (test_xdist_mark.NewProjectIsMarked.test_a_python_project_is_marked_true) ... created: /tmp/tmp4hwa33wf/shop
ok
test_a_typescript_project_is_marked_true_too (test_xdist_mark.NewProjectIsMarked.test_a_typescript_project_is_marked_true_too) ... created: /tmp/tmp21zf6b9x/shop
ok
test_every_backend_the_catalog_offers_is_marked_true (test_xdist_mark.NewProjectIsMarked.test_every_backend_the_catalog_offers_is_marked_true) ... created: /tmp/tmp14tfv006/shop
created: /tmp/tmpbqarz2zd/shop
created: /tmp/tmpl4jt_p1o/shop
created: /tmp/tmp4d_dlzn7/shop
created: /tmp/tmp46108k0f/shop
ok
test_the_mark_sits_at_the_top_level_beside_target_and_profile (test_xdist_mark.NewProjectIsMarked.test_the_mark_sits_at_the_top_level_beside_target_and_profile) ... created: /tmp/tmplovtr4m4/shop
ok
test_the_fragment_is_minor_and_its_one_catch_up_paragraph_names_the_line (test_xdist_page.TheFragmentsCatchUpNoteStandsAlone.test_the_fragment_is_minor_and_its_one_catch_up_paragraph_names_the_line) ... ok
test_the_fragment_says_what_the_gate_does_the_cap_the_pin_and_each_runner (test_xdist_page.TheFragmentsCatchUpNoteStandsAlone.test_the_fragment_says_what_the_gate_does_the_cap_the_pin_and_each_runner) ... ok
test_the_note_says_what_to_do_when_migrate_stops_on_a_services_lock (test_xdist_page.TheFragmentsCatchUpNoteStandsAlone.test_the_note_says_what_to_do_when_migrate_stops_on_a_services_lock)
T015: a project with a dependency of its own meets a conflict on `uv.lock`. ... ok
test_the_note_says_where_the_line_goes_and_what_twice_does (test_xdist_page.TheFragmentsCatchUpNoteStandsAlone.test_the_note_says_where_the_line_goes_and_what_twice_does)
T014: where `generate` writes it, so a later `migrate` meets the same line in the same place. ... ok
test_a_project_with_no_python_service_says_what_the_mark_does_and_that_it_does_nothing_yet (test_xdist_page.TheGatesPageSaysWhatTheMarkDoes.test_a_project_with_no_python_service_says_what_the_mark_does_and_that_it_does_nothing_yet)
G1 (D105): the key is written whatever the backend, so the page says one sentence of it. ... created: /tmp/tmpocmn_pev/shop
created: /tmp/tmpue87076a/shop
created: /tmp/tmp1egpzjni/shop
created: /tmp/tmph5q1xgju/shop
ok
test_a_project_with_several_backends_names_each_runner_once (test_xdist_page.TheGatesPageSaysWhatTheMarkDoes.test_a_project_with_several_backends_names_each_runner_once) ... created: /tmp/tmpyfio9q5t/shop
ok
test_a_python_project_with_another_backend_still_says_the_other_runners (test_xdist_page.TheGatesPageSaysWhatTheMarkDoes.test_a_python_project_with_another_backend_still_says_the_other_runners) ... created: /tmp/tmprnge6ak6/shop
ok
test_a_python_projects_page_carries_the_marks_paragraph (test_xdist_page.TheGatesPageSaysWhatTheMarkDoes.test_a_python_projects_page_carries_the_marks_paragraph) ... created: /tmp/tmp879oz0jx/shop
ok
test_each_backend_says_what_its_runner_does_and_nothing_of_one_the_project_lacks (test_xdist_page.TheGatesPageSaysWhatTheMarkDoes.test_each_backend_says_what_its_runner_does_and_nothing_of_one_the_project_lacks) ... created: /tmp/tmpsvzh0pzl/shop
created: /tmp/tmps2tl425x/shop
created: /tmp/tmp75qapmvs/shop
created: /tmp/tmp7yrllc05/shop
created: /tmp/tmpiv5g25sy/shop
ok
test_hold_an_adopted_repositorys_page_gains_nothing_about_a_stamp (test_xdist_page.TheGatesPageSaysWhatTheMarkDoes.test_hold_an_adopted_repositorys_page_gains_nothing_about_a_stamp)
A hold: the adopted page may carry the mark's words, never the stamp's. ... ok
test_the_sentence_on_false_says_the_mark_needs_the_plugin (test_xdist_page.TheGatesPageSaysWhatTheMarkDoes.test_the_sentence_on_false_says_the_mark_needs_the_plugin)
G3 (D105): a service that removed `pytest-xdist` fails on an argument error, so say what the mark needs. ... created: /tmp/tmpeanltyfv/shop
ok
test_the_line_the_note_names_leaves_project_json_valid_with_the_mark_true (test_xdist_page.TheLineAPersonIsToldToTypeKeepsProjectJsonValid.test_the_line_the_note_names_leaves_project_json_valid_with_the_mark_true) ... created: /tmp/tmp_1iim38_/shop
ok
test_the_line_the_page_names_leaves_project_json_valid_with_the_mark_true (test_xdist_page.TheLineAPersonIsToldToTypeKeepsProjectJsonValid.test_the_line_the_page_names_leaves_project_json_valid_with_the_mark_true) ... created: /tmp/tmpjzzetwfo/shop
ok
test_the_note_and_the_page_name_the_same_line (test_xdist_page.TheLineAPersonIsToldToTypeKeepsProjectJsonValid.test_the_note_and_the_page_name_the_same_line) ... created: /tmp/tmp6ttch5nk/shop
ok
test_the_fragment_carries_the_measurement_with_its_machine_and_command (test_xdist_page.TheWordsCarryWhatTheDemoMeasured.test_the_fragment_carries_the_measurement_with_its_machine_and_command)
AC-S05-13, D103 rule 7: medians of three, from the demo's timings. ... ok
test_the_page_says_the_workers_cost_on_a_small_suite_and_pay_on_a_large_one (test_xdist_page.TheWordsCarryWhatTheDemoMeasured.test_the_page_says_the_workers_cost_on_a_small_suite_and_pay_on_a_large_one)
D103 rule 6. ... created: /tmp/tmppo8tnn8p/shop
ok
test_every_committed_lock_names_the_plugin_and_execnet (test_xdist_plugin.PluginIsPinned.test_every_committed_lock_names_the_plugin_and_execnet) ... ok
test_every_selections_dev_list_carries_the_plugin (test_xdist_plugin.PluginIsPinned.test_every_selections_dev_list_carries_the_plugin) ... created: /tmp/tmpz9b6kw6h/shop
created: /tmp/tmp1ajgvfd0/shop
created: /tmp/tmpf22qwh8v/shop
created: /tmp/tmple8_cg4p/shop
ok
test_hold_the_template_addopts_has_no_parallel_flag_and_is_what_it_was (test_xdist_plugin.PluginIsPinned.test_hold_the_template_addopts_has_no_parallel_flag_and_is_what_it_was)
A hold: a person's own `pytest` stays serial, so the template's `addopts` never names `-n`. ... created: /tmp/tmp3yisnzoo/shop
ok
test_uv_accepts_every_committed_lock_for_its_manifest (test_xdist_plugin.PluginIsPinned.test_uv_accepts_every_committed_lock_for_its_manifest) ... created: /tmp/tmpftwzntwv/shop
created: /tmp/tmp0p9ti44h/shop
created: /tmp/tmpqpaco6n3/shop
created: /tmp/tmpxz_y9o7x/shop
ok
test_describe_service_refuses_and_writes_nothing (test_xdist_words.ANonFiniteMarkIsRefused.test_describe_service_refuses_and_writes_nothing) ... created: /tmp/tmp45xte0gd/shop
created: /tmp/tmprg7nc0aa/shop
created: /tmp/tmp30xn8pr9/shop
created: /tmp/tmpljcri1sj/shop
ok
test_migrate_refuses_and_writes_nothing (test_xdist_words.ANonFiniteMarkIsRefused.test_migrate_refuses_and_writes_nothing) ... created: /tmp/tmpe98vyjvk/shop
created: /tmp/tmpiraae_gx/shop
ok
test_a_project_with_no_python_reads_a_conditional (test_xdist_words.ThePageNamesTheTwoWaysToFailAndTheConditional.test_a_project_with_no_python_reads_a_conditional) ... ok
test_a_root_module_named_like_a_standard_library_one_crashes_every_worker (test_xdist_words.ThePageNamesTheTwoWaysToFailAndTheConditional.test_a_root_module_named_like_a_standard_library_one_crashes_every_worker) ... ok
test_the_plugin_sentence_names_p_no_xdist_in_addopts_as_the_same_case (test_xdist_words.ThePageNamesTheTwoWaysToFailAndTheConditional.test_the_plugin_sentence_names_p_no_xdist_in_addopts_as_the_same_case) ... ok
test_the_script_and_the_page_carry_the_same_flags (test_xdist_words.ThePluginLoadsWhateverTheAutoloadSetting.test_the_script_and_the_page_carry_the_same_flags) ... created: /tmp/tmp0u3xox_b/shop
ok
test_workers_start_with_autoload_off_and_no_double_registration_with_it_on (test_xdist_words.ThePluginLoadsWhateverTheAutoloadSetting.test_workers_start_with_autoload_off_and_no_double_registration_with_it_on) ... created: /tmp/tmpxpetk9j4/shop
ok

----------------------------------------------------------------------
Ran 1955 tests in 2490.050s

OK (skipped=8)

verify: all gates passed
end 2026-10-05T07:49:48Z exit=0 wall=2492.348000134s
